{"$type":"System.Collections.Generic.List`1[[Sitecore.Commerce.Plugin.Inventory.InventoryInformation, Sitecore.Commerce.Plugin.Inventory]], mscorlib","$values":[{"$type":"Sitecore.Commerce.Plugin.Inventory.InventoryInformation, Sitecore.Commerce.Plugin.Inventory","InventorySet":{"$type":"Sitecore.Commerce.Core.EntityReference, Sitecore.Commerce.Core","Name":"","EntityTarget":"Entity-InventorySet-Adventure Works Inventory","Policies":{"$type":"System.Collections.Generic.List`1[[Sitecore.Commerce.Core.Policy, Sitecore.Commerce.Core]], mscorlib","$values":[]}},"SellableItem":{"$type":"Sitecore.Commerce.Core.EntityReference, Sitecore.Commerce.Core","Name":"","EntityTarget":"Entity-SellableItem-AW045 03","Policies":{"$type":"System.Collections.Generic.List`1[[Sitecore.Commerce.Core.Policy, Sitecore.Commerce.Core]], mscorlib","$values":[]}},"VariationId":"50","Quantity":10000,"InvoiceUnitPrice":{"$type":"Sitecore.Commerce.Core.Money, Sitecore.Commerce.Core","CurrencyCode":"USD","Amount":0.0},"Components":{"$type":"System.Collections.Generic.List`1[[Sitecore.Commerce.Core.Component, Sitecore.Commerce.Core]], mscorlib","$values":[{"$type":"Sitecore.Commerce.Plugin.Inventory.BackorderableComponent, Sitecore.Commerce.Plugin.Inventory","Backorderable":false,"BackorderedQuantity":0,"Id":"2b46d08b894d4ce2beff5dfd5157455f","Name":"","Comments":"","Policies":{"$type":"System.Collections.Generic.List`1[[Sitecore.Commerce.Core.Policy, Sitecore.Commerce.Core]], mscorlib","$values":[]},"ChildComponents":{"$type":"System.Collections.Generic.List`1[[Sitecore.Commerce.Core.Component, Sitecore.Commerce.Core]], mscorlib","$values":[]}},{"$type":"Sitecore.Commerce.Plugin.Inventory.PreorderableComponent, Sitecore.Commerce.Plugin.Inventory","Preorderable":false,"PreorderedQuantity":0,"Id":"666d7915827d49f7901f89cc52bb5b4b","Name":"","Comments":"","Policies":{"$type":"System.Collections.Generic.List`1[[Sitecore.Commerce.Core.Policy, Sitecore.Commerce.Core]], mscorlib","$values":[]},"ChildComponents":{"$type":"System.Collections.Generic.List`1[[Sitecore.Commerce.Core.Component, Sitecore.Commerce.Core]], mscorlib","$values":[]}}]},"DateCreated":"2018-06-12T13:36:03.166745+00:00","DateUpdated":"2018-06-12T13:36:03.166745+00:00","DisplayName":"Adventure Works Inventory-AW045 03-50","FriendlyId":"Adventure Works Inventory-AW045 03-50","Id":"Entity-InventoryInformation-Adventure Works Inventory-AW045 03-50","Version":0,"IsPersisted":false,"Name":"Adventure Works Inventory-AW045 03-50","Policies":{"$type":"System.Collections.Generic.List`1[[Sitecore.Commerce.Core.Policy, Sitecore.Commerce.Core]], mscorlib","$values":[]}},{"$type":"Sitecore.Commerce.Plugin.Inventory.InventoryInformation, Sitecore.Commerce.Plugin.Inventory","InventorySet":{"$type":"Sitecore.Commerce.Core.EntityReference, Sitecore.Commerce.Core","Name":"","EntityTarget":"Entity-InventorySet-Adventure Works Inventory","Policies":{"$type":"System.Collections.Generic.List`1[[Sitecore.Commerce.Core.Policy, Sitecore.Commerce.Core]], mscorlib","$values":[]}},"SellableItem":{"$type":"Sitecore.Commerce.Core.EntityReference, Sitecore.Commerce.Core","Name":"","EntityTarget":"Entity-SellableItem-AW013 08","Policies":{"$type":"System.Collections.Generic.List`1[[Sitecore.Commerce.Core.Policy, Sitecore.Commerce.Core]], mscorlib","$values":[]}},"Quantity":10000,"InvoiceUnitPrice":{"$type":"Sitecore.Commerce.Core.Money, Sitecore.Commerce.Core","CurrencyCode":"USD","Amount":0.0},"Components":{"$type":"System.Collections.Generic.List`1[[Sitecore.Commerce.Core.Component, Sitecore.Commerce.Core]], mscorlib","$values":[{"$type":"Sitecore.Commerce.Plugin.Inventory.BackorderableComponent, Sitecore.Commerce.Plugin.Inventory","Backorderable":false,"BackorderedQuantity":0,"Id":"ac0b4798d69a43219110a288f9c824fe","Name":"","Comments":"","Policies":{"$type":"System.Collections.Generic.List`1[[Sitecore.Commerce.Core.Policy, Sitecore.Commerce.Core]], mscorlib","$values":[]},"ChildComponents":{"$type":"System.Collections.Generic.List`1[[Sitecore.Commerce.Core.Component, Sitecore.Commerce.Core]], mscorlib","$values":[]}},{"$type":"Sitecore.Commerce.Plugin.Inventory.PreorderableComponent, Sitecore.Commerce.Plugin.Inventory","Preorderable":false,"PreorderedQuantity":0,"Id":"e5aa69b2de994ddabdcace98e4be68eb","Name":"","Comments":"","Policies":{"$type":"System.Collections.Generic.List`1[[Sitecore.Commerce.Core.Policy, Sitecore.Commerce.Core]], mscorlib","$values":[]},"ChildComponents":{"$type":"System.Collections.Generic.List`1[[Sitecore.Commerce.Core.Component, Sitecore.Commerce.Core]], mscorlib","$values":[]}}]},"DateCreated":"2018-06-12T13:36:03.166745+00:00","DateUpdated":"2018-06-12T13:36:03.166745+00:00","DisplayName":"Adventure Works Inventory-AW013 08","FriendlyId":"Adventure Works Inventory-AW013 08","Id":"Entity-InventoryInformation-Adventure Works Inventory-AW013 08","Version":0,"IsPersisted":false,"Name":"Adventure Works Inventory-AW013 08","Policies":{"$type":"System.Collections.Generic.List`1[[Sitecore.Commerce.Core.Policy, Sitecore.Commerce.Core]], mscorlib","$values":[]}},{"$type":"Sitecore.Commerce.Plugin.Inventory.InventoryInformation, Sitecore.Commerce.Plugin.Inventory","InventorySet":{"$type":"Sitecore.Commerce.Core.EntityReference, Sitecore.Commerce.Core","Name":"","EntityTarget":"Entity-InventorySet-Adventure Works Inventory","Policies":{"$type":"System.Collections.Generic.List`1[[Sitecore.Commerce.Core.Policy, Sitecore.Commerce.Core]], mscorlib","$values":[]}},"SellableItem":{"$type":"Sitecore.Commerce.Core.EntityReference, Sitecore.Commerce.Core","Name":"","EntityTarget":"Entity-SellableItem-AW048 01","Policies":{"$type":"System.Collections.Generic.List`1[[Sitecore.Commerce.Core.Policy, Sitecore.Commerce.Core]], mscorlib","$values":[]}},"VariationId":"41","Quantity":10000,"InvoiceUnitPrice":{"$type":"Sitecore.Commerce.Core.Money, Sitecore.Commerce.Core","CurrencyCode":"USD","Amount":0.0},"Components":{"$type":"System.Collections.Generic.List`1[[Sitecore.Commerce.Core.Component, Sitecore.Commerce.Core]], mscorlib","$values":[{"$type":"Sitecore.Commerce.Plugin.Inventory.BackorderableComponent, Sitecore.Commerce.Plugin.Inventory","Backorderable":false,"BackorderedQuantity":0,"Id":"d7e6a0024e054fd29d41605ae623d60c","Name":"","Comments":"","Policies":{"$type":"System.Collections.Generic.List`1[[Sitecore.Commerce.Core.Policy, Sitecore.Commerce.Core]], mscorlib","$values":[]},"ChildComponents":{"$type":"System.Collections.Generic.List`1[[Sitecore.Commerce.Core.Component, Sitecore.Commerce.Core]], mscorlib","$values":[]}},{"$type":"Sitecore.Commerce.Plugin.Inventory.PreorderableComponent, Sitecore.Commerce.Plugin.Inventory","Preorderable":false,"PreorderedQuantity":0,"Id":"ccab2a22f33e49d989945301da680688","Name":"","Comments":"","Policies":{"$type":"System.Collections.Generic.List`1[[Sitecore.Commerce.Core.Policy, Sitecore.Commerce.Core]], mscorlib","$values":[]},"ChildComponents":{"$type":"System.Collections.Generic.List`1[[Sitecore.Commerce.Core.Component, Sitecore.Commerce.Core]], mscorlib","$values":[]}}]},"DateCreated":"2018-06-12T13:36:03.166745+00:00","DateUpdated":"2018-06-12T13:36:03.166745+00:00","DisplayName":"Adventure Works Inventory-AW048 01-41","FriendlyId":"Adventure Works Inventory-AW048 01-41","Id":"Entity-InventoryInformation-Adventure Works Inventory-AW048 01-41","Version":0,"IsPersisted":false,"Name":"Adventure Works Inventory-AW048 01-41","Policies":{"$type":"System.Collections.Generic.List`1[[Sitecore.Commerce.Core.Policy, Sitecore.Commerce.Core]], mscorlib","$values":[]}},{"$type":"Sitecore.Commerce.Plugin.Inventory.InventoryInformation, Sitecore.Commerce.Plugin.Inventory","InventorySet":{"$type":"Sitecore.Commerce.Core.EntityReference, Sitecore.Commerce.Core","Name":"","EntityTarget":"Entity-InventorySet-Adventure Works Inventory","Policies":{"$type":"System.Collections.Generic.List`1[[Sitecore.Commerce.Core.Policy, Sitecore.Commerce.Core]], mscorlib","$values":[]}},"SellableItem":{"$type":"Sitecore.Commerce.Core.EntityReference, Sitecore.Commerce.Core","Name":"","EntityTarget":"Entity-SellableItem-AW029 03","Policies":{"$type":"System.Collections.Generic.List`1[[Sitecore.Commerce.Core.Policy, Sitecore.Commerce.Core]], mscorlib","$values":[]}},"VariationId":"56","Quantity":10000,"InvoiceUnitPrice":{"$type":"Sitecore.Commerce.Core.Money, Sitecore.Commerce.Core","CurrencyCode":"USD","Amount":0.0},"Components":{"$type":"System.Collections.Generic.List`1[[Sitecore.Commerce.Core.Component, Sitecore.Commerce.Core]], mscorlib","$values":[{"$type":"Sitecore.Commerce.Plugin.Inventory.BackorderableComponent, Sitecore.Commerce.Plugin.Inventory","Backorderable":false,"BackorderedQuantity":0,"Id":"37c539776dce4c44a63762a22720a4ad","Name":"","Comments":"","Policies":{"$type":"System.Collections.Generic.List`1[[Sitecore.Commerce.Core.Policy, Sitecore.Commerce.Core]], mscorlib","$values":[]},"ChildComponents":{"$type":"System.Collections.Generic.List`1[[Sitecore.Commerce.Core.Component, Sitecore.Commerce.Core]], mscorlib","$values":[]}},{"$type":"Sitecore.Commerce.Plugin.Inventory.PreorderableComponent, Sitecore.Commerce.Plugin.Inventory","Preorderable":false,"PreorderedQuantity":0,"Id":"e1839f5ed49745a0814307d7083b4592","Name":"","Comments":"","Policies":{"$type":"System.Collections.Generic.List`1[[Sitecore.Commerce.Core.Policy, Sitecore.Commerce.Core]], mscorlib","$values":[]},"ChildComponents":{"$type":"System.Collections.Generic.List`1[[Sitecore.Commerce.Core.Component, Sitecore.Commerce.Core]], mscorlib","$values":[]}}]},"DateCreated":"2018-06-12T13:36:03.166745+00:00","DateUpdated":"2018-06-12T13:36:03.166745+00:00","DisplayName":"Adventure Works Inventory-AW029 03-56","FriendlyId":"Adventure Works Inventory-AW029 03-56","Id":"Entity-InventoryInformation-Adventure Works Inventory-AW029 03-56","Version":0,"IsPersisted":false,"Name":"Adventure Works Inventory-AW029 03-56","Policies":{"$type":"System.Collections.Generic.List`1[[Sitecore.Commerce.Core.Policy, Sitecore.Commerce.Core]], mscorlib","$values":[]}},{"$type":"Sitecore.Commerce.Plugin.Inventory.InventoryInformation, Sitecore.Commerce.Plugin.Inventory","InventorySet":{"$type":"Sitecore.Commerce.Core.EntityReference, Sitecore.Commerce.Core","Name":"","EntityTarget":"Entity-InventorySet-Adventure Works Inventory","Policies":{"$type":"System.Collections.Generic.List`1[[Sitecore.Commerce.Core.Policy, Sitecore.Commerce.Core]], mscorlib","$values":[]}},"SellableItem":{"$type":"Sitecore.Commerce.Core.EntityReference, Sitecore.Commerce.Core","Name":"","EntityTarget":"Entity-SellableItem-AW140 13","Policies":{"$type":"System.Collections.Generic.List`1[[Sitecore.Commerce.Core.Policy, Sitecore.Commerce.Core]], mscorlib","$values":[]}},"VariationId":"41","Quantity":10000,"InvoiceUnitPrice":{"$type":"Sitecore.Commerce.Core.Money, Sitecore.Commerce.Core","CurrencyCode":"USD","Amount":0.0},"Components":{"$type":"System.Collections.Generic.List`1[[Sitecore.Commerce.Core.Component, Sitecore.Commerce.Core]], mscorlib","$values":[{"$type":"Sitecore.Commerce.Plugin.Inventory.BackorderableComponent, Sitecore.Commerce.Plugin.Inventory","Backorderable":false,"BackorderedQuantity":0,"Id":"1af51655210c4d68886652f5201fed87","Name":"","Comments":"","Policies":{"$type":"System.Collections.Generic.List`1[[Sitecore.Commerce.Core.Policy, Sitecore.Commerce.Core]], mscorlib","$values":[]},"ChildComponents":{"$type":"System.Collections.Generic.List`1[[Sitecore.Commerce.Core.Component, Sitecore.Commerce.Core]], mscorlib","$values":[]}},{"$type":"Sitecore.Commerce.Plugin.Inventory.PreorderableComponent, Sitecore.Commerce.Plugin.Inventory","Preorderable":false,"PreorderedQuantity":0,"Id":"63daa00c7f134aaf93e5ec3406c881f8","Name":"","Comments":"","Policies":{"$type":"System.Collections.Generic.List`1[[Sitecore.Commerce.Core.Policy, Sitecore.Commerce.Core]], mscorlib","$values":[]},"ChildComponents":{"$type":"System.Collections.Generic.List`1[[Sitecore.Commerce.Core.Component, Sitecore.Commerce.Core]], mscorlib","$values":[]}}]},"DateCreated":"2018-06-12T13:36:03.166745+00:00","DateUpdated":"2018-06-12T13:36:03.166745+00:00","DisplayName":"Adventure Works Inventory-AW140 13-41","FriendlyId":"Adventure Works Inventory-AW140 13-41","Id":"Entity-InventoryInformation-Adventure Works Inventory-AW140 13-41","Version":0,"IsPersisted":false,"Name":"Adventure Works Inventory-AW140 13-41","Policies":{"$type":"System.Collections.Generic.List`1[[Sitecore.Commerce.Core.Policy, Sitecore.Commerce.Core]], mscorlib","$values":[]}},{"$type":"Sitecore.Commerce.Plugin.Inventory.InventoryInformation, Sitecore.Commerce.Plugin.Inventory","InventorySet":{"$type":"Sitecore.Commerce.Core.EntityReference, Sitecore.Commerce.Core","Name":"","EntityTarget":"Entity-InventorySet-Adventure Works Inventory","Policies":{"$type":"System.Collections.Generic.List`1[[Sitecore.Commerce.Core.Policy, Sitecore.Commerce.Core]], mscorlib","$values":[]}},"SellableItem":{"$type":"Sitecore.Commerce.Core.EntityReference, Sitecore.Commerce.Core","Name":"","EntityTarget":"Entity-SellableItem-AW046 01","Policies":{"$type":"System.Collections.Generic.List`1[[Sitecore.Commerce.Core.Policy, Sitecore.Commerce.Core]], mscorlib","$values":[]}},"VariationId":"30","Quantity":10000,"InvoiceUnitPrice":{"$type":"Sitecore.Commerce.Core.Money, Sitecore.Commerce.Core","CurrencyCode":"USD","Amount":0.0},"Components":{"$type":"System.Collections.Generic.List`1[[Sitecore.Commerce.Core.Component, Sitecore.Commerce.Core]], mscorlib","$values":[{"$type":"Sitecore.Commerce.Plugin.Inventory.BackorderableComponent, Sitecore.Commerce.Plugin.Inventory","Backorderable":false,"BackorderedQuantity":0,"Id":"1def6d74933c40e6be2710ac122c522d","Name":"","Comments":"","Policies":{"$type":"System.Collections.Generic.List`1[[Sitecore.Commerce.Core.Policy, Sitecore.Commerce.Core]], mscorlib","$values":[]},"ChildComponents":{"$type":"System.Collections.Generic.List`1[[Sitecore.Commerce.Core.Component, Sitecore.Commerce.Core]], mscorlib","$values":[]}},{"$type":"Sitecore.Commerce.Plugin.Inventory.PreorderableComponent, Sitecore.Commerce.Plugin.Inventory","Preorderable":false,"PreorderedQuantity":0,"Id":"275666036dc84a028083543bd9ad8ffc","Name":"","Comments":"","Policies":{"$type":"System.Collections.Generic.List`1[[Sitecore.Commerce.Core.Policy, Sitecore.Commerce.Core]], mscorlib","$values":[]},"ChildComponents":{"$type":"System.Collections.Generic.List`1[[Sitecore.Commerce.Core.Component, Sitecore.Commerce.Core]], mscorlib","$values":[]}}]},"DateCreated":"2018-06-12T13:36:03.166745+00:00","DateUpdated":"2018-06-12T13:36:03.166745+00:00","DisplayName":"Adventure Works Inventory-AW046 01-30","FriendlyId":"Adventure Works Inventory-AW046 01-30","Id":"Entity-InventoryInformation-Adventure Works Inventory-AW046 01-30","Version":0,"IsPersisted":false,"Name":"Adventure Works Inventory-AW046 01-30","Policies":{"$type":"System.Collections.Generic.List`1[[Sitecore.Commerce.Core.Policy, Sitecore.Commerce.Core]], mscorlib","$values":[]}},{"$type":"Sitecore.Commerce.Plugin.Inventory.InventoryInformation, Sitecore.Commerce.Plugin.Inventory","InventorySet":{"$type":"Sitecore.Commerce.Core.EntityReference, Sitecore.Commerce.Core","Name":"","EntityTarget":"Entity-InventorySet-Adventure Works Inventory","Policies":{"$type":"System.Collections.Generic.List`1[[Sitecore.Commerce.Core.Policy, Sitecore.Commerce.Core]], mscorlib","$values":[]}},"SellableItem":{"$type":"Sitecore.Commerce.Core.EntityReference, Sitecore.Commerce.Core","Name":"","EntityTarget":"Entity-SellableItem-AW029 03","Policies":{"$type":"System.Collections.Generic.List`1[[Sitecore.Commerce.Core.Policy, Sitecore.Commerce.Core]], mscorlib","$values":[]}},"VariationId":"55","Quantity":10000,"InvoiceUnitPrice":{"$type":"Sitecore.Commerce.Core.Money, Sitecore.Commerce.Core","CurrencyCode":"USD","Amount":0.0},"Components":{"$type":"System.Collections.Generic.List`1[[Sitecore.Commerce.Core.Component, Sitecore.Commerce.Core]], mscorlib","$values":[{"$type":"Sitecore.Commerce.Plugin.Inventory.BackorderableComponent, Sitecore.Commerce.Plugin.Inventory","Backorderable":false,"BackorderedQuantity":0,"Id":"bb2dc05e5bff440e8bab3ac2ace619db","Name":"","Comments":"","Policies":{"$type":"System.Collections.Generic.List`1[[Sitecore.Commerce.Core.Policy, Sitecore.Commerce.Core]], mscorlib","$values":[]},"ChildComponents":{"$type":"System.Collections.Generic.List`1[[Sitecore.Commerce.Core.Component, Sitecore.Commerce.Core]], mscorlib","$values":[]}},{"$type":"Sitecore.Commerce.Plugin.Inventory.PreorderableComponent, Sitecore.Commerce.Plugin.Inventory","Preorderable":false,"PreorderedQuantity":0,"Id":"460ac54f9ff74e038cddc68d3ff0753f","Name":"","Comments":"","Policies":{"$type":"System.Collections.Generic.List`1[[Sitecore.Commerce.Core.Policy, Sitecore.Commerce.Core]], mscorlib","$values":[]},"ChildComponents":{"$type":"System.Collections.Generic.List`1[[Sitecore.Commerce.Core.Component, Sitecore.Commerce.Core]], mscorlib","$values":[]}}]},"DateCreated":"2018-06-12T13:36:03.166745+00:00","DateUpdated":"2018-06-12T13:36:03.166745+00:00","DisplayName":"Adventure Works Inventory-AW029 03-55","FriendlyId":"Adventure Works Inventory-AW029 03-55","Id":"Entity-InventoryInformation-Adventure Works Inventory-AW029 03-55","Version":0,"IsPersisted":false,"Name":"Adventure Works Inventory-AW029 03-55","Policies":{"$type":"System.Collections.Generic.List`1[[Sitecore.Commerce.Core.Policy, Sitecore.Commerce.Core]], mscorlib","$values":[]}},{"$type":"Sitecore.Commerce.Plugin.Inventory.InventoryInformation, Sitecore.Commerce.Plugin.Inventory","InventorySet":{"$type":"Sitecore.Commerce.Core.EntityReference, Sitecore.Commerce.Core","Name":"","EntityTarget":"Entity-InventorySet-Adventure Works Inventory","Policies":{"$type":"System.Collections.Generic.List`1[[Sitecore.Commerce.Core.Policy, Sitecore.Commerce.Core]], mscorlib","$values":[]}},"SellableItem":{"$type":"Sitecore.Commerce.Core.EntityReference, Sitecore.Commerce.Core","Name":"","EntityTarget":"Entity-SellableItem-AW325 13","Policies":{"$type":"System.Collections.Generic.List`1[[Sitecore.Commerce.Core.Policy, Sitecore.Commerce.Core]], mscorlib","$values":[]}},"VariationId":"40","Quantity":10000,"InvoiceUnitPrice":{"$type":"Sitecore.Commerce.Core.Money, Sitecore.Commerce.Core","CurrencyCode":"USD","Amount":0.0},"Components":{"$type":"System.Collections.Generic.List`1[[Sitecore.Commerce.Core.Component, Sitecore.Commerce.Core]], mscorlib","$values":[{"$type":"Sitecore.Commerce.Plugin.Inventory.BackorderableComponent, Sitecore.Commerce.Plugin.Inventory","Backorderable":false,"BackorderedQuantity":0,"Id":"aac9066ac54e43848ea1fb595b095b98","Name":"","Comments":"","Policies":{"$type":"System.Collections.Generic.List`1[[Sitecore.Commerce.Core.Policy, Sitecore.Commerce.Core]], mscorlib","$values":[]},"ChildComponents":{"$type":"System.Collections.Generic.List`1[[Sitecore.Commerce.Core.Component, Sitecore.Commerce.Core]], mscorlib","$values":[]}},{"$type":"Sitecore.Commerce.Plugin.Inventory.PreorderableComponent, Sitecore.Commerce.Plugin.Inventory","Preorderable":false,"PreorderedQuantity":0,"Id":"3404a573d0ce48e7ba6df48270f4cac5","Name":"","Comments":"","Policies":{"$type":"System.Collections.Generic.List`1[[Sitecore.Commerce.Core.Policy, Sitecore.Commerce.Core]], mscorlib","$values":[]},"ChildComponents":{"$type":"System.Collections.Generic.List`1[[Sitecore.Commerce.Core.Component, Sitecore.Commerce.Core]], mscorlib","$values":[]}}]},"DateCreated":"2018-06-12T13:36:03.166745+00:00","DateUpdated":"2018-06-12T13:36:03.166745+00:00","DisplayName":"Adventure Works Inventory-AW325 13-40","FriendlyId":"Adventure Works Inventory-AW325 13-40","Id":"Entity-InventoryInformation-Adventure Works Inventory-AW325 13-40","Version":0,"IsPersisted":false,"Name":"Adventure Works Inventory-AW325 13-40","Policies":{"$type":"System.Collections.Generic.List`1[[Sitecore.Commerce.Core.Policy, Sitecore.Commerce.Core]], mscorlib","$values":[]}},{"$type":"Sitecore.Commerce.Plugin.Inventory.InventoryInformation, Sitecore.Commerce.Plugin.Inventory","InventorySet":{"$type":"Sitecore.Commerce.Core.EntityReference, Sitecore.Commerce.Core","Name":"","EntityTarget":"Entity-InventorySet-Adventure Works Inventory","Policies":{"$type":"System.Collections.Generic.List`1[[Sitecore.Commerce.Core.Policy, Sitecore.Commerce.Core]], mscorlib","$values":[]}},"SellableItem":{"$type":"Sitecore.Commerce.Core.EntityReference, Sitecore.Commerce.Core","Name":"","EntityTarget":"Entity-SellableItem-AW042 03","Policies":{"$type":"System.Collections.Generic.List`1[[Sitecore.Commerce.Core.Policy, Sitecore.Commerce.Core]], mscorlib","$values":[]}},"VariationId":"63","Quantity":10000,"InvoiceUnitPrice":{"$type":"Sitecore.Commerce.Core.Money, Sitecore.Commerce.Core","CurrencyCode":"USD","Amount":0.0},"Components":{"$type":"System.Collections.Generic.List`1[[Sitecore.Commerce.Core.Component, Sitecore.Commerce.Core]], mscorlib","$values":[{"$type":"Sitecore.Commerce.Plugin.Inventory.BackorderableComponent, Sitecore.Commerce.Plugin.Inventory","Backorderable":false,"BackorderedQuantity":0,"Id":"8c165d8dcb3742d499df1e80f2d132ed","Name":"","Comments":"","Policies":{"$type":"System.Collections.Generic.List`1[[Sitecore.Commerce.Core.Policy, Sitecore.Commerce.Core]], mscorlib","$values":[]},"ChildComponents":{"$type":"System.Collections.Generic.List`1[[Sitecore.Commerce.Core.Component, Sitecore.Commerce.Core]], mscorlib","$values":[]}},{"$type":"Sitecore.Commerce.Plugin.Inventory.PreorderableComponent, Sitecore.Commerce.Plugin.Inventory","Preorderable":false,"PreorderedQuantity":0,"Id":"1c91fac82a5a441597b40d1c2cb05394","Name":"","Comments":"","Policies":{"$type":"System.Collections.Generic.List`1[[Sitecore.Commerce.Core.Policy, Sitecore.Commerce.Core]], mscorlib","$values":[]},"ChildComponents":{"$type":"System.Collections.Generic.List`1[[Sitecore.Commerce.Core.Component, Sitecore.Commerce.Core]], mscorlib","$values":[]}}]},"DateCreated":"2018-06-12T13:36:03.166745+00:00","DateUpdated":"2018-06-12T13:36:03.166745+00:00","DisplayName":"Adventure Works Inventory-AW042 03-63","FriendlyId":"Adventure Works Inventory-AW042 03-63","Id":"Entity-InventoryInformation-Adventure Works Inventory-AW042 03-63","Version":0,"IsPersisted":false,"Name":"Adventure Works Inventory-AW042 03-63","Policies":{"$type":"System.Collections.Generic.List`1[[Sitecore.Commerce.Core.Policy, Sitecore.Commerce.Core]], mscorlib","$values":[]}},{"$type":"Sitecore.Commerce.Plugin.Inventory.InventoryInformation, Sitecore.Commerce.Plugin.Inventory","InventorySet":{"$type":"Sitecore.Commerce.Core.EntityReference, Sitecore.Commerce.Core","Name":"","EntityTarget":"Entity-InventorySet-Adventure Works Inventory","Policies":{"$type":"System.Collections.Generic.List`1[[Sitecore.Commerce.Core.Policy, Sitecore.Commerce.Core]], mscorlib","$values":[]}},"SellableItem":{"$type":"Sitecore.Commerce.Core.EntityReference, Sitecore.Commerce.Core","Name":"","EntityTarget":"Entity-SellableItem-AW125 06","Policies":{"$type":"System.Collections.Generic.List`1[[Sitecore.Commerce.Core.Policy, Sitecore.Commerce.Core]], mscorlib","$values":[]}},"VariationId":"25","Quantity":10000,"InvoiceUnitPrice":{"$type":"Sitecore.Commerce.Core.Money, Sitecore.Commerce.Core","CurrencyCode":"USD","Amount":0.0},"Components":{"$type":"System.Collections.Generic.List`1[[Sitecore.Commerce.Core.Component, Sitecore.Commerce.Core]], mscorlib","$values":[{"$type":"Sitecore.Commerce.Plugin.Inventory.BackorderableComponent, Sitecore.Commerce.Plugin.Inventory","Backorderable":false,"BackorderedQuantity":0,"Id":"1bb38d1396ba44b0bfd4641dcecc1aa7","Name":"","Comments":"","Policies":{"$type":"System.Collections.Generic.List`1[[Sitecore.Commerce.Core.Policy, Sitecore.Commerce.Core]], mscorlib","$values":[]},"ChildComponents":{"$type":"System.Collections.Generic.List`1[[Sitecore.Commerce.Core.Component, Sitecore.Commerce.Core]], mscorlib","$values":[]}},{"$type":"Sitecore.Commerce.Plugin.Inventory.PreorderableComponent, Sitecore.Commerce.Plugin.Inventory","Preorderable":false,"PreorderedQuantity":0,"Id":"df730a2173d2419f93b5a6501052d3c5","Name":"","Comments":"","Policies":{"$type":"System.Collections.Generic.List`1[[Sitecore.Commerce.Core.Policy, Sitecore.Commerce.Core]], mscorlib","$values":[]},"ChildComponents":{"$type":"System.Collections.Generic.List`1[[Sitecore.Commerce.Core.Component, Sitecore.Commerce.Core]], mscorlib","$values":[]}}]},"DateCreated":"2018-06-12T13:36:03.166745+00:00","DateUpdated":"2018-06-12T13:36:03.166745+00:00","DisplayName":"Adventure Works Inventory-AW125 06-25","FriendlyId":"Adventure Works Inventory-AW125 06-25","Id":"Entity-InventoryInformation-Adventure Works Inventory-AW125 06-25","Version":0,"IsPersisted":false,"Name":"Adventure Works Inventory-AW125 06-25","Policies":{"$type":"System.Collections.Generic.List`1[[Sitecore.Commerce.Core.Policy, Sitecore.Commerce.Core]], mscorlib","$values":[]}}]}