{"$type":"System.Collections.Generic.List`1[[Sitecore.Commerce.Plugin.Inventory.InventorySet, Sitecore.Commerce.Plugin.Inventory]], mscorlib","$values":[{"$type":"Sitecore.Commerce.Plugin.Inventory.InventorySet, Sitecore.Commerce.Plugin.Inventory","Description":"This inventory catalog contains inventory for the sample Adventure Works Catalog","Components":{"$type":"System.Collections.Generic.List`1[[Sitecore.Commerce.Core.Component, Sitecore.Commerce.Core]], mscorlib","$values":[]},"DateCreated":"2018-06-12T13:36:03.0977392+00:00","DateUpdated":"2015-12-22T18:00:57+00:00","DisplayName":"Adventure Works Inventory","FriendlyId":"Adventure Works Inventory","Id":"Entity-InventorySet-Adventure Works Inventory","Version":0,"IsPersisted":false,"Name":"Adventure Works Inventory","Policies":{"$type":"System.Collections.Generic.List`1[[Sitecore.Commerce.Core.Policy, Sitecore.Commerce.Core]], mscorlib","$values":[]}}]}