{"$type":"System.Collections.Generic.List`1[[Sitecore.Commerce.Plugin.Catalog.Catalog, Sitecore.Commerce.Plugin.Catalog]], mscorlib","$values":[{"$type":"Sitecore.Commerce.Plugin.Catalog.Catalog, Sitecore.Commerce.Plugin.Catalog","PriceBookName":"","PromotionBookName":"","DefaultInventorySetName":"Adventure Works Inventory","SitecoreId":"6341f64d-8213-fdda-402e-df49207158a4","ChildrenCategoryList":"7e75f9d5-312d-0a20-64a5-a87cb7b1c384|fc63c52f-2f4a-c6f6-2c0e-32ee86b028c7","Components":{"$type":"System.Collections.Generic.List`1[[Sitecore.Commerce.Core.Component, Sitecore.Commerce.Core]], mscorlib","$values":[{"$type":"Sitecore.Commerce.Core.LocalizedEntityComponent, Sitecore.Commerce.Core","Entity":{"$type":"Sitecore.Commerce.Core.EntityReference, Sitecore.Commerce.Core","Name":"","EntityTarget":"Entity-LocalizationEntity-dd24395c89574769b9c2fddb58440d59","Policies":{"$type":"System.Collections.Generic.List`1[[Sitecore.Commerce.Core.Policy, Sitecore.Commerce.Core]], mscorlib","$values":[]}},"Id":"ba802b8629c4438e8c145bb6545377db","Name":"","Comments":"","Policies":{"$type":"System.Collections.Generic.List`1[[Sitecore.Commerce.Core.Policy, Sitecore.Commerce.Core]], mscorlib","$values":[]},"ChildComponents":{"$type":"System.Collections.Generic.List`1[[Sitecore.Commerce.Core.Component, Sitecore.Commerce.Core]], mscorlib","$values":[]}},{"$type":"Sitecore.Commerce.Plugin.Catalog.ItemDefinitionsComponent, Sitecore.Commerce.Plugin.Catalog","Definitions":{"$type":"System.Collections.Generic.List`1[[System.String, mscorlib]], mscorlib","$values":["Backpack","Boots","Carabiner","Crampon","GiftCard","GiftCardV2","GiftWrap","Harness","ItemBundle","Pants","Parka","Product","Rockshoes","Shirts","SleepingBag","Supplies","Tents"]},"Id":"25d75e439aac4af4b671a0bf1aef8fe1","Name":"","Comments":"","Policies":{"$type":"System.Collections.Generic.List`1[[Sitecore.Commerce.Core.Policy, Sitecore.Commerce.Core]], mscorlib","$values":[]},"ChildComponents":{"$type":"System.Collections.Generic.List`1[[Sitecore.Commerce.Core.Component, Sitecore.Commerce.Core]], mscorlib","$values":[]}}]},"DateCreated":"2018-06-12T13:36:03.1937385+00:00","DateUpdated":"2016-11-22T20:35:02+00:00","DisplayName":"Adventure Works Catalog","FriendlyId":"Adventure Works Catalog","Id":"Entity-Catalog-Adventure Works Catalog","Version":0,"IsPersisted":false,"Name":"Adventure Works Catalog","Policies":{"$type":"System.Collections.Generic.List`1[[Sitecore.Commerce.Core.Policy, Sitecore.Commerce.Core]], mscorlib","$values":[]}}]}