{"$type":"System.Collections.Generic.List`1[[Sitecore.Commerce.Plugin.Catalog.Category, Sitecore.Commerce.Plugin.Catalog]], mscorlib","$values":[{"$type":"Sitecore.Commerce.Plugin.Catalog.Category, Sitecore.Commerce.Plugin.Catalog","Description":"Catalog Section for Shirts","SitecoreId":"4563617d-3547-eeb4-8a51-75bd1c476bae","ParentCatalogList":"6341f64d-8213-fdda-402e-df49207158a4","ParentCategoryList":"7e75f9d5-312d-0a20-64a5-a87cb7b1c384","ChildrenSellableItemList":"4e24821f-7c22-b481-445d-93b63e0f6d44|e5d1dfb1-5b31-0832-be0a-dfbd4ef98d85|b35e3355-9cce-c85a-ce8e-2bafe7fa500a|99bc5a94-4457-c6f8-1898-ec98608cf333","Components":{"$type":"System.Collections.Generic.List`1[[Sitecore.Commerce.Core.Component, Sitecore.Commerce.Core]], mscorlib","$values":[{"$type":"Sitecore.Commerce.Plugin.Catalog.CatalogsComponent, Sitecore.Commerce.Plugin.Catalog","Id":"51364b20a0714e4080928096d1ce1f7d","Name":"","Comments":"","Policies":{"$type":"System.Collections.Generic.List`1[[Sitecore.Commerce.Core.Policy, Sitecore.Commerce.Core]], mscorlib","$values":[]},"ChildComponents":{"$type":"System.Collections.Generic.List`1[[Sitecore.Commerce.Core.Component, Sitecore.Commerce.Core]], mscorlib","$values":[{"$type":"Sitecore.Commerce.Plugin.Catalog.CatalogComponent, Sitecore.Commerce.Plugin.Catalog","ChildCategories":{"$type":"System.Collections.Generic.List`1[[Sitecore.Commerce.Plugin.Catalog.Category, Sitecore.Commerce.Plugin.Catalog]], mscorlib","$values":[]},"CatalogLanguages":{"$type":"System.Collections.Generic.List`1[[Sitecore.Commerce.Core.Language, Sitecore.Commerce.Core]], mscorlib","$values":[]},"ItemDefinition":"","Id":"fe7c6abc29104747906882481fd54597","Name":"Adventure Works Catalog","Comments":"","Policies":{"$type":"System.Collections.Generic.List`1[[Sitecore.Commerce.Core.Policy, Sitecore.Commerce.Core]], mscorlib","$values":[]},"ChildComponents":{"$type":"System.Collections.Generic.List`1[[Sitecore.Commerce.Core.Component, Sitecore.Commerce.Core]], mscorlib","$values":[]}}]}},{"$type":"Sitecore.Commerce.Core.MessagesComponent, Sitecore.Commerce.Core","Messages":{"$type":"System.Collections.Generic.List`1[[Sitecore.Commerce.Core.MessageModel, Sitecore.Commerce.Core]], mscorlib","$values":[{"$type":"Sitecore.Commerce.Core.MessageModel, Sitecore.Commerce.Core","Code":"MigrationMessage","Text":"Migrated from category with name='Shirts' in catalog 'Adventure Works Catalog'","Id":"ec6d32f7b1f941bc893fb18d9ce9496d"}]},"Id":"9c8a2f6d67db4ea98e045294ae20e07a","Name":"","Comments":"","Policies":{"$type":"System.Collections.Generic.List`1[[Sitecore.Commerce.Core.Policy, Sitecore.Commerce.Core]], mscorlib","$values":[]},"ChildComponents":{"$type":"System.Collections.Generic.List`1[[Sitecore.Commerce.Core.Component, Sitecore.Commerce.Core]], mscorlib","$values":[]}},{"$type":"Sitecore.Commerce.Core.LocalizedEntityComponent, Sitecore.Commerce.Core","Entity":{"$type":"Sitecore.Commerce.Core.EntityReference, Sitecore.Commerce.Core","Name":"","EntityTarget":"Entity-LocalizationEntity-3303fef726d34dec85c31fd287ac41f8","Policies":{"$type":"System.Collections.Generic.List`1[[Sitecore.Commerce.Core.Policy, Sitecore.Commerce.Core]], mscorlib","$values":[]}},"Id":"6c76cd16be0e42078a60cc904c1de769","Name":"","Comments":"","Policies":{"$type":"System.Collections.Generic.List`1[[Sitecore.Commerce.Core.Policy, Sitecore.Commerce.Core]], mscorlib","$values":[]},"ChildComponents":{"$type":"System.Collections.Generic.List`1[[Sitecore.Commerce.Core.Component, Sitecore.Commerce.Core]], mscorlib","$values":[]}}]},"DateCreated":"2018-06-12T13:36:03.309776+00:00","DateUpdated":"2016-11-01T18:27:32+00:00","DisplayName":"Shirts","FriendlyId":"Adventure Works Catalog-Shirts","Id":"Entity-Category-Adventure Works Catalog-Shirts","Version":0,"IsPersisted":false,"Name":"Shirts","Policies":{"$type":"System.Collections.Generic.List`1[[Sitecore.Commerce.Core.Policy, Sitecore.Commerce.Core]], mscorlib","$values":[]}},{"$type":"Sitecore.Commerce.Plugin.Catalog.Category, Sitecore.Commerce.Plugin.Catalog","Description":"Catalog Section for Supplies","SitecoreId":"a289444d-11c5-05c6-5a1d-d7b6d7289ea6","ParentCatalogList":"6341f64d-8213-fdda-402e-df49207158a4","ParentCategoryList":"7e75f9d5-312d-0a20-64a5-a87cb7b1c384","ChildrenCategoryList":"00cf376f-88b4-0369-7c37-83471da861f1","ChildrenSellableItemList":"24bc4fd2-82ba-6fd4-368f-274d3885ebbd","Components":{"$type":"System.Collections.Generic.List`1[[Sitecore.Commerce.Core.Component, Sitecore.Commerce.Core]], mscorlib","$values":[{"$type":"Sitecore.Commerce.Plugin.Catalog.CatalogsComponent, Sitecore.Commerce.Plugin.Catalog","Id":"ea1f1aa03fb04f06bab30e615ee9cfd4","Name":"","Comments":"","Policies":{"$type":"System.Collections.Generic.List`1[[Sitecore.Commerce.Core.Policy, Sitecore.Commerce.Core]], mscorlib","$values":[]},"ChildComponents":{"$type":"System.Collections.Generic.List`1[[Sitecore.Commerce.Core.Component, Sitecore.Commerce.Core]], mscorlib","$values":[{"$type":"Sitecore.Commerce.Plugin.Catalog.CatalogComponent, Sitecore.Commerce.Plugin.Catalog","ChildCategories":{"$type":"System.Collections.Generic.List`1[[Sitecore.Commerce.Plugin.Catalog.Category, Sitecore.Commerce.Plugin.Catalog]], mscorlib","$values":[]},"CatalogLanguages":{"$type":"System.Collections.Generic.List`1[[Sitecore.Commerce.Core.Language, Sitecore.Commerce.Core]], mscorlib","$values":[]},"ItemDefinition":"","Id":"24ab48dba5d74581ad6320d539eb3ab2","Name":"Adventure Works Catalog","Comments":"","Policies":{"$type":"System.Collections.Generic.List`1[[Sitecore.Commerce.Core.Policy, Sitecore.Commerce.Core]], mscorlib","$values":[]},"ChildComponents":{"$type":"System.Collections.Generic.List`1[[Sitecore.Commerce.Core.Component, Sitecore.Commerce.Core]], mscorlib","$values":[]}}]}},{"$type":"Sitecore.Commerce.Core.MessagesComponent, Sitecore.Commerce.Core","Messages":{"$type":"System.Collections.Generic.List`1[[Sitecore.Commerce.Core.MessageModel, Sitecore.Commerce.Core]], mscorlib","$values":[{"$type":"Sitecore.Commerce.Core.MessageModel, Sitecore.Commerce.Core","Code":"MigrationMessage","Text":"Migrated from category with name='Supplies' in catalog 'Adventure Works Catalog'","Id":"ca8115d6fc8e4a16bf7ea7b996d50664"}]},"Id":"19c9a960e2dd466dabc156db56401078","Name":"","Comments":"","Policies":{"$type":"System.Collections.Generic.List`1[[Sitecore.Commerce.Core.Policy, Sitecore.Commerce.Core]], mscorlib","$values":[]},"ChildComponents":{"$type":"System.Collections.Generic.List`1[[Sitecore.Commerce.Core.Component, Sitecore.Commerce.Core]], mscorlib","$values":[]}},{"$type":"Sitecore.Commerce.Core.LocalizedEntityComponent, Sitecore.Commerce.Core","Entity":{"$type":"Sitecore.Commerce.Core.EntityReference, Sitecore.Commerce.Core","Name":"","EntityTarget":"Entity-LocalizationEntity-351ed24d7bf54fe69f457a1e6475871c","Policies":{"$type":"System.Collections.Generic.List`1[[Sitecore.Commerce.Core.Policy, Sitecore.Commerce.Core]], mscorlib","$values":[]}},"Id":"c95c0d56d1954e8f95d030f03d85530b","Name":"","Comments":"","Policies":{"$type":"System.Collections.Generic.List`1[[Sitecore.Commerce.Core.Policy, Sitecore.Commerce.Core]], mscorlib","$values":[]},"ChildComponents":{"$type":"System.Collections.Generic.List`1[[Sitecore.Commerce.Core.Component, Sitecore.Commerce.Core]], mscorlib","$values":[]}}]},"DateCreated":"2018-06-12T13:36:03.3108012+00:00","DateUpdated":"2016-11-01T18:27:32+00:00","DisplayName":"Supplies","FriendlyId":"Adventure Works Catalog-Supplies","Id":"Entity-Category-Adventure Works Catalog-Supplies","Version":0,"IsPersisted":false,"Name":"Supplies","Policies":{"$type":"System.Collections.Generic.List`1[[Sitecore.Commerce.Core.Policy, Sitecore.Commerce.Core]], mscorlib","$values":[]}},{"$type":"Sitecore.Commerce.Plugin.Catalog.Category, Sitecore.Commerce.Plugin.Catalog","Description":"Catalog Section for Stoves","SitecoreId":"00cf376f-88b4-0369-7c37-83471da861f1","ParentCatalogList":"6341f64d-8213-fdda-402e-df49207158a4","ParentCategoryList":"a289444d-11c5-05c6-5a1d-d7b6d7289ea6","ChildrenSellableItemList":"3b5927b2-df63-8275-f724-52acae09fdc5|2237223f-19ed-3ad6-e70f-d10f3e91401f","Components":{"$type":"System.Collections.Generic.List`1[[Sitecore.Commerce.Core.Component, Sitecore.Commerce.Core]], mscorlib","$values":[{"$type":"Sitecore.Commerce.Plugin.Catalog.CatalogsComponent, Sitecore.Commerce.Plugin.Catalog","Id":"ec60a9f3e8254ff9802f2618f009bea7","Name":"","Comments":"","Policies":{"$type":"System.Collections.Generic.List`1[[Sitecore.Commerce.Core.Policy, Sitecore.Commerce.Core]], mscorlib","$values":[]},"ChildComponents":{"$type":"System.Collections.Generic.List`1[[Sitecore.Commerce.Core.Component, Sitecore.Commerce.Core]], mscorlib","$values":[{"$type":"Sitecore.Commerce.Plugin.Catalog.CatalogComponent, Sitecore.Commerce.Plugin.Catalog","ChildCategories":{"$type":"System.Collections.Generic.List`1[[Sitecore.Commerce.Plugin.Catalog.Category, Sitecore.Commerce.Plugin.Catalog]], mscorlib","$values":[]},"CatalogLanguages":{"$type":"System.Collections.Generic.List`1[[Sitecore.Commerce.Core.Language, Sitecore.Commerce.Core]], mscorlib","$values":[]},"ItemDefinition":"","Id":"399460ea1215494dad0c40de39d866c8","Name":"Adventure Works Catalog","Comments":"","Policies":{"$type":"System.Collections.Generic.List`1[[Sitecore.Commerce.Core.Policy, Sitecore.Commerce.Core]], mscorlib","$values":[]},"ChildComponents":{"$type":"System.Collections.Generic.List`1[[Sitecore.Commerce.Core.Component, Sitecore.Commerce.Core]], mscorlib","$values":[]}}]}},{"$type":"Sitecore.Commerce.Core.MessagesComponent, Sitecore.Commerce.Core","Messages":{"$type":"System.Collections.Generic.List`1[[Sitecore.Commerce.Core.MessageModel, Sitecore.Commerce.Core]], mscorlib","$values":[{"$type":"Sitecore.Commerce.Core.MessageModel, Sitecore.Commerce.Core","Code":"MigrationMessage","Text":"Migrated from category with name='Stoves' in catalog 'Adventure Works Catalog'","Id":"a679ede662d84f489bdf6a925804f4f4"}]},"Id":"83e97c74a3ff4808bf7d1c3cf3cd5ae8","Name":"","Comments":"","Policies":{"$type":"System.Collections.Generic.List`1[[Sitecore.Commerce.Core.Policy, Sitecore.Commerce.Core]], mscorlib","$values":[]},"ChildComponents":{"$type":"System.Collections.Generic.List`1[[Sitecore.Commerce.Core.Component, Sitecore.Commerce.Core]], mscorlib","$values":[]}},{"$type":"Sitecore.Commerce.Core.LocalizedEntityComponent, Sitecore.Commerce.Core","Entity":{"$type":"Sitecore.Commerce.Core.EntityReference, Sitecore.Commerce.Core","Name":"","EntityTarget":"Entity-LocalizationEntity-5669a756da524471a89b327eb9906196","Policies":{"$type":"System.Collections.Generic.List`1[[Sitecore.Commerce.Core.Policy, Sitecore.Commerce.Core]], mscorlib","$values":[]}},"Id":"f2a96d501b154b7ea704f172345f845d","Name":"","Comments":"","Policies":{"$type":"System.Collections.Generic.List`1[[Sitecore.Commerce.Core.Policy, Sitecore.Commerce.Core]], mscorlib","$values":[]},"ChildComponents":{"$type":"System.Collections.Generic.List`1[[Sitecore.Commerce.Core.Component, Sitecore.Commerce.Core]], mscorlib","$values":[]}}]},"DateCreated":"2018-06-12T13:36:03.3117743+00:00","DateUpdated":"2016-11-01T18:27:30+00:00","DisplayName":"Stoves","FriendlyId":"Adventure Works Catalog-Stoves","Id":"Entity-Category-Adventure Works Catalog-Stoves","Version":0,"IsPersisted":false,"Name":"Stoves","Policies":{"$type":"System.Collections.Generic.List`1[[Sitecore.Commerce.Core.Policy, Sitecore.Commerce.Core]], mscorlib","$values":[]}},{"$type":"Sitecore.Commerce.Plugin.Catalog.Category, Sitecore.Commerce.Plugin.Catalog","Description":"Top","SitecoreId":"7e75f9d5-312d-0a20-64a5-a87cb7b1c384","CatalogToEntityList":"6341f64d-8213-fdda-402e-df49207158a4","ParentCatalogList":"6341f64d-8213-fdda-402e-df49207158a4","ChildrenCategoryList":"a701a47f-c2ca-9010-de30-c48effdfe0aa|1f3e0a83-cc35-35ed-fe1c-26cd556624a6|b340f7b7-dbbb-b726-30bd-6a2c27d63458|5644605c-3c46-abca-95a1-621ddcd65354|a1206896-a394-3c8f-a184-73aaf115660d|5c0ea015-965c-a355-467f-f0417ab86bf6|ebc27e08-18c9-fd42-3222-fac8cdc2b0b3|ae6681db-9e53-809c-2de9-6199c90adb3b|956fcfd0-ad63-bba6-0f6b-63aebf6a360a|0cad3e82-2405-f589-6397-9500f85761fb|4563617d-3547-eeb4-8a51-75bd1c476bae|a289444d-11c5-05c6-5a1d-d7b6d7289ea6|f3ffa386-927e-19ac-0c6a-cbca545710ec","ChildrenSellableItemList":"969f16d0-d94a-198b-80c7-9fe7f20b8de6","Components":{"$type":"System.Collections.Generic.List`1[[Sitecore.Commerce.Core.Component, Sitecore.Commerce.Core]], mscorlib","$values":[{"$type":"Sitecore.Commerce.Plugin.Catalog.CatalogsComponent, Sitecore.Commerce.Plugin.Catalog","Id":"6216ed28acd14b11b2a3fd367618d174","Name":"","Comments":"","Policies":{"$type":"System.Collections.Generic.List`1[[Sitecore.Commerce.Core.Policy, Sitecore.Commerce.Core]], mscorlib","$values":[]},"ChildComponents":{"$type":"System.Collections.Generic.List`1[[Sitecore.Commerce.Core.Component, Sitecore.Commerce.Core]], mscorlib","$values":[{"$type":"Sitecore.Commerce.Plugin.Catalog.CatalogComponent, Sitecore.Commerce.Plugin.Catalog","ChildCategories":{"$type":"System.Collections.Generic.List`1[[Sitecore.Commerce.Plugin.Catalog.Category, Sitecore.Commerce.Plugin.Catalog]], mscorlib","$values":[]},"CatalogLanguages":{"$type":"System.Collections.Generic.List`1[[Sitecore.Commerce.Core.Language, Sitecore.Commerce.Core]], mscorlib","$values":[]},"ItemDefinition":"","Id":"72c2fce48ba14449b257c1e97655cde3","Name":"Adventure Works Catalog","Comments":"","Policies":{"$type":"System.Collections.Generic.List`1[[Sitecore.Commerce.Core.Policy, Sitecore.Commerce.Core]], mscorlib","$values":[]},"ChildComponents":{"$type":"System.Collections.Generic.List`1[[Sitecore.Commerce.Core.Component, Sitecore.Commerce.Core]], mscorlib","$values":[]}}]}},{"$type":"Sitecore.Commerce.Core.MessagesComponent, Sitecore.Commerce.Core","Messages":{"$type":"System.Collections.Generic.List`1[[Sitecore.Commerce.Core.MessageModel, Sitecore.Commerce.Core]], mscorlib","$values":[{"$type":"Sitecore.Commerce.Core.MessageModel, Sitecore.Commerce.Core","Code":"MigrationMessage","Text":"Migrated from category with name='Departments' in catalog 'Adventure Works Catalog'","Id":"d33e8323d13e45d69ce5d29a0071bc7d"}]},"Id":"f68583dfedca47199b343ea8f792a429","Name":"","Comments":"","Policies":{"$type":"System.Collections.Generic.List`1[[Sitecore.Commerce.Core.Policy, Sitecore.Commerce.Core]], mscorlib","$values":[]},"ChildComponents":{"$type":"System.Collections.Generic.List`1[[Sitecore.Commerce.Core.Component, Sitecore.Commerce.Core]], mscorlib","$values":[]}},{"$type":"Sitecore.Commerce.Core.LocalizedEntityComponent, Sitecore.Commerce.Core","Entity":{"$type":"Sitecore.Commerce.Core.EntityReference, Sitecore.Commerce.Core","Name":"","EntityTarget":"Entity-LocalizationEntity-ef1d8b81cbc840bcaaeef865a4891f95","Policies":{"$type":"System.Collections.Generic.List`1[[Sitecore.Commerce.Core.Policy, Sitecore.Commerce.Core]], mscorlib","$values":[]}},"Id":"033efc901dcf460ba581c6d489944475","Name":"","Comments":"","Policies":{"$type":"System.Collections.Generic.List`1[[Sitecore.Commerce.Core.Policy, Sitecore.Commerce.Core]], mscorlib","$values":[]},"ChildComponents":{"$type":"System.Collections.Generic.List`1[[Sitecore.Commerce.Core.Component, Sitecore.Commerce.Core]], mscorlib","$values":[]}}]},"DateCreated":"2018-06-12T13:36:03.5078338+00:00","DateUpdated":"2014-04-22T15:38:36+00:00","DisplayName":"Departments","FriendlyId":"Adventure Works Catalog-Departments","Id":"Entity-Category-Adventure Works Catalog-Departments","Version":0,"IsPersisted":false,"Name":"Departments","Policies":{"$type":"System.Collections.Generic.List`1[[Sitecore.Commerce.Core.Policy, Sitecore.Commerce.Core]], mscorlib","$values":[]}},{"$type":"Sitecore.Commerce.Plugin.Catalog.Category, Sitecore.Commerce.Plugin.Catalog","Description":"Featured Products","SitecoreId":"fc63c52f-2f4a-c6f6-2c0e-32ee86b028c7","CatalogToEntityList":"6341f64d-8213-fdda-402e-df49207158a4","ParentCatalogList":"6341f64d-8213-fdda-402e-df49207158a4","ChildrenSellableItemList":"dd7fea25-c1b0-0706-84be-0b7b848bb6df|041c2487-bbaa-b716-07f9-7cadb72b82c4|b7222cd3-e42c-bf73-2d6f-0e5fa3d419c9|af7a0f31-6bca-6239-7aab-0d44e973448f","Components":{"$type":"System.Collections.Generic.List`1[[Sitecore.Commerce.Core.Component, Sitecore.Commerce.Core]], mscorlib","$values":[{"$type":"Sitecore.Commerce.Plugin.Catalog.CatalogsComponent, Sitecore.Commerce.Plugin.Catalog","Id":"4dfc67c8b0a549d099bb0acfdad5845a","Name":"","Comments":"","Policies":{"$type":"System.Collections.Generic.List`1[[Sitecore.Commerce.Core.Policy, Sitecore.Commerce.Core]], mscorlib","$values":[]},"ChildComponents":{"$type":"System.Collections.Generic.List`1[[Sitecore.Commerce.Core.Component, Sitecore.Commerce.Core]], mscorlib","$values":[{"$type":"Sitecore.Commerce.Plugin.Catalog.CatalogComponent, Sitecore.Commerce.Plugin.Catalog","ChildCategories":{"$type":"System.Collections.Generic.List`1[[Sitecore.Commerce.Plugin.Catalog.Category, Sitecore.Commerce.Plugin.Catalog]], mscorlib","$values":[]},"CatalogLanguages":{"$type":"System.Collections.Generic.List`1[[Sitecore.Commerce.Core.Language, Sitecore.Commerce.Core]], mscorlib","$values":[]},"ItemDefinition":"","Id":"eb107a2e31704b5cb0132f1f0a1b1c04","Name":"Adventure Works Catalog","Comments":"","Policies":{"$type":"System.Collections.Generic.List`1[[Sitecore.Commerce.Core.Policy, Sitecore.Commerce.Core]], mscorlib","$values":[]},"ChildComponents":{"$type":"System.Collections.Generic.List`1[[Sitecore.Commerce.Core.Component, Sitecore.Commerce.Core]], mscorlib","$values":[]}}]}},{"$type":"Sitecore.Commerce.Core.MessagesComponent, Sitecore.Commerce.Core","Messages":{"$type":"System.Collections.Generic.List`1[[Sitecore.Commerce.Core.MessageModel, Sitecore.Commerce.Core]], mscorlib","$values":[{"$type":"Sitecore.Commerce.Core.MessageModel, Sitecore.Commerce.Core","Code":"MigrationMessage","Text":"Migrated from category with name='FeaturedProducts' in catalog 'Adventure Works Catalog'","Id":"f17c35d6779841f098cbb51a8a0e31e8"}]},"Id":"8807320b57ae43adbe5aae11dff729c0","Name":"","Comments":"","Policies":{"$type":"System.Collections.Generic.List`1[[Sitecore.Commerce.Core.Policy, Sitecore.Commerce.Core]], mscorlib","$values":[]},"ChildComponents":{"$type":"System.Collections.Generic.List`1[[Sitecore.Commerce.Core.Component, Sitecore.Commerce.Core]], mscorlib","$values":[]}},{"$type":"Sitecore.Commerce.Core.LocalizedEntityComponent, Sitecore.Commerce.Core","Entity":{"$type":"Sitecore.Commerce.Core.EntityReference, Sitecore.Commerce.Core","Name":"","EntityTarget":"Entity-LocalizationEntity-d5503d9742974eef93fe7610ba7982d8","Policies":{"$type":"System.Collections.Generic.List`1[[Sitecore.Commerce.Core.Policy, Sitecore.Commerce.Core]], mscorlib","$values":[]}},"Id":"a304b708183c4547bf4943609935b813","Name":"","Comments":"","Policies":{"$type":"System.Collections.Generic.List`1[[Sitecore.Commerce.Core.Policy, Sitecore.Commerce.Core]], mscorlib","$values":[]},"ChildComponents":{"$type":"System.Collections.Generic.List`1[[Sitecore.Commerce.Core.Component, Sitecore.Commerce.Core]], mscorlib","$values":[]}}]},"DateCreated":"2018-06-12T13:36:03.5087894+00:00","DateUpdated":"2014-04-22T15:38:36+00:00","DisplayName":"Featured Products","FriendlyId":"Adventure Works Catalog-FeaturedProducts","Id":"Entity-Category-Adventure Works Catalog-FeaturedProducts","Version":0,"IsPersisted":false,"Name":"FeaturedProducts","Policies":{"$type":"System.Collections.Generic.List`1[[Sitecore.Commerce.Core.Policy, Sitecore.Commerce.Core]], mscorlib","$values":[]}},{"$type":"Sitecore.Commerce.Plugin.Catalog.Category, Sitecore.Commerce.Plugin.Catalog","Description":"SaleItems","SitecoreId":"f3ffa386-927e-19ac-0c6a-cbca545710ec","ParentCatalogList":"6341f64d-8213-fdda-402e-df49207158a4","ParentCategoryList":"7e75f9d5-312d-0a20-64a5-a87cb7b1c384","ChildrenSellableItemList":"dd7fea25-c1b0-0706-84be-0b7b848bb6df|3296b289-7869-2f39-d335-98b21a0cb5af|6ec98285-3556-cd55-65d1-72252be34af5|042b7b6f-4d7a-74dc-6ead-89b7109368e0|c9267501-934d-67d6-28c3-1fd2d22c2957|922ae963-5f3e-7cb2-84ee-48fb5d2ea182|041c2487-bbaa-b716-07f9-7cadb72b82c4|0414046c-50d4-3362-dd04-7e48fc417ade|b74a65b7-9b97-19fd-247c-abbda23c6dd6|80cdcf4d-837d-5001-0921-48adbc63d2b4|4991ebac-6cbc-8e6d-9748-a624f7947b01|b095e573-7439-4764-06eb-11a4aea2b9ca|b7222cd3-e42c-bf73-2d6f-0e5fa3d419c9|af7a0f31-6bca-6239-7aab-0d44e973448f|501b4165-6f91-8e43-3aa2-cc6fc12d5148|6ba6bd3f-84ae-68bd-5674-6987a357512c|ba87f5f6-939c-3f47-ea6d-cb30af27306d|896ddb54-8a84-ecf0-9270-770f439a0173|b5173174-e655-51ff-eda7-940431d58aac|1caa00fd-57ae-d8e3-459b-600a00979cb8","Components":{"$type":"System.Collections.Generic.List`1[[Sitecore.Commerce.Core.Component, Sitecore.Commerce.Core]], mscorlib","$values":[{"$type":"Sitecore.Commerce.Plugin.Catalog.CatalogsComponent, Sitecore.Commerce.Plugin.Catalog","Id":"2b0af80dd7714d4594a3b853c1683d3d","Name":"","Comments":"","Policies":{"$type":"System.Collections.Generic.List`1[[Sitecore.Commerce.Core.Policy, Sitecore.Commerce.Core]], mscorlib","$values":[]},"ChildComponents":{"$type":"System.Collections.Generic.List`1[[Sitecore.Commerce.Core.Component, Sitecore.Commerce.Core]], mscorlib","$values":[{"$type":"Sitecore.Commerce.Plugin.Catalog.CatalogComponent, Sitecore.Commerce.Plugin.Catalog","ChildCategories":{"$type":"System.Collections.Generic.List`1[[Sitecore.Commerce.Plugin.Catalog.Category, Sitecore.Commerce.Plugin.Catalog]], mscorlib","$values":[]},"CatalogLanguages":{"$type":"System.Collections.Generic.List`1[[Sitecore.Commerce.Core.Language, Sitecore.Commerce.Core]], mscorlib","$values":[]},"ItemDefinition":"","Id":"4ad7f9ca8bb44ddcaa88e9a12f1aea34","Name":"Adventure Works Catalog","Comments":"","Policies":{"$type":"System.Collections.Generic.List`1[[Sitecore.Commerce.Core.Policy, Sitecore.Commerce.Core]], mscorlib","$values":[]},"ChildComponents":{"$type":"System.Collections.Generic.List`1[[Sitecore.Commerce.Core.Component, Sitecore.Commerce.Core]], mscorlib","$values":[]}}]}},{"$type":"Sitecore.Commerce.Core.MessagesComponent, Sitecore.Commerce.Core","Messages":{"$type":"System.Collections.Generic.List`1[[Sitecore.Commerce.Core.MessageModel, Sitecore.Commerce.Core]], mscorlib","$values":[{"$type":"Sitecore.Commerce.Core.MessageModel, Sitecore.Commerce.Core","Code":"MigrationMessage","Text":"Migrated from category with name='SaleItems' in catalog 'Adventure Works Catalog'","Id":"b95005af9458465290a592af5e3a7932"}]},"Id":"49f98f24d2424fe49d7d3b7f91bee798","Name":"","Comments":"","Policies":{"$type":"System.Collections.Generic.List`1[[Sitecore.Commerce.Core.Policy, Sitecore.Commerce.Core]], mscorlib","$values":[]},"ChildComponents":{"$type":"System.Collections.Generic.List`1[[Sitecore.Commerce.Core.Component, Sitecore.Commerce.Core]], mscorlib","$values":[]}},{"$type":"Sitecore.Commerce.Core.LocalizedEntityComponent, Sitecore.Commerce.Core","Entity":{"$type":"Sitecore.Commerce.Core.EntityReference, Sitecore.Commerce.Core","Name":"","EntityTarget":"Entity-LocalizationEntity-e7511ae25dd44ce99d3bd95ac4fda1e4","Policies":{"$type":"System.Collections.Generic.List`1[[Sitecore.Commerce.Core.Policy, Sitecore.Commerce.Core]], mscorlib","$values":[]}},"Id":"595b97e54bb04d7cb153d4d45fbc5279","Name":"","Comments":"","Policies":{"$type":"System.Collections.Generic.List`1[[Sitecore.Commerce.Core.Policy, Sitecore.Commerce.Core]], mscorlib","$values":[]},"ChildComponents":{"$type":"System.Collections.Generic.List`1[[Sitecore.Commerce.Core.Component, Sitecore.Commerce.Core]], mscorlib","$values":[]}}]},"DateCreated":"2018-06-12T13:36:03.509927+00:00","DateUpdated":"2016-11-01T18:27:32+00:00","DisplayName":"SaleItems","FriendlyId":"Adventure Works Catalog-SaleItems","Id":"Entity-Category-Adventure Works Catalog-SaleItems","Version":0,"IsPersisted":false,"Name":"SaleItems","Policies":{"$type":"System.Collections.Generic.List`1[[Sitecore.Commerce.Core.Policy, Sitecore.Commerce.Core]], mscorlib","$values":[]}}]}