{"$type":"System.Collections.Generic.List`1[[Sitecore.Commerce.Core.LocalizationEntity, Sitecore.Commerce.Core]], mscorlib","$values":[{"$type":"Sitecore.Commerce.Core.LocalizationEntity, Sitecore.Commerce.Core","HasProperties":true,"HasComponentsProperties":false,"Properties":{"$type":"System.Collections.Concurrent.ConcurrentDictionary`2[[System.String, mscorlib],[System.Collections.Generic.List`1[[Sitecore.Commerce.Core.Parameter, Sitecore.Commerce.Core]], mscorlib]], mscorlib","DisplayName":{"$type":"System.Collections.Generic.List`1[[Sitecore.Commerce.Core.Parameter, Sitecore.Commerce.Core]], mscorlib","$values":[{"$type":"Sitecore.Commerce.Core.Parameter, Sitecore.Commerce.Core","Key":"de-DE","Value":"Rock Shoes"},{"$type":"Sitecore.Commerce.Core.Parameter, Sitecore.Commerce.Core","Key":"en-US","Value":"Rockshoes"},{"$type":"Sitecore.Commerce.Core.Parameter, Sitecore.Commerce.Core","Key":"fr-FR","Value":"Chaussons d'escalade"},{"$type":"Sitecore.Commerce.Core.Parameter, Sitecore.Commerce.Core","Key":"ja-JP","Value":"ロック シューズ"},{"$type":"Sitecore.Commerce.Core.Parameter, Sitecore.Commerce.Core","Key":"en","Value":"Rockshoes"}]},"Description":{"$type":"System.Collections.Generic.List`1[[Sitecore.Commerce.Core.Parameter, Sitecore.Commerce.Core]], mscorlib","$values":[{"$type":"Sitecore.Commerce.Core.Parameter, Sitecore.Commerce.Core","Key":"de-DE","Value":"Katalogbereich Für Rock Shoes"},{"$type":"Sitecore.Commerce.Core.Parameter, Sitecore.Commerce.Core","Key":"en-US","Value":"Catalog Section for Rackshoes"},{"$type":"Sitecore.Commerce.Core.Parameter, Sitecore.Commerce.Core","Key":"fr-FR","Value":"Section Chaussons d'escalade du catalogue"},{"$type":"Sitecore.Commerce.Core.Parameter, Sitecore.Commerce.Core","Key":"ja-JP","Value":"カタログ セレクション (ロック シューズ)"},{"$type":"Sitecore.Commerce.Core.Parameter, Sitecore.Commerce.Core","Key":"en","Value":"Catalog Section for Rackshoes"}]}},"ComponentsProperties":{"$type":"System.Collections.Concurrent.ConcurrentDictionary`2[[System.String, mscorlib],[System.Collections.Concurrent.ConcurrentDictionary`2[[System.String, mscorlib],[System.Collections.Concurrent.ConcurrentDictionary`2[[System.String, mscorlib],[System.Collections.Generic.List`1[[Sitecore.Commerce.Core.Parameter, Sitecore.Commerce.Core]], mscorlib]], mscorlib]], mscorlib]], mscorlib"},"Components":{"$type":"System.Collections.Generic.List`1[[Sitecore.Commerce.Core.Component, Sitecore.Commerce.Core]], mscorlib","$values":[]},"DateCreated":"2018-01-18T13:53:29.4038208+00:00","DateUpdated":"2018-01-18T13:54:42.3009491+00:00","DisplayName":"","Id":"Entity-LocalizationEntity-1494429d74084cfd9f0927478cb0564f","Version":4,"IsPersisted":true,"Name":"","Policies":{"$type":"System.Collections.Generic.List`1[[Sitecore.Commerce.Core.Policy, Sitecore.Commerce.Core]], mscorlib","$values":[]}},{"$type":"Sitecore.Commerce.Core.LocalizationEntity, Sitecore.Commerce.Core","HasProperties":true,"HasComponentsProperties":false,"Properties":{"$type":"System.Collections.Concurrent.ConcurrentDictionary`2[[System.String, mscorlib],[System.Collections.Generic.List`1[[Sitecore.Commerce.Core.Parameter, Sitecore.Commerce.Core]], mscorlib]], mscorlib","DisplayName":{"$type":"System.Collections.Generic.List`1[[Sitecore.Commerce.Core.Parameter, Sitecore.Commerce.Core]], mscorlib","$values":[{"$type":"Sitecore.Commerce.Core.Parameter, Sitecore.Commerce.Core","Key":"de-DE","Value":"VerkaufenItems"},{"$type":"Sitecore.Commerce.Core.Parameter, Sitecore.Commerce.Core","Key":"en-US","Value":"SaleItems"},{"$type":"Sitecore.Commerce.Core.Parameter, Sitecore.Commerce.Core","Key":"en","Value":"SaleItems"}]},"Description":{"$type":"System.Collections.Generic.List`1[[Sitecore.Commerce.Core.Parameter, Sitecore.Commerce.Core]], mscorlib","$values":[{"$type":"Sitecore.Commerce.Core.Parameter, Sitecore.Commerce.Core","Key":"de-DE","Value":"VerkaufenItems"},{"$type":"Sitecore.Commerce.Core.Parameter, Sitecore.Commerce.Core","Key":"en-US","Value":"SaleItems"},{"$type":"Sitecore.Commerce.Core.Parameter, Sitecore.Commerce.Core","Key":"en","Value":"SaleItems"}]}},"ComponentsProperties":{"$type":"System.Collections.Concurrent.ConcurrentDictionary`2[[System.String, mscorlib],[System.Collections.Concurrent.ConcurrentDictionary`2[[System.String, mscorlib],[System.Collections.Concurrent.ConcurrentDictionary`2[[System.String, mscorlib],[System.Collections.Generic.List`1[[Sitecore.Commerce.Core.Parameter, Sitecore.Commerce.Core]], mscorlib]], mscorlib]], mscorlib]], mscorlib"},"Components":{"$type":"System.Collections.Generic.List`1[[Sitecore.Commerce.Core.Component, Sitecore.Commerce.Core]], mscorlib","$values":[]},"DateCreated":"2018-01-18T13:53:29.4548348+00:00","DateUpdated":"2018-01-18T13:54:41.2900828+00:00","DisplayName":"","Id":"Entity-LocalizationEntity-f1f482a79e634ddc95acfca8382aac53","Version":4,"IsPersisted":true,"Name":"","Policies":{"$type":"System.Collections.Generic.List`1[[Sitecore.Commerce.Core.Policy, Sitecore.Commerce.Core]], mscorlib","$values":[]}},{"$type":"Sitecore.Commerce.Core.LocalizationEntity, Sitecore.Commerce.Core","HasProperties":true,"HasComponentsProperties":false,"Properties":{"$type":"System.Collections.Concurrent.ConcurrentDictionary`2[[System.String, mscorlib],[System.Collections.Generic.List`1[[Sitecore.Commerce.Core.Parameter, Sitecore.Commerce.Core]], mscorlib]], mscorlib","DisplayName":{"$type":"System.Collections.Generic.List`1[[Sitecore.Commerce.Core.Parameter, Sitecore.Commerce.Core]], mscorlib","$values":[{"$type":"Sitecore.Commerce.Core.Parameter, Sitecore.Commerce.Core","Key":"de-DE","Value":"Shirts"},{"$type":"Sitecore.Commerce.Core.Parameter, Sitecore.Commerce.Core","Key":"en-US","Value":"Shirts"},{"$type":"Sitecore.Commerce.Core.Parameter, Sitecore.Commerce.Core","Key":"fr-FR","Value":"Chemises"},{"$type":"Sitecore.Commerce.Core.Parameter, Sitecore.Commerce.Core","Key":"ja-JP","Value":"シャツ"},{"$type":"Sitecore.Commerce.Core.Parameter, Sitecore.Commerce.Core","Key":"en","Value":"Shirts"}]},"Description":{"$type":"System.Collections.Generic.List`1[[Sitecore.Commerce.Core.Parameter, Sitecore.Commerce.Core]], mscorlib","$values":[{"$type":"Sitecore.Commerce.Core.Parameter, Sitecore.Commerce.Core","Key":"de-DE","Value":"Katalogbereich für Shirts"},{"$type":"Sitecore.Commerce.Core.Parameter, Sitecore.Commerce.Core","Key":"en-US","Value":"Catalog Section for Shirts"},{"$type":"Sitecore.Commerce.Core.Parameter, Sitecore.Commerce.Core","Key":"fr-FR","Value":"Section Chemises du catalogue"},{"$type":"Sitecore.Commerce.Core.Parameter, Sitecore.Commerce.Core","Key":"ja-JP","Value":"カタログ セレクション (シャツ)"},{"$type":"Sitecore.Commerce.Core.Parameter, Sitecore.Commerce.Core","Key":"en","Value":"Catalog Section for Shirts"}]}},"ComponentsProperties":{"$type":"System.Collections.Concurrent.ConcurrentDictionary`2[[System.String, mscorlib],[System.Collections.Concurrent.ConcurrentDictionary`2[[System.String, mscorlib],[System.Collections.Concurrent.ConcurrentDictionary`2[[System.String, mscorlib],[System.Collections.Generic.List`1[[Sitecore.Commerce.Core.Parameter, Sitecore.Commerce.Core]], mscorlib]], mscorlib]], mscorlib]], mscorlib"},"Components":{"$type":"System.Collections.Generic.List`1[[Sitecore.Commerce.Core.Component, Sitecore.Commerce.Core]], mscorlib","$values":[]},"DateCreated":"2018-01-18T13:53:29.4038208+00:00","DateUpdated":"2018-01-18T13:54:43.5380367+00:00","DisplayName":"","Id":"Entity-LocalizationEntity-5dcf9c790702431090c52fb5f2ddd067","Version":4,"IsPersisted":true,"Name":"","Policies":{"$type":"System.Collections.Generic.List`1[[Sitecore.Commerce.Core.Policy, Sitecore.Commerce.Core]], mscorlib","$values":[]}},{"$type":"Sitecore.Commerce.Core.LocalizationEntity, Sitecore.Commerce.Core","HasProperties":true,"HasComponentsProperties":false,"Properties":{"$type":"System.Collections.Concurrent.ConcurrentDictionary`2[[System.String, mscorlib],[System.Collections.Generic.List`1[[Sitecore.Commerce.Core.Parameter, Sitecore.Commerce.Core]], mscorlib]], mscorlib","DisplayName":{"$type":"System.Collections.Generic.List`1[[Sitecore.Commerce.Core.Parameter, Sitecore.Commerce.Core]], mscorlib","$values":[{"$type":"Sitecore.Commerce.Core.Parameter, Sitecore.Commerce.Core","Key":"de-DE","Value":"Schlafsäcke"},{"$type":"Sitecore.Commerce.Core.Parameter, Sitecore.Commerce.Core","Key":"en-US","Value":"Sleeping Bags"},{"$type":"Sitecore.Commerce.Core.Parameter, Sitecore.Commerce.Core","Key":"fr-FR","Value":"Sacs de couchage"},{"$type":"Sitecore.Commerce.Core.Parameter, Sitecore.Commerce.Core","Key":"ja-JP","Value":"スリーピング バッグ"},{"$type":"Sitecore.Commerce.Core.Parameter, Sitecore.Commerce.Core","Key":"en","Value":"Sleeping Bags"}]},"Description":{"$type":"System.Collections.Generic.List`1[[Sitecore.Commerce.Core.Parameter, Sitecore.Commerce.Core]], mscorlib","$values":[{"$type":"Sitecore.Commerce.Core.Parameter, Sitecore.Commerce.Core","Key":"de-DE","Value":"Katalogbereich für Schlafsäcke"},{"$type":"Sitecore.Commerce.Core.Parameter, Sitecore.Commerce.Core","Key":"en-US","Value":"Catalog Section for Sleeping Bags"},{"$type":"Sitecore.Commerce.Core.Parameter, Sitecore.Commerce.Core","Key":"fr-FR","Value":"Section Sacs de couchage du catalogue"},{"$type":"Sitecore.Commerce.Core.Parameter, Sitecore.Commerce.Core","Key":"ja-JP","Value":"カタログ セレクション (スリーピング バッグ)"},{"$type":"Sitecore.Commerce.Core.Parameter, Sitecore.Commerce.Core","Key":"en","Value":"Catalog Section for Sleeping Bags"}]}},"ComponentsProperties":{"$type":"System.Collections.Concurrent.ConcurrentDictionary`2[[System.String, mscorlib],[System.Collections.Concurrent.ConcurrentDictionary`2[[System.String, mscorlib],[System.Collections.Concurrent.ConcurrentDictionary`2[[System.String, mscorlib],[System.Collections.Generic.List`1[[Sitecore.Commerce.Core.Parameter, Sitecore.Commerce.Core]], mscorlib]], mscorlib]], mscorlib]], mscorlib"},"Components":{"$type":"System.Collections.Generic.List`1[[Sitecore.Commerce.Core.Component, Sitecore.Commerce.Core]], mscorlib","$values":[]},"DateCreated":"2018-01-18T13:53:29.3939837+00:00","DateUpdated":"2018-01-18T13:54:46.5992466+00:00","DisplayName":"","Id":"Entity-LocalizationEntity-081a88a1d65642e4831a57faa351021d","Version":4,"IsPersisted":true,"Name":"","Policies":{"$type":"System.Collections.Generic.List`1[[Sitecore.Commerce.Core.Policy, Sitecore.Commerce.Core]], mscorlib","$values":[]}},{"$type":"Sitecore.Commerce.Core.LocalizationEntity, Sitecore.Commerce.Core","HasProperties":true,"HasComponentsProperties":false,"Properties":{"$type":"System.Collections.Concurrent.ConcurrentDictionary`2[[System.String, mscorlib],[System.Collections.Generic.List`1[[Sitecore.Commerce.Core.Parameter, Sitecore.Commerce.Core]], mscorlib]], mscorlib","DisplayName":{"$type":"System.Collections.Generic.List`1[[Sitecore.Commerce.Core.Parameter, Sitecore.Commerce.Core]], mscorlib","$values":[{"$type":"Sitecore.Commerce.Core.Parameter, Sitecore.Commerce.Core","Key":"de-DE","Value":"Campingkocher"},{"$type":"Sitecore.Commerce.Core.Parameter, Sitecore.Commerce.Core","Key":"en-US","Value":"Stoves"},{"$type":"Sitecore.Commerce.Core.Parameter, Sitecore.Commerce.Core","Key":"fr-FR","Value":"Réchauds"},{"$type":"Sitecore.Commerce.Core.Parameter, Sitecore.Commerce.Core","Key":"ja-JP","Value":"ストーブ"},{"$type":"Sitecore.Commerce.Core.Parameter, Sitecore.Commerce.Core","Key":"en","Value":"Stoves"}]},"Description":{"$type":"System.Collections.Generic.List`1[[Sitecore.Commerce.Core.Parameter, Sitecore.Commerce.Core]], mscorlib","$values":[{"$type":"Sitecore.Commerce.Core.Parameter, Sitecore.Commerce.Core","Key":"de-DE","Value":"Katalogbereich für Campingkocher"},{"$type":"Sitecore.Commerce.Core.Parameter, Sitecore.Commerce.Core","Key":"en-US","Value":"Catalog Section for Stoves"},{"$type":"Sitecore.Commerce.Core.Parameter, Sitecore.Commerce.Core","Key":"fr-FR","Value":"Section Réchauds du catalogue"},{"$type":"Sitecore.Commerce.Core.Parameter, Sitecore.Commerce.Core","Key":"ja-JP","Value":"カタログ セレクション (ストーブ)"},{"$type":"Sitecore.Commerce.Core.Parameter, Sitecore.Commerce.Core","Key":"en","Value":"Catalog Section for Stoves"}]}},"ComponentsProperties":{"$type":"System.Collections.Concurrent.ConcurrentDictionary`2[[System.String, mscorlib],[System.Collections.Concurrent.ConcurrentDictionary`2[[System.String, mscorlib],[System.Collections.Concurrent.ConcurrentDictionary`2[[System.String, mscorlib],[System.Collections.Generic.List`1[[Sitecore.Commerce.Core.Parameter, Sitecore.Commerce.Core]], mscorlib]], mscorlib]], mscorlib]], mscorlib"},"Components":{"$type":"System.Collections.Generic.List`1[[Sitecore.Commerce.Core.Component, Sitecore.Commerce.Core]], mscorlib","$values":[]},"DateCreated":"2018-01-18T13:53:29.4038208+00:00","DateUpdated":"2018-01-18T13:54:42.5659698+00:00","DisplayName":"","Id":"Entity-LocalizationEntity-8b0dfa6b62a14f41802727422a402828","Version":4,"IsPersisted":true,"Name":"","Policies":{"$type":"System.Collections.Generic.List`1[[Sitecore.Commerce.Core.Policy, Sitecore.Commerce.Core]], mscorlib","$values":[]}},{"$type":"Sitecore.Commerce.Core.LocalizationEntity, Sitecore.Commerce.Core","HasProperties":true,"HasComponentsProperties":false,"Properties":{"$type":"System.Collections.Concurrent.ConcurrentDictionary`2[[System.String, mscorlib],[System.Collections.Generic.List`1[[Sitecore.Commerce.Core.Parameter, Sitecore.Commerce.Core]], mscorlib]], mscorlib","DisplayName":{"$type":"System.Collections.Generic.List`1[[Sitecore.Commerce.Core.Parameter, Sitecore.Commerce.Core]], mscorlib","$values":[{"$type":"Sitecore.Commerce.Core.Parameter, Sitecore.Commerce.Core","Key":"de-DE","Value":"Zubehör"},{"$type":"Sitecore.Commerce.Core.Parameter, Sitecore.Commerce.Core","Key":"en-US","Value":"Supplies"},{"$type":"Sitecore.Commerce.Core.Parameter, Sitecore.Commerce.Core","Key":"fr-FR","Value":"Petit équipement"},{"$type":"Sitecore.Commerce.Core.Parameter, Sitecore.Commerce.Core","Key":"ja-JP","Value":"サプライ"},{"$type":"Sitecore.Commerce.Core.Parameter, Sitecore.Commerce.Core","Key":"en","Value":"Supplies"}]},"Description":{"$type":"System.Collections.Generic.List`1[[Sitecore.Commerce.Core.Parameter, Sitecore.Commerce.Core]], mscorlib","$values":[{"$type":"Sitecore.Commerce.Core.Parameter, Sitecore.Commerce.Core","Key":"de-DE","Value":"Katalogbereich für Zubehör"},{"$type":"Sitecore.Commerce.Core.Parameter, Sitecore.Commerce.Core","Key":"en-US","Value":"Catalog Section for Supplies"},{"$type":"Sitecore.Commerce.Core.Parameter, Sitecore.Commerce.Core","Key":"fr-FR","Value":"Section Petit équipement du catalogue"},{"$type":"Sitecore.Commerce.Core.Parameter, Sitecore.Commerce.Core","Key":"ja-JP","Value":"カタログ セレクション (サプライ)"},{"$type":"Sitecore.Commerce.Core.Parameter, Sitecore.Commerce.Core","Key":"en","Value":"Catalog Section for Supplies"}]}},"ComponentsProperties":{"$type":"System.Collections.Concurrent.ConcurrentDictionary`2[[System.String, mscorlib],[System.Collections.Concurrent.ConcurrentDictionary`2[[System.String, mscorlib],[System.Collections.Concurrent.ConcurrentDictionary`2[[System.String, mscorlib],[System.Collections.Generic.List`1[[Sitecore.Commerce.Core.Parameter, Sitecore.Commerce.Core]], mscorlib]], mscorlib]], mscorlib]], mscorlib"},"Components":{"$type":"System.Collections.Generic.List`1[[Sitecore.Commerce.Core.Component, Sitecore.Commerce.Core]], mscorlib","$values":[]},"DateCreated":"2018-01-18T13:53:29.4038208+00:00","DateUpdated":"2018-01-18T13:54:42.7089736+00:00","DisplayName":"","Id":"Entity-LocalizationEntity-1abd8c269a2049b29e200a582d58f6f9","Version":5,"IsPersisted":true,"Name":"","Policies":{"$type":"System.Collections.Generic.List`1[[Sitecore.Commerce.Core.Policy, Sitecore.Commerce.Core]], mscorlib","$values":[]}},{"$type":"Sitecore.Commerce.Core.LocalizationEntity, Sitecore.Commerce.Core","HasProperties":true,"HasComponentsProperties":false,"Properties":{"$type":"System.Collections.Concurrent.ConcurrentDictionary`2[[System.String, mscorlib],[System.Collections.Generic.List`1[[Sitecore.Commerce.Core.Parameter, Sitecore.Commerce.Core]], mscorlib]], mscorlib","DisplayName":{"$type":"System.Collections.Generic.List`1[[Sitecore.Commerce.Core.Parameter, Sitecore.Commerce.Core]], mscorlib","$values":[{"$type":"Sitecore.Commerce.Core.Parameter, Sitecore.Commerce.Core","Key":"de-DE","Value":"Zelte"},{"$type":"Sitecore.Commerce.Core.Parameter, Sitecore.Commerce.Core","Key":"en-US","Value":"Tents"},{"$type":"Sitecore.Commerce.Core.Parameter, Sitecore.Commerce.Core","Key":"fr-FR","Value":"Tentes"},{"$type":"Sitecore.Commerce.Core.Parameter, Sitecore.Commerce.Core","Key":"ja-JP","Value":"テント"},{"$type":"Sitecore.Commerce.Core.Parameter, Sitecore.Commerce.Core","Key":"en","Value":"Tents"}]},"Description":{"$type":"System.Collections.Generic.List`1[[Sitecore.Commerce.Core.Parameter, Sitecore.Commerce.Core]], mscorlib","$values":[{"$type":"Sitecore.Commerce.Core.Parameter, Sitecore.Commerce.Core","Key":"de-DE","Value":"Katalogbereich für Zelte"},{"$type":"Sitecore.Commerce.Core.Parameter, Sitecore.Commerce.Core","Key":"en-US","Value":"Catalog Section for Tents"},{"$type":"Sitecore.Commerce.Core.Parameter, Sitecore.Commerce.Core","Key":"fr-FR","Value":"Section Tentes du catalogue"},{"$type":"Sitecore.Commerce.Core.Parameter, Sitecore.Commerce.Core","Key":"ja-JP","Value":"カタログ セレクション (テント)"},{"$type":"Sitecore.Commerce.Core.Parameter, Sitecore.Commerce.Core","Key":"en","Value":"Catalog Section for Tents"}]}},"ComponentsProperties":{"$type":"System.Collections.Concurrent.ConcurrentDictionary`2[[System.String, mscorlib],[System.Collections.Concurrent.ConcurrentDictionary`2[[System.String, mscorlib],[System.Collections.Concurrent.ConcurrentDictionary`2[[System.String, mscorlib],[System.Collections.Generic.List`1[[Sitecore.Commerce.Core.Parameter, Sitecore.Commerce.Core]], mscorlib]], mscorlib]], mscorlib]], mscorlib"},"Components":{"$type":"System.Collections.Generic.List`1[[Sitecore.Commerce.Core.Component, Sitecore.Commerce.Core]], mscorlib","$values":[]},"DateCreated":"2018-01-18T13:53:29.4038208+00:00","DateUpdated":"2018-01-18T13:54:46.0852261+00:00","DisplayName":"","Id":"Entity-LocalizationEntity-f14b359faa4a4b75a323db7f04fbb927","Version":4,"IsPersisted":true,"Name":"","Policies":{"$type":"System.Collections.Generic.List`1[[Sitecore.Commerce.Core.Policy, Sitecore.Commerce.Core]], mscorlib","$values":[]}},{"$type":"Sitecore.Commerce.Core.LocalizationEntity, Sitecore.Commerce.Core","HasProperties":true,"HasComponentsProperties":true,"Properties":{"$type":"System.Collections.Concurrent.ConcurrentDictionary`2[[System.String, mscorlib],[System.Collections.Generic.List`1[[Sitecore.Commerce.Core.Parameter, Sitecore.Commerce.Core]], mscorlib]], mscorlib","DisplayName":{"$type":"System.Collections.Generic.List`1[[Sitecore.Commerce.Core.Parameter, Sitecore.Commerce.Core]], mscorlib","$values":[{"$type":"Sitecore.Commerce.Core.Parameter, Sitecore.Commerce.Core","Key":"en-US","Value":"Gift Card"},{"$type":"Sitecore.Commerce.Core.Parameter, Sitecore.Commerce.Core","Key":"en","Value":"Gift Card"}]},"Description":{"$type":"System.Collections.Generic.List`1[[Sitecore.Commerce.Core.Parameter, Sitecore.Commerce.Core]], mscorlib","$values":[{"$type":"Sitecore.Commerce.Core.Parameter, Sitecore.Commerce.Core","Key":"en-US","Value":"Gift Card"},{"$type":"Sitecore.Commerce.Core.Parameter, Sitecore.Commerce.Core","Key":"en","Value":"Gift Card"}]},"Brand":{"$type":"System.Collections.Generic.List`1[[Sitecore.Commerce.Core.Parameter, Sitecore.Commerce.Core]], mscorlib","$values":[{"$type":"Sitecore.Commerce.Core.Parameter, Sitecore.Commerce.Core","Key":"en","Value":""}]}},"ComponentsProperties":{"$type":"System.Collections.Concurrent.ConcurrentDictionary`2[[System.String, mscorlib],[System.Collections.Concurrent.ConcurrentDictionary`2[[System.String, mscorlib],[System.Collections.Concurrent.ConcurrentDictionary`2[[System.String, mscorlib],[System.Collections.Generic.List`1[[Sitecore.Commerce.Core.Parameter, Sitecore.Commerce.Core]], mscorlib]], mscorlib]], mscorlib]], mscorlib","ItemVariationsComponent.ItemVariationComponent":{"$type":"System.Collections.Concurrent.ConcurrentDictionary`2[[System.String, mscorlib],[System.Collections.Concurrent.ConcurrentDictionary`2[[System.String, mscorlib],[System.Collections.Generic.List`1[[Sitecore.Commerce.Core.Parameter, Sitecore.Commerce.Core]], mscorlib]], mscorlib]], mscorlib","050":{"$type":"System.Collections.Concurrent.ConcurrentDictionary`2[[System.String, mscorlib],[System.Collections.Generic.List`1[[Sitecore.Commerce.Core.Parameter, Sitecore.Commerce.Core]], mscorlib]], mscorlib","DisplayName":{"$type":"System.Collections.Generic.List`1[[Sitecore.Commerce.Core.Parameter, Sitecore.Commerce.Core]], mscorlib","$values":[{"$type":"Sitecore.Commerce.Core.Parameter, Sitecore.Commerce.Core","Key":"en-US","Value":"Gift Card"},{"$type":"Sitecore.Commerce.Core.Parameter, Sitecore.Commerce.Core","Key":"en","Value":"Gift Card"}]},"Description":{"$type":"System.Collections.Generic.List`1[[Sitecore.Commerce.Core.Parameter, Sitecore.Commerce.Core]], mscorlib","$values":[{"$type":"Sitecore.Commerce.Core.Parameter, Sitecore.Commerce.Core","Key":"en","Value":""}]}},"010":{"$type":"System.Collections.Concurrent.ConcurrentDictionary`2[[System.String, mscorlib],[System.Collections.Generic.List`1[[Sitecore.Commerce.Core.Parameter, Sitecore.Commerce.Core]], mscorlib]], mscorlib","DisplayName":{"$type":"System.Collections.Generic.List`1[[Sitecore.Commerce.Core.Parameter, Sitecore.Commerce.Core]], mscorlib","$values":[{"$type":"Sitecore.Commerce.Core.Parameter, Sitecore.Commerce.Core","Key":"en-US","Value":"Gift Card"},{"$type":"Sitecore.Commerce.Core.Parameter, Sitecore.Commerce.Core","Key":"en","Value":"Gift Card"}]},"Description":{"$type":"System.Collections.Generic.List`1[[Sitecore.Commerce.Core.Parameter, Sitecore.Commerce.Core]], mscorlib","$values":[{"$type":"Sitecore.Commerce.Core.Parameter, Sitecore.Commerce.Core","Key":"en","Value":""}]}},"025":{"$type":"System.Collections.Concurrent.ConcurrentDictionary`2[[System.String, mscorlib],[System.Collections.Generic.List`1[[Sitecore.Commerce.Core.Parameter, Sitecore.Commerce.Core]], mscorlib]], mscorlib","DisplayName":{"$type":"System.Collections.Generic.List`1[[Sitecore.Commerce.Core.Parameter, Sitecore.Commerce.Core]], mscorlib","$values":[{"$type":"Sitecore.Commerce.Core.Parameter, Sitecore.Commerce.Core","Key":"en-US","Value":"Gift Card"},{"$type":"Sitecore.Commerce.Core.Parameter, Sitecore.Commerce.Core","Key":"en","Value":"Gift Card"}]},"Description":{"$type":"System.Collections.Generic.List`1[[Sitecore.Commerce.Core.Parameter, Sitecore.Commerce.Core]], mscorlib","$values":[{"$type":"Sitecore.Commerce.Core.Parameter, Sitecore.Commerce.Core","Key":"en","Value":""}]}},"020":{"$type":"System.Collections.Concurrent.ConcurrentDictionary`2[[System.String, mscorlib],[System.Collections.Generic.List`1[[Sitecore.Commerce.Core.Parameter, Sitecore.Commerce.Core]], mscorlib]], mscorlib","DisplayName":{"$type":"System.Collections.Generic.List`1[[Sitecore.Commerce.Core.Parameter, Sitecore.Commerce.Core]], mscorlib","$values":[{"$type":"Sitecore.Commerce.Core.Parameter, Sitecore.Commerce.Core","Key":"en-US","Value":"Gift Card"},{"$type":"Sitecore.Commerce.Core.Parameter, Sitecore.Commerce.Core","Key":"en","Value":"Gift Card"}]},"Description":{"$type":"System.Collections.Generic.List`1[[Sitecore.Commerce.Core.Parameter, Sitecore.Commerce.Core]], mscorlib","$values":[{"$type":"Sitecore.Commerce.Core.Parameter, Sitecore.Commerce.Core","Key":"en","Value":""}]}},"100":{"$type":"System.Collections.Concurrent.ConcurrentDictionary`2[[System.String, mscorlib],[System.Collections.Generic.List`1[[Sitecore.Commerce.Core.Parameter, Sitecore.Commerce.Core]], mscorlib]], mscorlib","DisplayName":{"$type":"System.Collections.Generic.List`1[[Sitecore.Commerce.Core.Parameter, Sitecore.Commerce.Core]], mscorlib","$values":[{"$type":"Sitecore.Commerce.Core.Parameter, Sitecore.Commerce.Core","Key":"en-US","Value":"Gift Card"},{"$type":"Sitecore.Commerce.Core.Parameter, Sitecore.Commerce.Core","Key":"en","Value":"Gift Card"}]},"Description":{"$type":"System.Collections.Generic.List`1[[Sitecore.Commerce.Core.Parameter, Sitecore.Commerce.Core]], mscorlib","$values":[{"$type":"Sitecore.Commerce.Core.Parameter, Sitecore.Commerce.Core","Key":"en","Value":""}]}}},"ItemVariationsComponent.ItemVariationComponent.DisplayPropertiesComponent":{"$type":"System.Collections.Concurrent.ConcurrentDictionary`2[[System.String, mscorlib],[System.Collections.Concurrent.ConcurrentDictionary`2[[System.String, mscorlib],[System.Collections.Generic.List`1[[Sitecore.Commerce.Core.Parameter, Sitecore.Commerce.Core]], mscorlib]], mscorlib]], mscorlib","8e5dba4138ac49618be7a663c01154b3":{"$type":"System.Collections.Concurrent.ConcurrentDictionary`2[[System.String, mscorlib],[System.Collections.Generic.List`1[[Sitecore.Commerce.Core.Parameter, Sitecore.Commerce.Core]], mscorlib]], mscorlib","DisambiguatingDescription":{"$type":"System.Collections.Generic.List`1[[Sitecore.Commerce.Core.Parameter, Sitecore.Commerce.Core]], mscorlib","$values":[{"$type":"Sitecore.Commerce.Core.Parameter, Sitecore.Commerce.Core","Key":"en","Value":""}]},"Color":{"$type":"System.Collections.Generic.List`1[[Sitecore.Commerce.Core.Parameter, Sitecore.Commerce.Core]], mscorlib","$values":[{"$type":"Sitecore.Commerce.Core.Parameter, Sitecore.Commerce.Core","Key":"en","Value":""}]},"Style":{"$type":"System.Collections.Generic.List`1[[Sitecore.Commerce.Core.Parameter, Sitecore.Commerce.Core]], mscorlib","$values":[{"$type":"Sitecore.Commerce.Core.Parameter, Sitecore.Commerce.Core","Key":"en","Value":""}]}},"f5694911943d46a19928fc86c8a03b0c":{"$type":"System.Collections.Concurrent.ConcurrentDictionary`2[[System.String, mscorlib],[System.Collections.Generic.List`1[[Sitecore.Commerce.Core.Parameter, Sitecore.Commerce.Core]], mscorlib]], mscorlib","DisambiguatingDescription":{"$type":"System.Collections.Generic.List`1[[Sitecore.Commerce.Core.Parameter, Sitecore.Commerce.Core]], mscorlib","$values":[{"$type":"Sitecore.Commerce.Core.Parameter, Sitecore.Commerce.Core","Key":"en","Value":""}]},"Color":{"$type":"System.Collections.Generic.List`1[[Sitecore.Commerce.Core.Parameter, Sitecore.Commerce.Core]], mscorlib","$values":[{"$type":"Sitecore.Commerce.Core.Parameter, Sitecore.Commerce.Core","Key":"en","Value":""}]},"Style":{"$type":"System.Collections.Generic.List`1[[Sitecore.Commerce.Core.Parameter, Sitecore.Commerce.Core]], mscorlib","$values":[{"$type":"Sitecore.Commerce.Core.Parameter, Sitecore.Commerce.Core","Key":"en","Value":""}]}},"4da64d6738b2455aa61041da0460c53e":{"$type":"System.Collections.Concurrent.ConcurrentDictionary`2[[System.String, mscorlib],[System.Collections.Generic.List`1[[Sitecore.Commerce.Core.Parameter, Sitecore.Commerce.Core]], mscorlib]], mscorlib","DisambiguatingDescription":{"$type":"System.Collections.Generic.List`1[[Sitecore.Commerce.Core.Parameter, Sitecore.Commerce.Core]], mscorlib","$values":[{"$type":"Sitecore.Commerce.Core.Parameter, Sitecore.Commerce.Core","Key":"en","Value":""}]},"Color":{"$type":"System.Collections.Generic.List`1[[Sitecore.Commerce.Core.Parameter, Sitecore.Commerce.Core]], mscorlib","$values":[{"$type":"Sitecore.Commerce.Core.Parameter, Sitecore.Commerce.Core","Key":"en","Value":""}]},"Style":{"$type":"System.Collections.Generic.List`1[[Sitecore.Commerce.Core.Parameter, Sitecore.Commerce.Core]], mscorlib","$values":[{"$type":"Sitecore.Commerce.Core.Parameter, Sitecore.Commerce.Core","Key":"en","Value":""}]}},"97d4914469774f7eb4144e4f5d4a1520":{"$type":"System.Collections.Concurrent.ConcurrentDictionary`2[[System.String, mscorlib],[System.Collections.Generic.List`1[[Sitecore.Commerce.Core.Parameter, Sitecore.Commerce.Core]], mscorlib]], mscorlib","DisambiguatingDescription":{"$type":"System.Collections.Generic.List`1[[Sitecore.Commerce.Core.Parameter, Sitecore.Commerce.Core]], mscorlib","$values":[{"$type":"Sitecore.Commerce.Core.Parameter, Sitecore.Commerce.Core","Key":"en","Value":""}]},"Color":{"$type":"System.Collections.Generic.List`1[[Sitecore.Commerce.Core.Parameter, Sitecore.Commerce.Core]], mscorlib","$values":[{"$type":"Sitecore.Commerce.Core.Parameter, Sitecore.Commerce.Core","Key":"en","Value":""}]},"Style":{"$type":"System.Collections.Generic.List`1[[Sitecore.Commerce.Core.Parameter, Sitecore.Commerce.Core]], mscorlib","$values":[{"$type":"Sitecore.Commerce.Core.Parameter, Sitecore.Commerce.Core","Key":"en","Value":""}]}},"5e379ed826894e4ab1b790b0eb1112e3":{"$type":"System.Collections.Concurrent.ConcurrentDictionary`2[[System.String, mscorlib],[System.Collections.Generic.List`1[[Sitecore.Commerce.Core.Parameter, Sitecore.Commerce.Core]], mscorlib]], mscorlib","DisambiguatingDescription":{"$type":"System.Collections.Generic.List`1[[Sitecore.Commerce.Core.Parameter, Sitecore.Commerce.Core]], mscorlib","$values":[{"$type":"Sitecore.Commerce.Core.Parameter, Sitecore.Commerce.Core","Key":"en","Value":""}]},"Color":{"$type":"System.Collections.Generic.List`1[[Sitecore.Commerce.Core.Parameter, Sitecore.Commerce.Core]], mscorlib","$values":[{"$type":"Sitecore.Commerce.Core.Parameter, Sitecore.Commerce.Core","Key":"en","Value":""}]},"Style":{"$type":"System.Collections.Generic.List`1[[Sitecore.Commerce.Core.Parameter, Sitecore.Commerce.Core]], mscorlib","$values":[{"$type":"Sitecore.Commerce.Core.Parameter, Sitecore.Commerce.Core","Key":"en","Value":""}]}}}},"Components":{"$type":"System.Collections.Generic.List`1[[Sitecore.Commerce.Core.Component, Sitecore.Commerce.Core]], mscorlib","$values":[]},"DateCreated":"2018-01-18T13:53:29.4548348+00:00","DateUpdated":"2018-01-18T13:54:50.2235248+00:00","DisplayName":"","Id":"Entity-LocalizationEntity-bbc3d38e0bab4cefbb153f81720550b5","Version":4,"IsPersisted":true,"Name":"","Policies":{"$type":"System.Collections.Generic.List`1[[Sitecore.Commerce.Core.Policy, Sitecore.Commerce.Core]], mscorlib","$values":[]}},{"$type":"Sitecore.Commerce.Core.LocalizationEntity, Sitecore.Commerce.Core","HasProperties":true,"HasComponentsProperties":false,"Properties":{"$type":"System.Collections.Concurrent.ConcurrentDictionary`2[[System.String, mscorlib],[System.Collections.Generic.List`1[[Sitecore.Commerce.Core.Parameter, Sitecore.Commerce.Core]], mscorlib]], mscorlib","DisplayName":{"$type":"System.Collections.Generic.List`1[[Sitecore.Commerce.Core.Parameter, Sitecore.Commerce.Core]], mscorlib","$values":[{"$type":"Sitecore.Commerce.Core.Parameter, Sitecore.Commerce.Core","Key":"de-DE","Value":"Black Diamond Quicksilver II"},{"$type":"Sitecore.Commerce.Core.Parameter, Sitecore.Commerce.Core","Key":"en-US","Value":"Black Diamond Quicksilver II"},{"$type":"Sitecore.Commerce.Core.Parameter, Sitecore.Commerce.Core","Key":"fr-FR","Value":"Black Diamond Quicksilver II"},{"$type":"Sitecore.Commerce.Core.Parameter, Sitecore.Commerce.Core","Key":"ja-JP","Value":"Black Diamond Quicksilver II"},{"$type":"Sitecore.Commerce.Core.Parameter, Sitecore.Commerce.Core","Key":"en","Value":"Black Diamond Quicksilver II"}]},"Description":{"$type":"System.Collections.Generic.List`1[[Sitecore.Commerce.Core.Parameter, Sitecore.Commerce.Core]], mscorlib","$values":[{"$type":"Sitecore.Commerce.Core.Parameter, Sitecore.Commerce.Core","Key":"de-DE","Value":"Gerade"},{"$type":"Sitecore.Commerce.Core.Parameter, Sitecore.Commerce.Core","Key":"en-US","Value":"Straight"},{"$type":"Sitecore.Commerce.Core.Parameter, Sitecore.Commerce.Core","Key":"fr-FR","Value":"Doigt droit"},{"$type":"Sitecore.Commerce.Core.Parameter, Sitecore.Commerce.Core","Key":"ja-JP","Value":"ストレート"},{"$type":"Sitecore.Commerce.Core.Parameter, Sitecore.Commerce.Core","Key":"en","Value":"Straight"}]},"Brand":{"$type":"System.Collections.Generic.List`1[[Sitecore.Commerce.Core.Parameter, Sitecore.Commerce.Core]], mscorlib","$values":[{"$type":"Sitecore.Commerce.Core.Parameter, Sitecore.Commerce.Core","Key":"en","Value":""}]}},"ComponentsProperties":{"$type":"System.Collections.Concurrent.ConcurrentDictionary`2[[System.String, mscorlib],[System.Collections.Concurrent.ConcurrentDictionary`2[[System.String, mscorlib],[System.Collections.Concurrent.ConcurrentDictionary`2[[System.String, mscorlib],[System.Collections.Generic.List`1[[Sitecore.Commerce.Core.Parameter, Sitecore.Commerce.Core]], mscorlib]], mscorlib]], mscorlib]], mscorlib"},"Components":{"$type":"System.Collections.Generic.List`1[[Sitecore.Commerce.Core.Component, Sitecore.Commerce.Core]], mscorlib","$values":[]},"DateCreated":"2018-01-18T13:53:29.4418027+00:00","DateUpdated":"2018-01-18T13:54:52.0366383+00:00","DisplayName":"","Id":"Entity-LocalizationEntity-4cdb97a18cc5478dad79be74ab292340","Version":5,"IsPersisted":true,"Name":"","Policies":{"$type":"System.Collections.Generic.List`1[[Sitecore.Commerce.Core.Policy, Sitecore.Commerce.Core]], mscorlib","$values":[]}},{"$type":"Sitecore.Commerce.Core.LocalizationEntity, Sitecore.Commerce.Core","HasProperties":true,"HasComponentsProperties":false,"Properties":{"$type":"System.Collections.Concurrent.ConcurrentDictionary`2[[System.String, mscorlib],[System.Collections.Generic.List`1[[Sitecore.Commerce.Core.Parameter, Sitecore.Commerce.Core]], mscorlib]], mscorlib","DisplayName":{"$type":"System.Collections.Generic.List`1[[Sitecore.Commerce.Core.Parameter, Sitecore.Commerce.Core]], mscorlib","$values":[{"$type":"Sitecore.Commerce.Core.Parameter, Sitecore.Commerce.Core","Key":"de-DE","Value":"Black Diamond Quicksilver II"},{"$type":"Sitecore.Commerce.Core.Parameter, Sitecore.Commerce.Core","Key":"en-US","Value":"Black Diamond Quicksilver II"},{"$type":"Sitecore.Commerce.Core.Parameter, Sitecore.Commerce.Core","Key":"fr-FR","Value":"Black Diamond Quicksilver II"},{"$type":"Sitecore.Commerce.Core.Parameter, Sitecore.Commerce.Core","Key":"ja-JP","Value":"Black Diamond Quicksilver II"},{"$type":"Sitecore.Commerce.Core.Parameter, Sitecore.Commerce.Core","Key":"en","Value":"Black Diamond Quicksilver II"}]},"Description":{"$type":"System.Collections.Generic.List`1[[Sitecore.Commerce.Core.Parameter, Sitecore.Commerce.Core]], mscorlib","$values":[{"$type":"Sitecore.Commerce.Core.Parameter, Sitecore.Commerce.Core","Key":"de-DE","Value":"Gerade"},{"$type":"Sitecore.Commerce.Core.Parameter, Sitecore.Commerce.Core","Key":"en-US","Value":"Straight"},{"$type":"Sitecore.Commerce.Core.Parameter, Sitecore.Commerce.Core","Key":"fr-FR","Value":"Doigt droit"},{"$type":"Sitecore.Commerce.Core.Parameter, Sitecore.Commerce.Core","Key":"ja-JP","Value":"ストレート"},{"$type":"Sitecore.Commerce.Core.Parameter, Sitecore.Commerce.Core","Key":"en","Value":"Straight"}]},"Brand":{"$type":"System.Collections.Generic.List`1[[Sitecore.Commerce.Core.Parameter, Sitecore.Commerce.Core]], mscorlib","$values":[{"$type":"Sitecore.Commerce.Core.Parameter, Sitecore.Commerce.Core","Key":"en","Value":""}]}},"ComponentsProperties":{"$type":"System.Collections.Concurrent.ConcurrentDictionary`2[[System.String, mscorlib],[System.Collections.Concurrent.ConcurrentDictionary`2[[System.String, mscorlib],[System.Collections.Concurrent.ConcurrentDictionary`2[[System.String, mscorlib],[System.Collections.Generic.List`1[[Sitecore.Commerce.Core.Parameter, Sitecore.Commerce.Core]], mscorlib]], mscorlib]], mscorlib]], mscorlib"},"Components":{"$type":"System.Collections.Generic.List`1[[Sitecore.Commerce.Core.Component, Sitecore.Commerce.Core]], mscorlib","$values":[]},"DateCreated":"2018-01-18T13:53:29.4418027+00:00","DateUpdated":"2018-01-18T13:54:40.1358816+00:00","DisplayName":"","Id":"Entity-LocalizationEntity-1d77c850e5c94d3daf1776ad21c5b1f9","Version":3,"IsPersisted":true,"Name":"","Policies":{"$type":"System.Collections.Generic.List`1[[Sitecore.Commerce.Core.Policy, Sitecore.Commerce.Core]], mscorlib","$values":[]}}]}