{"$type":"System.Collections.Generic.List`1[[Sitecore.Commerce.Plugin.Catalog.RelationshipArgument, Sitecore.Commerce.Plugin.Catalog]], mscorlib","$values":[{"$type":"Sitecore.Commerce.Plugin.Catalog.RelationshipArgument, Sitecore.Commerce.Plugin.Catalog","SourceName":"Entity-Catalog-Adventure Works Catalog","TargetName":"Entity-Category-Adventure Works Catalog-Departments","RelationshipType":"CatalogToCategory"},{"$type":"Sitecore.Commerce.Plugin.Catalog.RelationshipArgument, Sitecore.Commerce.Plugin.Catalog","SourceName":"Entity-Catalog-Adventure Works Catalog","TargetName":"Entity-Category-Adventure Works Catalog-FeaturedProducts","RelationshipType":"CatalogToCategory"}]}