{"$type":"System.Collections.Generic.List`1[[Sitecore.Commerce.Plugin.Catalog.SellableItem, Sitecore.Commerce.Plugin.Catalog]], mscorlib","$values":[{"$type":"Sitecore.Commerce.Plugin.Catalog.SellableItem, Sitecore.Commerce.Plugin.Catalog","Description":"Lightweight Nubuck leather/nylon, water-resistant boots, polyurethane soles.","ProductId":"AW078 04","Brand":"Contoso","Manufacturer":"","TypeOfGood":"","Tags":{"$type":"System.Collections.Generic.List`1[[Sitecore.Commerce.Core.Tag, Sitecore.Commerce.Core]], mscorlib","$values":[]},"SitecoreId":"8af2b9e8-fbe1-12ff-9506-8dfa34509964","ParentCatalogList":"6341f64d-8213-fdda-402e-df49207158a4","ParentCategoryList":"1f3e0a83-cc35-35ed-fe1c-26cd556624a6","Components":{"$type":"System.Collections.Generic.List`1[[Sitecore.Commerce.Core.Component, Sitecore.Commerce.Core]], mscorlib","$values":[{"$type":"Sitecore.Commerce.Core.LocalizedEntityComponent, Sitecore.Commerce.Core","Entity":{"$type":"Sitecore.Commerce.Core.EntityReference, Sitecore.Commerce.Core","Name":"","EntityTarget":"Entity-LocalizationEntity-8dacbd5ab33a4a98a3f3d1f2cef23e65","Policies":{"$type":"System.Collections.Generic.List`1[[Sitecore.Commerce.Core.Policy, Sitecore.Commerce.Core]], mscorlib","$values":[]}},"Id":"d555f6f4963b41ec8a178dd5f850e251","Name":"","Comments":"","Policies":{"$type":"System.Collections.Generic.List`1[[Sitecore.Commerce.Core.Policy, Sitecore.Commerce.Core]], mscorlib","$values":[]},"ChildComponents":{"$type":"System.Collections.Generic.List`1[[Sitecore.Commerce.Core.Component, Sitecore.Commerce.Core]], mscorlib","$values":[]}},{"$type":"Sitecore.Commerce.Plugin.Catalog.CatalogsComponent, Sitecore.Commerce.Plugin.Catalog","Id":"6ecabc4e9d1f47b3a26fe88eeafe898a","Name":"","Comments":"","Policies":{"$type":"System.Collections.Generic.List`1[[Sitecore.Commerce.Core.Policy, Sitecore.Commerce.Core]], mscorlib","$values":[]},"ChildComponents":{"$type":"System.Collections.Generic.List`1[[Sitecore.Commerce.Core.Component, Sitecore.Commerce.Core]], mscorlib","$values":[{"$type":"Sitecore.Commerce.Plugin.Catalog.CatalogComponent, Sitecore.Commerce.Plugin.Catalog","ChildCategories":{"$type":"System.Collections.Generic.List`1[[Sitecore.Commerce.Plugin.Catalog.Category, Sitecore.Commerce.Plugin.Catalog]], mscorlib","$values":[]},"CatalogLanguages":{"$type":"System.Collections.Generic.List`1[[Sitecore.Commerce.Core.Language, Sitecore.Commerce.Core]], mscorlib","$values":[]},"Id":"be50c1c4334844bb89da8c56b864d70d","Name":"Adventure Works Catalog","Comments":"","Policies":{"$type":"System.Collections.Generic.List`1[[Sitecore.Commerce.Core.Policy, Sitecore.Commerce.Core]], mscorlib","$values":[]},"ChildComponents":{"$type":"System.Collections.Generic.List`1[[Sitecore.Commerce.Core.Component, Sitecore.Commerce.Core]], mscorlib","$values":[]}}]}},{"$type":"Sitecore.Commerce.Plugin.Catalog.ImagesComponent, Sitecore.Commerce.Plugin.Catalog","Images":{"$type":"System.Collections.Generic.List`1[[System.String, mscorlib]], mscorlib","$values":["e24e27ae-e919-42d0-99cf-fa81e27b2be8","467be8e2-1b2d-4a15-94d1-ea2b825deb47","5d99b28b-f6e9-4d7f-96ea-7d6966ef7ace","e1b466b1-53fa-4eb9-882d-202ae112e2c4"]},"Id":"97fca668ea5146eeabedb9b7bf5c8bc7","Name":"","Comments":"","Policies":{"$type":"System.Collections.Generic.List`1[[Sitecore.Commerce.Core.Policy, Sitecore.Commerce.Core]], mscorlib","$values":[]},"ChildComponents":{"$type":"System.Collections.Generic.List`1[[Sitecore.Commerce.Core.Component, Sitecore.Commerce.Core]], mscorlib","$values":[]}},{"$type":"Sitecore.Commerce.Plugin.Catalog.ItemVariationsComponent, Sitecore.Commerce.Plugin.Catalog","Id":"3c8fca3c9e944928ba434f8f71e281b7","Name":"","Comments":"","Policies":{"$type":"System.Collections.Generic.List`1[[Sitecore.Commerce.Core.Policy, Sitecore.Commerce.Core]], mscorlib","$values":[]},"ChildComponents":{"$type":"System.Collections.Generic.List`1[[Sitecore.Commerce.Core.Component, Sitecore.Commerce.Core]], mscorlib","$values":[{"$type":"Sitecore.Commerce.Plugin.Catalog.ItemVariationComponent, Sitecore.Commerce.Plugin.Catalog","DisplayName":"Rockies (Green)","Description":"","Tags":{"$type":"System.Collections.Generic.List`1[[Sitecore.Commerce.Core.Tag, Sitecore.Commerce.Core]], mscorlib","$values":[]},"Disabled":false,"Id":"6","Name":"Rockies (Green)","Comments":"","Policies":{"$type":"System.Collections.Generic.List`1[[Sitecore.Commerce.Core.Policy, Sitecore.Commerce.Core]], mscorlib","$values":[{"$type":"Sitecore.Commerce.Plugin.Pricing.ListPricingPolicy, Sitecore.Commerce.Plugin.Pricing","Prices":{"$type":"System.Collections.Generic.List`1[[Sitecore.Commerce.Core.Money, Sitecore.Commerce.Core]], mscorlib","$values":[{"$type":"Sitecore.Commerce.Core.Money, Sitecore.Commerce.Core","CurrencyCode":"USD","Amount":85.0},{"$type":"Sitecore.Commerce.Core.Money, Sitecore.Commerce.Core","CurrencyCode":"CAD","Amount":86.0}]},"PolicyId":"1270907488d840a783ef301d04b4fa6f","Models":{"$type":"System.Collections.Generic.List`1[[Sitecore.Commerce.Core.Model, Sitecore.Commerce.Core]], mscorlib","$values":[]}}]},"ChildComponents":{"$type":"System.Collections.Generic.List`1[[Sitecore.Commerce.Core.Component, Sitecore.Commerce.Core]], mscorlib","$values":[{"$type":"Sitecore.Commerce.Plugin.Catalog.DisplayPropertiesComponent, Sitecore.Commerce.Plugin.Catalog","DisambiguatingDescription":"","DisplayOnSite":false,"DisplayInProductList":false,"Color":"Green","Size":"4-12","Style":"","Id":"b91d9ac04a7f47d788d2872f295e6a1d","Name":"","Comments":"","Policies":{"$type":"System.Collections.Generic.List`1[[Sitecore.Commerce.Core.Policy, Sitecore.Commerce.Core]], mscorlib","$values":[]},"ChildComponents":{"$type":"System.Collections.Generic.List`1[[Sitecore.Commerce.Core.Component, Sitecore.Commerce.Core]], mscorlib","$values":[]}},{"$type":"Sitecore.Commerce.Plugin.Inventory.InventoryComponent, Sitecore.Commerce.Plugin.Inventory","InventoryAssociations":{"$type":"System.Collections.Generic.List`1[[Sitecore.Commerce.Plugin.Inventory.InventoryAssociation, Sitecore.Commerce.Plugin.Inventory]], mscorlib","$values":[{"$type":"Sitecore.Commerce.Plugin.Inventory.InventoryAssociation, Sitecore.Commerce.Plugin.Inventory","InventoryInformation":{"$type":"Sitecore.Commerce.Core.EntityReference, Sitecore.Commerce.Core","Name":"","EntityTarget":"Entity-InventoryInformation-Adventure Works Inventory-AW078 04-6","Policies":{"$type":"System.Collections.Generic.List`1[[Sitecore.Commerce.Core.Policy, Sitecore.Commerce.Core]], mscorlib","$values":[]}},"InventorySet":{"$type":"Sitecore.Commerce.Core.EntityReference, Sitecore.Commerce.Core","Name":"","EntityTarget":"Entity-InventorySet-Adventure Works Inventory","Policies":{"$type":"System.Collections.Generic.List`1[[Sitecore.Commerce.Core.Policy, Sitecore.Commerce.Core]], mscorlib","$values":[]}},"Name":"","Policies":{"$type":"System.Collections.Generic.List`1[[Sitecore.Commerce.Core.Policy, Sitecore.Commerce.Core]], mscorlib","$values":[]}}]},"Id":"d9ae6386d6784333b15e4b4baad094b2","Name":"","Comments":"","Policies":{"$type":"System.Collections.Generic.List`1[[Sitecore.Commerce.Core.Policy, Sitecore.Commerce.Core]], mscorlib","$values":[]},"ChildComponents":{"$type":"System.Collections.Generic.List`1[[Sitecore.Commerce.Core.Component, Sitecore.Commerce.Core]], mscorlib","$values":[]}}]}},{"$type":"Sitecore.Commerce.Plugin.Catalog.ItemVariationComponent, Sitecore.Commerce.Plugin.Catalog","DisplayName":"Rockies (Gray)","Description":"","Tags":{"$type":"System.Collections.Generic.List`1[[Sitecore.Commerce.Core.Tag, Sitecore.Commerce.Core]], mscorlib","$values":[]},"Disabled":false,"Id":"7","Name":"Rockies (Gray)","Comments":"","Policies":{"$type":"System.Collections.Generic.List`1[[Sitecore.Commerce.Core.Policy, Sitecore.Commerce.Core]], mscorlib","$values":[{"$type":"Sitecore.Commerce.Plugin.Pricing.ListPricingPolicy, Sitecore.Commerce.Plugin.Pricing","Prices":{"$type":"System.Collections.Generic.List`1[[Sitecore.Commerce.Core.Money, Sitecore.Commerce.Core]], mscorlib","$values":[{"$type":"Sitecore.Commerce.Core.Money, Sitecore.Commerce.Core","CurrencyCode":"USD","Amount":85.0},{"$type":"Sitecore.Commerce.Core.Money, Sitecore.Commerce.Core","CurrencyCode":"CAD","Amount":86.0}]},"PolicyId":"4b7fb54b0ac34c8d8beb74b33eacda8d","Models":{"$type":"System.Collections.Generic.List`1[[Sitecore.Commerce.Core.Model, Sitecore.Commerce.Core]], mscorlib","$values":[]}}]},"ChildComponents":{"$type":"System.Collections.Generic.List`1[[Sitecore.Commerce.Core.Component, Sitecore.Commerce.Core]], mscorlib","$values":[{"$type":"Sitecore.Commerce.Plugin.Catalog.DisplayPropertiesComponent, Sitecore.Commerce.Plugin.Catalog","DisambiguatingDescription":"","DisplayOnSite":false,"DisplayInProductList":false,"Color":"Gray","Size":"4-12","Style":"","Id":"232f8281b695446b86b9dc2e8e972a55","Name":"","Comments":"","Policies":{"$type":"System.Collections.Generic.List`1[[Sitecore.Commerce.Core.Policy, Sitecore.Commerce.Core]], mscorlib","$values":[]},"ChildComponents":{"$type":"System.Collections.Generic.List`1[[Sitecore.Commerce.Core.Component, Sitecore.Commerce.Core]], mscorlib","$values":[]}},{"$type":"Sitecore.Commerce.Plugin.Inventory.InventoryComponent, Sitecore.Commerce.Plugin.Inventory","InventoryAssociations":{"$type":"System.Collections.Generic.List`1[[Sitecore.Commerce.Plugin.Inventory.InventoryAssociation, Sitecore.Commerce.Plugin.Inventory]], mscorlib","$values":[{"$type":"Sitecore.Commerce.Plugin.Inventory.InventoryAssociation, Sitecore.Commerce.Plugin.Inventory","InventoryInformation":{"$type":"Sitecore.Commerce.Core.EntityReference, Sitecore.Commerce.Core","Name":"","EntityTarget":"Entity-InventoryInformation-Adventure Works Inventory-AW078 04-7","Policies":{"$type":"System.Collections.Generic.List`1[[Sitecore.Commerce.Core.Policy, Sitecore.Commerce.Core]], mscorlib","$values":[]}},"InventorySet":{"$type":"Sitecore.Commerce.Core.EntityReference, Sitecore.Commerce.Core","Name":"","EntityTarget":"Entity-InventorySet-Adventure Works Inventory","Policies":{"$type":"System.Collections.Generic.List`1[[Sitecore.Commerce.Core.Policy, Sitecore.Commerce.Core]], mscorlib","$values":[]}},"Name":"","Policies":{"$type":"System.Collections.Generic.List`1[[Sitecore.Commerce.Core.Policy, Sitecore.Commerce.Core]], mscorlib","$values":[]}}]},"Id":"4d818981e43e464380ee727a71ea2c46","Name":"","Comments":"","Policies":{"$type":"System.Collections.Generic.List`1[[Sitecore.Commerce.Core.Policy, Sitecore.Commerce.Core]], mscorlib","$values":[]},"ChildComponents":{"$type":"System.Collections.Generic.List`1[[Sitecore.Commerce.Core.Component, Sitecore.Commerce.Core]], mscorlib","$values":[]}}]}}]}},{"$type":"Sitecore.Commerce.Plugin.ManagedLists.ListMembershipsComponent, Sitecore.Commerce.Plugin.ManagedLists","Memberships":{"$type":"System.Collections.Generic.List`1[[System.String, mscorlib]], mscorlib","$values":["SellableItems","CatalogItems"]},"Id":"07dc04da7e7b4efab7bf37463f4c2ace","Name":"","Comments":"","Policies":{"$type":"System.Collections.Generic.List`1[[Sitecore.Commerce.Core.Policy, Sitecore.Commerce.Core]], mscorlib","$values":[]},"ChildComponents":{"$type":"System.Collections.Generic.List`1[[Sitecore.Commerce.Core.Component, Sitecore.Commerce.Core]], mscorlib","$values":[]}}]},"DateCreated":"2018-01-18T13:53:29.4548348+00:00","DateUpdated":"2018-01-18T13:54:50.5725286+00:00","DisplayName":"Rockies","FriendlyId":"AW078 04","Id":"Entity-SellableItem-AW078 04","Version":3,"IsPersisted":true,"Name":"Rockies","Policies":{"$type":"System.Collections.Generic.List`1[[Sitecore.Commerce.Core.Policy, Sitecore.Commerce.Core]], mscorlib","$values":[{"$type":"Sitecore.Commerce.Plugin.Pricing.ListPricingPolicy, Sitecore.Commerce.Plugin.Pricing","Prices":{"$type":"System.Collections.Generic.List`1[[Sitecore.Commerce.Core.Money, Sitecore.Commerce.Core]], mscorlib","$values":[{"$type":"Sitecore.Commerce.Core.Money, Sitecore.Commerce.Core","CurrencyCode":"USD","Amount":85.0},{"$type":"Sitecore.Commerce.Core.Money, Sitecore.Commerce.Core","CurrencyCode":"CAD","Amount":86.0}]},"PolicyId":"605391fdd5904066bb141e22fc947384","Models":{"$type":"System.Collections.Generic.List`1[[Sitecore.Commerce.Core.Model, Sitecore.Commerce.Core]], mscorlib","$values":[]}}]}},{"$type":"Sitecore.Commerce.Plugin.Catalog.SellableItem, Sitecore.Commerce.Plugin.Catalog","Description":"All-around, durable shoes with Stealth soles.","ProductId":"AW084 05","Brand":"","Manufacturer":"","TypeOfGood":"","Tags":{"$type":"System.Collections.Generic.List`1[[Sitecore.Commerce.Core.Tag, Sitecore.Commerce.Core]], mscorlib","$values":[]},"SitecoreId":"1565f62d-9b82-dc77-a670-0d0381bbafad","ParentCatalogList":"6341f64d-8213-fdda-402e-df49207158a4","ParentCategoryList":"956fcfd0-ad63-bba6-0f6b-63aebf6a360a","Components":{"$type":"System.Collections.Generic.List`1[[Sitecore.Commerce.Core.Component, Sitecore.Commerce.Core]], mscorlib","$values":[{"$type":"Sitecore.Commerce.Core.LocalizedEntityComponent, Sitecore.Commerce.Core","Entity":{"$type":"Sitecore.Commerce.Core.EntityReference, Sitecore.Commerce.Core","Name":"","EntityTarget":"Entity-LocalizationEntity-98bebe77b1cf41518767293fe7a089a7","Policies":{"$type":"System.Collections.Generic.List`1[[Sitecore.Commerce.Core.Policy, Sitecore.Commerce.Core]], mscorlib","$values":[]}},"Id":"733507df2a2b47d9b267b426ac1c274d","Name":"","Comments":"","Policies":{"$type":"System.Collections.Generic.List`1[[Sitecore.Commerce.Core.Policy, Sitecore.Commerce.Core]], mscorlib","$values":[]},"ChildComponents":{"$type":"System.Collections.Generic.List`1[[Sitecore.Commerce.Core.Component, Sitecore.Commerce.Core]], mscorlib","$values":[]}},{"$type":"Sitecore.Commerce.Plugin.Catalog.CatalogsComponent, Sitecore.Commerce.Plugin.Catalog","Id":"f2dfdec0faf24b869ef7e20e30512262","Name":"","Comments":"","Policies":{"$type":"System.Collections.Generic.List`1[[Sitecore.Commerce.Core.Policy, Sitecore.Commerce.Core]], mscorlib","$values":[]},"ChildComponents":{"$type":"System.Collections.Generic.List`1[[Sitecore.Commerce.Core.Component, Sitecore.Commerce.Core]], mscorlib","$values":[{"$type":"Sitecore.Commerce.Plugin.Catalog.CatalogComponent, Sitecore.Commerce.Plugin.Catalog","ChildCategories":{"$type":"System.Collections.Generic.List`1[[Sitecore.Commerce.Plugin.Catalog.Category, Sitecore.Commerce.Plugin.Catalog]], mscorlib","$values":[]},"CatalogLanguages":{"$type":"System.Collections.Generic.List`1[[Sitecore.Commerce.Core.Language, Sitecore.Commerce.Core]], mscorlib","$values":[]},"Id":"80b28a8a98954d958467a82b3cd4aa8f","Name":"Adventure Works Catalog","Comments":"","Policies":{"$type":"System.Collections.Generic.List`1[[Sitecore.Commerce.Core.Policy, Sitecore.Commerce.Core]], mscorlib","$values":[]},"ChildComponents":{"$type":"System.Collections.Generic.List`1[[Sitecore.Commerce.Core.Component, Sitecore.Commerce.Core]], mscorlib","$values":[]}}]}},{"$type":"Sitecore.Commerce.Plugin.Catalog.ImagesComponent, Sitecore.Commerce.Plugin.Catalog","Images":{"$type":"System.Collections.Generic.List`1[[System.String, mscorlib]], mscorlib","$values":["fd704d2a-8dcf-4d71-91b2-d8629a2f1776","22bd443c-0787-4a0c-98f6-c987b8af4b87","78305db2-6f95-4121-8b35-032845dcd200"]},"Id":"3ec1955a6b3c47499a46fa47047efd5b","Name":"","Comments":"","Policies":{"$type":"System.Collections.Generic.List`1[[Sitecore.Commerce.Core.Policy, Sitecore.Commerce.Core]], mscorlib","$values":[]},"ChildComponents":{"$type":"System.Collections.Generic.List`1[[Sitecore.Commerce.Core.Component, Sitecore.Commerce.Core]], mscorlib","$values":[]}},{"$type":"Sitecore.Commerce.Plugin.Inventory.InventoryComponent, Sitecore.Commerce.Plugin.Inventory","InventoryAssociations":{"$type":"System.Collections.Generic.List`1[[Sitecore.Commerce.Plugin.Inventory.InventoryAssociation, Sitecore.Commerce.Plugin.Inventory]], mscorlib","$values":[{"$type":"Sitecore.Commerce.Plugin.Inventory.InventoryAssociation, Sitecore.Commerce.Plugin.Inventory","InventoryInformation":{"$type":"Sitecore.Commerce.Core.EntityReference, Sitecore.Commerce.Core","Name":"","EntityTarget":"Entity-InventoryInformation-Adventure Works Inventory-AW084 05","Policies":{"$type":"System.Collections.Generic.List`1[[Sitecore.Commerce.Core.Policy, Sitecore.Commerce.Core]], mscorlib","$values":[]}},"InventorySet":{"$type":"Sitecore.Commerce.Core.EntityReference, Sitecore.Commerce.Core","Name":"","EntityTarget":"Entity-InventorySet-Adventure Works Inventory","Policies":{"$type":"System.Collections.Generic.List`1[[Sitecore.Commerce.Core.Policy, Sitecore.Commerce.Core]], mscorlib","$values":[]}},"Name":"","Policies":{"$type":"System.Collections.Generic.List`1[[Sitecore.Commerce.Core.Policy, Sitecore.Commerce.Core]], mscorlib","$values":[]}}]},"Id":"42a6e6daf9564da0b88770e3c79bd37e","Name":"","Comments":"","Policies":{"$type":"System.Collections.Generic.List`1[[Sitecore.Commerce.Core.Policy, Sitecore.Commerce.Core]], mscorlib","$values":[]},"ChildComponents":{"$type":"System.Collections.Generic.List`1[[Sitecore.Commerce.Core.Component, Sitecore.Commerce.Core]], mscorlib","$values":[]}},{"$type":"Sitecore.Commerce.Plugin.ManagedLists.ListMembershipsComponent, Sitecore.Commerce.Plugin.ManagedLists","Memberships":{"$type":"System.Collections.Generic.List`1[[System.String, mscorlib]], mscorlib","$values":["SellableItems","CatalogItems"]},"Id":"a894c1087ad04799961020f793ae1399","Name":"","Comments":"","Policies":{"$type":"System.Collections.Generic.List`1[[Sitecore.Commerce.Core.Policy, Sitecore.Commerce.Core]], mscorlib","$values":[]},"ChildComponents":{"$type":"System.Collections.Generic.List`1[[Sitecore.Commerce.Core.Component, Sitecore.Commerce.Core]], mscorlib","$values":[]}}]},"DateCreated":"2018-01-18T13:53:29.4418027+00:00","DateUpdated":"2018-01-18T13:54:42.1459386+00:00","DisplayName":"Morro","FriendlyId":"AW084 05","Id":"Entity-SellableItem-AW084 05","Version":2,"IsPersisted":true,"Name":"Morro","Policies":{"$type":"System.Collections.Generic.List`1[[Sitecore.Commerce.Core.Policy, Sitecore.Commerce.Core]], mscorlib","$values":[{"$type":"Sitecore.Commerce.Plugin.Pricing.ListPricingPolicy, Sitecore.Commerce.Plugin.Pricing","Prices":{"$type":"System.Collections.Generic.List`1[[Sitecore.Commerce.Core.Money, Sitecore.Commerce.Core]], mscorlib","$values":[{"$type":"Sitecore.Commerce.Core.Money, Sitecore.Commerce.Core","CurrencyCode":"USD","Amount":84.0}]},"PolicyId":"255c20925cce496abb0edb922922195b","Models":{"$type":"System.Collections.Generic.List`1[[Sitecore.Commerce.Core.Model, Sitecore.Commerce.Core]], mscorlib","$values":[]}}]}},{"$type":"Sitecore.Commerce.Plugin.Catalog.SellableItem, Sitecore.Commerce.Plugin.Catalog","Description":"All-around shoes with slipper/shoe design","ProductId":"AW086 06","Brand":"","Manufacturer":"","TypeOfGood":"","Tags":{"$type":"System.Collections.Generic.List`1[[Sitecore.Commerce.Core.Tag, Sitecore.Commerce.Core]], mscorlib","$values":[]},"SitecoreId":"8e9fe595-ad80-f876-0136-54b88c0a5562","ParentCatalogList":"6341f64d-8213-fdda-402e-df49207158a4","ParentCategoryList":"956fcfd0-ad63-bba6-0f6b-63aebf6a360a","Components":{"$type":"System.Collections.Generic.List`1[[Sitecore.Commerce.Core.Component, Sitecore.Commerce.Core]], mscorlib","$values":[{"$type":"Sitecore.Commerce.Core.LocalizedEntityComponent, Sitecore.Commerce.Core","Entity":{"$type":"Sitecore.Commerce.Core.EntityReference, Sitecore.Commerce.Core","Name":"","EntityTarget":"Entity-LocalizationEntity-3a21f5059c9547eca3bcd68fe0da88f3","Policies":{"$type":"System.Collections.Generic.List`1[[Sitecore.Commerce.Core.Policy, Sitecore.Commerce.Core]], mscorlib","$values":[]}},"Id":"488a96cbe2dd4076bcd739fec1309e2b","Name":"","Comments":"","Policies":{"$type":"System.Collections.Generic.List`1[[Sitecore.Commerce.Core.Policy, Sitecore.Commerce.Core]], mscorlib","$values":[]},"ChildComponents":{"$type":"System.Collections.Generic.List`1[[Sitecore.Commerce.Core.Component, Sitecore.Commerce.Core]], mscorlib","$values":[]}},{"$type":"Sitecore.Commerce.Plugin.Catalog.CatalogsComponent, Sitecore.Commerce.Plugin.Catalog","Id":"691e46d2aa5d4dcfaf048abda0335dc1","Name":"","Comments":"","Policies":{"$type":"System.Collections.Generic.List`1[[Sitecore.Commerce.Core.Policy, Sitecore.Commerce.Core]], mscorlib","$values":[]},"ChildComponents":{"$type":"System.Collections.Generic.List`1[[Sitecore.Commerce.Core.Component, Sitecore.Commerce.Core]], mscorlib","$values":[{"$type":"Sitecore.Commerce.Plugin.Catalog.CatalogComponent, Sitecore.Commerce.Plugin.Catalog","ChildCategories":{"$type":"System.Collections.Generic.List`1[[Sitecore.Commerce.Plugin.Catalog.Category, Sitecore.Commerce.Plugin.Catalog]], mscorlib","$values":[]},"CatalogLanguages":{"$type":"System.Collections.Generic.List`1[[Sitecore.Commerce.Core.Language, Sitecore.Commerce.Core]], mscorlib","$values":[]},"Id":"407bd9d952d840f79f264fbcb5721481","Name":"Adventure Works Catalog","Comments":"","Policies":{"$type":"System.Collections.Generic.List`1[[Sitecore.Commerce.Core.Policy, Sitecore.Commerce.Core]], mscorlib","$values":[]},"ChildComponents":{"$type":"System.Collections.Generic.List`1[[Sitecore.Commerce.Core.Component, Sitecore.Commerce.Core]], mscorlib","$values":[]}}]}},{"$type":"Sitecore.Commerce.Plugin.Catalog.ImagesComponent, Sitecore.Commerce.Plugin.Catalog","Images":{"$type":"System.Collections.Generic.List`1[[System.String, mscorlib]], mscorlib","$values":["dbd7d60c-2e37-45eb-b4c2-018458c9765e","89976434-417f-4fc9-89f1-932e4093e1ae","34b445e2-4dbf-4337-a74a-2f83326359ea"]},"Id":"ce16b531088b470280ff1fa6e1639b8f","Name":"","Comments":"","Policies":{"$type":"System.Collections.Generic.List`1[[Sitecore.Commerce.Core.Policy, Sitecore.Commerce.Core]], mscorlib","$values":[]},"ChildComponents":{"$type":"System.Collections.Generic.List`1[[Sitecore.Commerce.Core.Component, Sitecore.Commerce.Core]], mscorlib","$values":[]}},{"$type":"Sitecore.Commerce.Plugin.Inventory.InventoryComponent, Sitecore.Commerce.Plugin.Inventory","InventoryAssociations":{"$type":"System.Collections.Generic.List`1[[Sitecore.Commerce.Plugin.Inventory.InventoryAssociation, Sitecore.Commerce.Plugin.Inventory]], mscorlib","$values":[{"$type":"Sitecore.Commerce.Plugin.Inventory.InventoryAssociation, Sitecore.Commerce.Plugin.Inventory","InventoryInformation":{"$type":"Sitecore.Commerce.Core.EntityReference, Sitecore.Commerce.Core","Name":"","EntityTarget":"Entity-InventoryInformation-Adventure Works Inventory-AW086 06","Policies":{"$type":"System.Collections.Generic.List`1[[Sitecore.Commerce.Core.Policy, Sitecore.Commerce.Core]], mscorlib","$values":[]}},"InventorySet":{"$type":"Sitecore.Commerce.Core.EntityReference, Sitecore.Commerce.Core","Name":"","EntityTarget":"Entity-InventorySet-Adventure Works Inventory","Policies":{"$type":"System.Collections.Generic.List`1[[Sitecore.Commerce.Core.Policy, Sitecore.Commerce.Core]], mscorlib","$values":[]}},"Name":"","Policies":{"$type":"System.Collections.Generic.List`1[[Sitecore.Commerce.Core.Policy, Sitecore.Commerce.Core]], mscorlib","$values":[]}}]},"Id":"856e49acc7154b0993ee532ab47468f8","Name":"","Comments":"","Policies":{"$type":"System.Collections.Generic.List`1[[Sitecore.Commerce.Core.Policy, Sitecore.Commerce.Core]], mscorlib","$values":[]},"ChildComponents":{"$type":"System.Collections.Generic.List`1[[Sitecore.Commerce.Core.Component, Sitecore.Commerce.Core]], mscorlib","$values":[]}},{"$type":"Sitecore.Commerce.Plugin.ManagedLists.ListMembershipsComponent, Sitecore.Commerce.Plugin.ManagedLists","Memberships":{"$type":"System.Collections.Generic.List`1[[System.String, mscorlib]], mscorlib","$values":["SellableItems","CatalogItems"]},"Id":"1ad0d82cdf424ed993a298ba2fc6f568","Name":"","Comments":"","Policies":{"$type":"System.Collections.Generic.List`1[[Sitecore.Commerce.Core.Policy, Sitecore.Commerce.Core]], mscorlib","$values":[]},"ChildComponents":{"$type":"System.Collections.Generic.List`1[[Sitecore.Commerce.Core.Component, Sitecore.Commerce.Core]], mscorlib","$values":[]}}]},"DateCreated":"2018-01-18T13:53:29.4418027+00:00","DateUpdated":"2018-01-18T13:54:52.1997183+00:00","DisplayName":"Tuscany","FriendlyId":"AW086 06","Id":"Entity-SellableItem-AW086 06","Version":3,"IsPersisted":true,"Name":"Tuscany","Policies":{"$type":"System.Collections.Generic.List`1[[Sitecore.Commerce.Core.Policy, Sitecore.Commerce.Core]], mscorlib","$values":[{"$type":"Sitecore.Commerce.Plugin.Pricing.ListPricingPolicy, Sitecore.Commerce.Plugin.Pricing","Prices":{"$type":"System.Collections.Generic.List`1[[Sitecore.Commerce.Core.Money, Sitecore.Commerce.Core]], mscorlib","$values":[{"$type":"Sitecore.Commerce.Core.Money, Sitecore.Commerce.Core","CurrencyCode":"USD","Amount":124.0},{"$type":"Sitecore.Commerce.Core.Money, Sitecore.Commerce.Core","CurrencyCode":"CAD","Amount":125.0}]},"PolicyId":"674667e536d747699451788faf156b2b","Models":{"$type":"System.Collections.Generic.List`1[[Sitecore.Commerce.Core.Model, Sitecore.Commerce.Core]], mscorlib","$values":[]}}]}},{"$type":"Sitecore.Commerce.Plugin.Catalog.SellableItem, Sitecore.Commerce.Plugin.Catalog","Description":"Nubuck, water-resistant leather boots, rubber soles.","ProductId":"AW087 04","Brand":"Fabrikam","Manufacturer":"","TypeOfGood":"","Tags":{"$type":"System.Collections.Generic.List`1[[Sitecore.Commerce.Core.Tag, Sitecore.Commerce.Core]], mscorlib","$values":[]},"SitecoreId":"f0cf426d-8323-388b-e3c6-d0d7a3d9fd75","ParentCatalogList":"6341f64d-8213-fdda-402e-df49207158a4","ParentCategoryList":"1f3e0a83-cc35-35ed-fe1c-26cd556624a6","Components":{"$type":"System.Collections.Generic.List`1[[Sitecore.Commerce.Core.Component, Sitecore.Commerce.Core]], mscorlib","$values":[{"$type":"Sitecore.Commerce.Core.LocalizedEntityComponent, Sitecore.Commerce.Core","Entity":{"$type":"Sitecore.Commerce.Core.EntityReference, Sitecore.Commerce.Core","Name":"","EntityTarget":"Entity-LocalizationEntity-a5e7f654d30041388ef6dcb03bd09206","Policies":{"$type":"System.Collections.Generic.List`1[[Sitecore.Commerce.Core.Policy, Sitecore.Commerce.Core]], mscorlib","$values":[]}},"Id":"d6e061b061404988abdb8a40ca52c0c3","Name":"","Comments":"","Policies":{"$type":"System.Collections.Generic.List`1[[Sitecore.Commerce.Core.Policy, Sitecore.Commerce.Core]], mscorlib","$values":[]},"ChildComponents":{"$type":"System.Collections.Generic.List`1[[Sitecore.Commerce.Core.Component, Sitecore.Commerce.Core]], mscorlib","$values":[]}},{"$type":"Sitecore.Commerce.Plugin.Catalog.CatalogsComponent, Sitecore.Commerce.Plugin.Catalog","Id":"ca511ef4584d4ba9ab1d4af30c5c26b2","Name":"","Comments":"","Policies":{"$type":"System.Collections.Generic.List`1[[Sitecore.Commerce.Core.Policy, Sitecore.Commerce.Core]], mscorlib","$values":[]},"ChildComponents":{"$type":"System.Collections.Generic.List`1[[Sitecore.Commerce.Core.Component, Sitecore.Commerce.Core]], mscorlib","$values":[{"$type":"Sitecore.Commerce.Plugin.Catalog.CatalogComponent, Sitecore.Commerce.Plugin.Catalog","ChildCategories":{"$type":"System.Collections.Generic.List`1[[Sitecore.Commerce.Plugin.Catalog.Category, Sitecore.Commerce.Plugin.Catalog]], mscorlib","$values":[]},"CatalogLanguages":{"$type":"System.Collections.Generic.List`1[[Sitecore.Commerce.Core.Language, Sitecore.Commerce.Core]], mscorlib","$values":[]},"Id":"a840a6b67178477cadee39072252dcf2","Name":"Adventure Works Catalog","Comments":"","Policies":{"$type":"System.Collections.Generic.List`1[[Sitecore.Commerce.Core.Policy, Sitecore.Commerce.Core]], mscorlib","$values":[]},"ChildComponents":{"$type":"System.Collections.Generic.List`1[[Sitecore.Commerce.Core.Component, Sitecore.Commerce.Core]], mscorlib","$values":[]}}]}},{"$type":"Sitecore.Commerce.Plugin.Catalog.ImagesComponent, Sitecore.Commerce.Plugin.Catalog","Images":{"$type":"System.Collections.Generic.List`1[[System.String, mscorlib]], mscorlib","$values":["6a22acdc-2050-42cd-838e-47a1b7d95491","8635239c-b33c-4164-a345-4b874546c845","3741bb0e-8576-4aca-94c1-04f09f2b0679","ec537687-99b5-453a-8e3a-94ce0f56061a"]},"Id":"a31a9108d6664ce782867245b9e10daf","Name":"","Comments":"","Policies":{"$type":"System.Collections.Generic.List`1[[Sitecore.Commerce.Core.Policy, Sitecore.Commerce.Core]], mscorlib","$values":[]},"ChildComponents":{"$type":"System.Collections.Generic.List`1[[Sitecore.Commerce.Core.Component, Sitecore.Commerce.Core]], mscorlib","$values":[]}},{"$type":"Sitecore.Commerce.Plugin.Catalog.ItemVariationsComponent, Sitecore.Commerce.Plugin.Catalog","Id":"77e9e4c002e34b49b822057765198ffe","Name":"","Comments":"","Policies":{"$type":"System.Collections.Generic.List`1[[Sitecore.Commerce.Core.Policy, Sitecore.Commerce.Core]], mscorlib","$values":[]},"ChildComponents":{"$type":"System.Collections.Generic.List`1[[Sitecore.Commerce.Core.Component, Sitecore.Commerce.Core]], mscorlib","$values":[{"$type":"Sitecore.Commerce.Plugin.Catalog.ItemVariationComponent, Sitecore.Commerce.Plugin.Catalog","DisplayName":"Sierras (Dark brown)","Description":"","Tags":{"$type":"System.Collections.Generic.List`1[[Sitecore.Commerce.Core.Tag, Sitecore.Commerce.Core]], mscorlib","$values":[]},"Disabled":false,"Id":"8","Name":"Sierras (Dark brown)","Comments":"","Policies":{"$type":"System.Collections.Generic.List`1[[Sitecore.Commerce.Core.Policy, Sitecore.Commerce.Core]], mscorlib","$values":[{"$type":"Sitecore.Commerce.Plugin.Pricing.PriceCardPolicy, Sitecore.Commerce.Plugin.Pricing","PriceCardName":"AdventureVariantsPriceCard","PolicyId":"f4990ea1aa0d4867b6ab01ec4a4cfa6a","Models":{"$type":"System.Collections.Generic.List`1[[Sitecore.Commerce.Core.Model, Sitecore.Commerce.Core]], mscorlib","$values":[]}},{"$type":"Sitecore.Commerce.Plugin.Pricing.ListPricingPolicy, Sitecore.Commerce.Plugin.Pricing","Prices":{"$type":"System.Collections.Generic.List`1[[Sitecore.Commerce.Core.Money, Sitecore.Commerce.Core]], mscorlib","$values":[{"$type":"Sitecore.Commerce.Core.Money, Sitecore.Commerce.Core","CurrencyCode":"USD","Amount":90.0},{"$type":"Sitecore.Commerce.Core.Money, Sitecore.Commerce.Core","CurrencyCode":"CAD","Amount":91.0}]},"PolicyId":"62bc4c288dd544b38538bcebdde10f2b","Models":{"$type":"System.Collections.Generic.List`1[[Sitecore.Commerce.Core.Model, Sitecore.Commerce.Core]], mscorlib","$values":[]}}]},"ChildComponents":{"$type":"System.Collections.Generic.List`1[[Sitecore.Commerce.Core.Component, Sitecore.Commerce.Core]], mscorlib","$values":[{"$type":"Sitecore.Commerce.Plugin.Catalog.DisplayPropertiesComponent, Sitecore.Commerce.Plugin.Catalog","DisambiguatingDescription":"","DisplayOnSite":false,"DisplayInProductList":false,"Color":"Dark brown","Size":"4-12","Style":"","Id":"c0c349ee8cd14b7f86483a6f44a942aa","Name":"","Comments":"","Policies":{"$type":"System.Collections.Generic.List`1[[Sitecore.Commerce.Core.Policy, Sitecore.Commerce.Core]], mscorlib","$values":[]},"ChildComponents":{"$type":"System.Collections.Generic.List`1[[Sitecore.Commerce.Core.Component, Sitecore.Commerce.Core]], mscorlib","$values":[]}},{"$type":"Sitecore.Commerce.Plugin.Inventory.InventoryComponent, Sitecore.Commerce.Plugin.Inventory","InventoryAssociations":{"$type":"System.Collections.Generic.List`1[[Sitecore.Commerce.Plugin.Inventory.InventoryAssociation, Sitecore.Commerce.Plugin.Inventory]], mscorlib","$values":[{"$type":"Sitecore.Commerce.Plugin.Inventory.InventoryAssociation, Sitecore.Commerce.Plugin.Inventory","InventoryInformation":{"$type":"Sitecore.Commerce.Core.EntityReference, Sitecore.Commerce.Core","Name":"","EntityTarget":"Entity-InventoryInformation-Adventure Works Inventory-AW087 04-8","Policies":{"$type":"System.Collections.Generic.List`1[[Sitecore.Commerce.Core.Policy, Sitecore.Commerce.Core]], mscorlib","$values":[]}},"InventorySet":{"$type":"Sitecore.Commerce.Core.EntityReference, Sitecore.Commerce.Core","Name":"","EntityTarget":"Entity-InventorySet-Adventure Works Inventory","Policies":{"$type":"System.Collections.Generic.List`1[[Sitecore.Commerce.Core.Policy, Sitecore.Commerce.Core]], mscorlib","$values":[]}},"Name":"","Policies":{"$type":"System.Collections.Generic.List`1[[Sitecore.Commerce.Core.Policy, Sitecore.Commerce.Core]], mscorlib","$values":[]}}]},"Id":"813e638ce9744982998f3f3a1145d338","Name":"","Comments":"","Policies":{"$type":"System.Collections.Generic.List`1[[Sitecore.Commerce.Core.Policy, Sitecore.Commerce.Core]], mscorlib","$values":[]},"ChildComponents":{"$type":"System.Collections.Generic.List`1[[Sitecore.Commerce.Core.Component, Sitecore.Commerce.Core]], mscorlib","$values":[]}}]}}]}},{"$type":"Sitecore.Commerce.Plugin.ManagedLists.ListMembershipsComponent, Sitecore.Commerce.Plugin.ManagedLists","Memberships":{"$type":"System.Collections.Generic.List`1[[System.String, mscorlib]], mscorlib","$values":["SellableItems","CatalogItems"]},"Id":"5e563d5ab8a6405d8d77e85cdf58bc56","Name":"","Comments":"","Policies":{"$type":"System.Collections.Generic.List`1[[Sitecore.Commerce.Core.Policy, Sitecore.Commerce.Core]], mscorlib","$values":[]},"ChildComponents":{"$type":"System.Collections.Generic.List`1[[Sitecore.Commerce.Core.Component, Sitecore.Commerce.Core]], mscorlib","$values":[]}}]},"DateCreated":"2018-01-18T13:53:29.4548348+00:00","DateUpdated":"2018-01-18T13:54:50.6175341+00:00","DisplayName":"Sierras","FriendlyId":"AW087 04","Id":"Entity-SellableItem-AW087 04","Version":3,"IsPersisted":true,"Name":"Sierras","Policies":{"$type":"System.Collections.Generic.List`1[[Sitecore.Commerce.Core.Policy, Sitecore.Commerce.Core]], mscorlib","$values":[{"$type":"Sitecore.Commerce.Plugin.Pricing.PriceCardPolicy, Sitecore.Commerce.Plugin.Pricing","PriceCardName":"AdventureWorksPriceCard","PolicyId":"bdeafae76b62418d8b84209264b75e2b","Models":{"$type":"System.Collections.Generic.List`1[[Sitecore.Commerce.Core.Model, Sitecore.Commerce.Core]], mscorlib","$values":[]}},{"$type":"Sitecore.Commerce.Plugin.Pricing.ListPricingPolicy, Sitecore.Commerce.Plugin.Pricing","Prices":{"$type":"System.Collections.Generic.List`1[[Sitecore.Commerce.Core.Money, Sitecore.Commerce.Core]], mscorlib","$values":[{"$type":"Sitecore.Commerce.Core.Money, Sitecore.Commerce.Core","CurrencyCode":"USD","Amount":90.0},{"$type":"Sitecore.Commerce.Core.Money, Sitecore.Commerce.Core","CurrencyCode":"CAD","Amount":91.0}]},"PolicyId":"f5580624f5904b38ab83b40cc9014925","Models":{"$type":"System.Collections.Generic.List`1[[Sitecore.Commerce.Core.Model, Sitecore.Commerce.Core]], mscorlib","$values":[]}}]}},{"$type":"Sitecore.Commerce.Plugin.Catalog.SellableItem, Sitecore.Commerce.Plugin.Catalog","Description":"Medium weight, waterproof leather boots, good traction.","ProductId":"AW098 04","Brand":"Fabrikam","Manufacturer":"","TypeOfGood":"","Tags":{"$type":"System.Collections.Generic.List`1[[Sitecore.Commerce.Core.Tag, Sitecore.Commerce.Core]], mscorlib","$values":[]},"SitecoreId":"4991ebac-6cbc-8e6d-9748-a624f7947b01","ParentCatalogList":"6341f64d-8213-fdda-402e-df49207158a4","ParentCategoryList":"f3ffa386-927e-19ac-0c6a-cbca545710ec|1f3e0a83-cc35-35ed-fe1c-26cd556624a6","Components":{"$type":"System.Collections.Generic.List`1[[Sitecore.Commerce.Core.Component, Sitecore.Commerce.Core]], mscorlib","$values":[{"$type":"Sitecore.Commerce.Core.LocalizedEntityComponent, Sitecore.Commerce.Core","Entity":{"$type":"Sitecore.Commerce.Core.EntityReference, Sitecore.Commerce.Core","Name":"","EntityTarget":"Entity-LocalizationEntity-93efd1e23cd44514875f2e822305120b","Policies":{"$type":"System.Collections.Generic.List`1[[Sitecore.Commerce.Core.Policy, Sitecore.Commerce.Core]], mscorlib","$values":[]}},"Id":"9c05073881914c8dbe474194511e9a42","Name":"","Comments":"","Policies":{"$type":"System.Collections.Generic.List`1[[Sitecore.Commerce.Core.Policy, Sitecore.Commerce.Core]], mscorlib","$values":[]},"ChildComponents":{"$type":"System.Collections.Generic.List`1[[Sitecore.Commerce.Core.Component, Sitecore.Commerce.Core]], mscorlib","$values":[]}},{"$type":"Sitecore.Commerce.Plugin.Catalog.CatalogsComponent, Sitecore.Commerce.Plugin.Catalog","Id":"f985dd37fc1342dca1cc1e57bcbe64b8","Name":"","Comments":"","Policies":{"$type":"System.Collections.Generic.List`1[[Sitecore.Commerce.Core.Policy, Sitecore.Commerce.Core]], mscorlib","$values":[]},"ChildComponents":{"$type":"System.Collections.Generic.List`1[[Sitecore.Commerce.Core.Component, Sitecore.Commerce.Core]], mscorlib","$values":[{"$type":"Sitecore.Commerce.Plugin.Catalog.CatalogComponent, Sitecore.Commerce.Plugin.Catalog","ChildCategories":{"$type":"System.Collections.Generic.List`1[[Sitecore.Commerce.Plugin.Catalog.Category, Sitecore.Commerce.Plugin.Catalog]], mscorlib","$values":[]},"CatalogLanguages":{"$type":"System.Collections.Generic.List`1[[Sitecore.Commerce.Core.Language, Sitecore.Commerce.Core]], mscorlib","$values":[]},"Id":"660522409d7944ea96f74c9c41a4df9f","Name":"Adventure Works Catalog","Comments":"","Policies":{"$type":"System.Collections.Generic.List`1[[Sitecore.Commerce.Core.Policy, Sitecore.Commerce.Core]], mscorlib","$values":[]},"ChildComponents":{"$type":"System.Collections.Generic.List`1[[Sitecore.Commerce.Core.Component, Sitecore.Commerce.Core]], mscorlib","$values":[]}}]}},{"$type":"Sitecore.Commerce.Plugin.Catalog.ImagesComponent, Sitecore.Commerce.Plugin.Catalog","Images":{"$type":"System.Collections.Generic.List`1[[System.String, mscorlib]], mscorlib","$values":["def3322d-10fe-4132-8f85-e949aa0aacac","6dfa5365-fb52-4b8e-84e8-60068361b5ec","ddbaad33-f272-45b0-b8c5-35d55fc415f3","78a05102-81bb-46b2-af3b-87348c86cb6e"]},"Id":"43570ba258614690bd7935b6639ea474","Name":"","Comments":"","Policies":{"$type":"System.Collections.Generic.List`1[[Sitecore.Commerce.Core.Policy, Sitecore.Commerce.Core]], mscorlib","$values":[]},"ChildComponents":{"$type":"System.Collections.Generic.List`1[[Sitecore.Commerce.Core.Component, Sitecore.Commerce.Core]], mscorlib","$values":[]}},{"$type":"Sitecore.Commerce.Plugin.Catalog.ItemVariationsComponent, Sitecore.Commerce.Plugin.Catalog","Id":"984e95fee2674da0aada54d51a283032","Name":"","Comments":"","Policies":{"$type":"System.Collections.Generic.List`1[[Sitecore.Commerce.Core.Policy, Sitecore.Commerce.Core]], mscorlib","$values":[]},"ChildComponents":{"$type":"System.Collections.Generic.List`1[[Sitecore.Commerce.Core.Component, Sitecore.Commerce.Core]], mscorlib","$values":[{"$type":"Sitecore.Commerce.Plugin.Catalog.ItemVariationComponent, Sitecore.Commerce.Plugin.Catalog","DisplayName":"Everglades (Brown)","Description":"","Tags":{"$type":"System.Collections.Generic.List`1[[Sitecore.Commerce.Core.Tag, Sitecore.Commerce.Core]], mscorlib","$values":[]},"Disabled":false,"Id":"5","Name":"Everglades (Brown)","Comments":"","Policies":{"$type":"System.Collections.Generic.List`1[[Sitecore.Commerce.Core.Policy, Sitecore.Commerce.Core]], mscorlib","$values":[{"$type":"Sitecore.Commerce.Plugin.Pricing.ListPricingPolicy, Sitecore.Commerce.Plugin.Pricing","Prices":{"$type":"System.Collections.Generic.List`1[[Sitecore.Commerce.Core.Money, Sitecore.Commerce.Core]], mscorlib","$values":[{"$type":"Sitecore.Commerce.Core.Money, Sitecore.Commerce.Core","CurrencyCode":"USD","Amount":105.0},{"$type":"Sitecore.Commerce.Core.Money, Sitecore.Commerce.Core","CurrencyCode":"CAD","Amount":106.0}]},"PolicyId":"313ea11890cf4916bcd54bb8b9776167","Models":{"$type":"System.Collections.Generic.List`1[[Sitecore.Commerce.Core.Model, Sitecore.Commerce.Core]], mscorlib","$values":[]}}]},"ChildComponents":{"$type":"System.Collections.Generic.List`1[[Sitecore.Commerce.Core.Component, Sitecore.Commerce.Core]], mscorlib","$values":[{"$type":"Sitecore.Commerce.Plugin.Catalog.DisplayPropertiesComponent, Sitecore.Commerce.Plugin.Catalog","DisambiguatingDescription":"","DisplayOnSite":false,"DisplayInProductList":false,"Color":"Brown","Size":"4-12","Style":"","Id":"5f9354f195f245dd9b0bdecb4e178d2e","Name":"","Comments":"","Policies":{"$type":"System.Collections.Generic.List`1[[Sitecore.Commerce.Core.Policy, Sitecore.Commerce.Core]], mscorlib","$values":[]},"ChildComponents":{"$type":"System.Collections.Generic.List`1[[Sitecore.Commerce.Core.Component, Sitecore.Commerce.Core]], mscorlib","$values":[]}},{"$type":"Sitecore.Commerce.Plugin.Inventory.InventoryComponent, Sitecore.Commerce.Plugin.Inventory","InventoryAssociations":{"$type":"System.Collections.Generic.List`1[[Sitecore.Commerce.Plugin.Inventory.InventoryAssociation, Sitecore.Commerce.Plugin.Inventory]], mscorlib","$values":[{"$type":"Sitecore.Commerce.Plugin.Inventory.InventoryAssociation, Sitecore.Commerce.Plugin.Inventory","InventoryInformation":{"$type":"Sitecore.Commerce.Core.EntityReference, Sitecore.Commerce.Core","Name":"","EntityTarget":"Entity-InventoryInformation-Adventure Works Inventory-AW098 04-5","Policies":{"$type":"System.Collections.Generic.List`1[[Sitecore.Commerce.Core.Policy, Sitecore.Commerce.Core]], mscorlib","$values":[]}},"InventorySet":{"$type":"Sitecore.Commerce.Core.EntityReference, Sitecore.Commerce.Core","Name":"","EntityTarget":"Entity-InventorySet-Adventure Works Inventory","Policies":{"$type":"System.Collections.Generic.List`1[[Sitecore.Commerce.Core.Policy, Sitecore.Commerce.Core]], mscorlib","$values":[]}},"Name":"","Policies":{"$type":"System.Collections.Generic.List`1[[Sitecore.Commerce.Core.Policy, Sitecore.Commerce.Core]], mscorlib","$values":[]}}]},"Id":"b0a7a32ec8874047800ec62a595d88ed","Name":"","Comments":"","Policies":{"$type":"System.Collections.Generic.List`1[[Sitecore.Commerce.Core.Policy, Sitecore.Commerce.Core]], mscorlib","$values":[]},"ChildComponents":{"$type":"System.Collections.Generic.List`1[[Sitecore.Commerce.Core.Component, Sitecore.Commerce.Core]], mscorlib","$values":[]}}]}}]}},{"$type":"Sitecore.Commerce.Plugin.ManagedLists.ListMembershipsComponent, Sitecore.Commerce.Plugin.ManagedLists","Memberships":{"$type":"System.Collections.Generic.List`1[[System.String, mscorlib]], mscorlib","$values":["SellableItems","CatalogItems"]},"Id":"a5426dbea419446d9fb61343058bb344","Name":"","Comments":"","Policies":{"$type":"System.Collections.Generic.List`1[[Sitecore.Commerce.Core.Policy, Sitecore.Commerce.Core]], mscorlib","$values":[]},"ChildComponents":{"$type":"System.Collections.Generic.List`1[[Sitecore.Commerce.Core.Component, Sitecore.Commerce.Core]], mscorlib","$values":[]}}]},"DateCreated":"2018-01-18T13:53:29.4548348+00:00","DateUpdated":"2018-01-18T13:54:50.6795635+00:00","DisplayName":"Everglades","FriendlyId":"AW098 04","Id":"Entity-SellableItem-AW098 04","Version":4,"IsPersisted":true,"Name":"Everglades","Policies":{"$type":"System.Collections.Generic.List`1[[Sitecore.Commerce.Core.Policy, Sitecore.Commerce.Core]], mscorlib","$values":[{"$type":"Sitecore.Commerce.Plugin.Pricing.ListPricingPolicy, Sitecore.Commerce.Plugin.Pricing","Prices":{"$type":"System.Collections.Generic.List`1[[Sitecore.Commerce.Core.Money, Sitecore.Commerce.Core]], mscorlib","$values":[{"$type":"Sitecore.Commerce.Core.Money, Sitecore.Commerce.Core","CurrencyCode":"USD","Amount":105.0},{"$type":"Sitecore.Commerce.Core.Money, Sitecore.Commerce.Core","CurrencyCode":"CAD","Amount":106.0}]},"PolicyId":"69456abbb36346d8a02460ed6049c016","Models":{"$type":"System.Collections.Generic.List`1[[Sitecore.Commerce.Core.Model, Sitecore.Commerce.Core]], mscorlib","$values":[]}}]}},{"$type":"Sitecore.Commerce.Plugin.Catalog.SellableItem, Sitecore.Commerce.Plugin.Catalog","Description":"Hinged crampons for snow and moderate ice, step-in bindings, one size fits men's 4-12.","ProductId":"AW099 15","Brand":"","Manufacturer":"","TypeOfGood":"","Tags":{"$type":"System.Collections.Generic.List`1[[Sitecore.Commerce.Core.Tag, Sitecore.Commerce.Core]], mscorlib","$values":[]},"SitecoreId":"538d0eaa-fb75-87b0-403a-0d5ddff5090e","Components":{"$type":"System.Collections.Generic.List`1[[Sitecore.Commerce.Core.Component, Sitecore.Commerce.Core]], mscorlib","$values":[{"$type":"Sitecore.Commerce.Core.LocalizedEntityComponent, Sitecore.Commerce.Core","Entity":{"$type":"Sitecore.Commerce.Core.EntityReference, Sitecore.Commerce.Core","Name":"","EntityTarget":"Entity-LocalizationEntity-ae6a3e3044b64154be76ba89c0e32a84","Policies":{"$type":"System.Collections.Generic.List`1[[Sitecore.Commerce.Core.Policy, Sitecore.Commerce.Core]], mscorlib","$values":[]}},"Id":"228c9c08f33d458796c92d8e343f3d27","Name":"","Comments":"","Policies":{"$type":"System.Collections.Generic.List`1[[Sitecore.Commerce.Core.Policy, Sitecore.Commerce.Core]], mscorlib","$values":[]},"ChildComponents":{"$type":"System.Collections.Generic.List`1[[Sitecore.Commerce.Core.Component, Sitecore.Commerce.Core]], mscorlib","$values":[]}},{"$type":"Sitecore.Commerce.Plugin.Catalog.CatalogsComponent, Sitecore.Commerce.Plugin.Catalog","Id":"eb347072385a4c03a7ba1cc0e81d5c48","Name":"","Comments":"","Policies":{"$type":"System.Collections.Generic.List`1[[Sitecore.Commerce.Core.Policy, Sitecore.Commerce.Core]], mscorlib","$values":[]},"ChildComponents":{"$type":"System.Collections.Generic.List`1[[Sitecore.Commerce.Core.Component, Sitecore.Commerce.Core]], mscorlib","$values":[{"$type":"Sitecore.Commerce.Plugin.Catalog.CatalogComponent, Sitecore.Commerce.Plugin.Catalog","ChildCategories":{"$type":"System.Collections.Generic.List`1[[Sitecore.Commerce.Plugin.Catalog.Category, Sitecore.Commerce.Plugin.Catalog]], mscorlib","$values":[]},"CatalogLanguages":{"$type":"System.Collections.Generic.List`1[[Sitecore.Commerce.Core.Language, Sitecore.Commerce.Core]], mscorlib","$values":[]},"Id":"1e47ffcd6ac349dd9d62a377083f72cf","Name":"Adventure Works Catalog","Comments":"","Policies":{"$type":"System.Collections.Generic.List`1[[Sitecore.Commerce.Core.Policy, Sitecore.Commerce.Core]], mscorlib","$values":[]},"ChildComponents":{"$type":"System.Collections.Generic.List`1[[Sitecore.Commerce.Core.Component, Sitecore.Commerce.Core]], mscorlib","$values":[]}}]}},{"$type":"Sitecore.Commerce.Plugin.Catalog.ImagesComponent, Sitecore.Commerce.Plugin.Catalog","Images":{"$type":"System.Collections.Generic.List`1[[System.String, mscorlib]], mscorlib","$values":["7e634ed4-f074-44a7-b47a-3100c532d7fa"]},"Id":"a17246efd77a44d6ad83afe318fb6e7c","Name":"","Comments":"","Policies":{"$type":"System.Collections.Generic.List`1[[Sitecore.Commerce.Core.Policy, Sitecore.Commerce.Core]], mscorlib","$values":[]},"ChildComponents":{"$type":"System.Collections.Generic.List`1[[Sitecore.Commerce.Core.Component, Sitecore.Commerce.Core]], mscorlib","$values":[]}},{"$type":"Sitecore.Commerce.Plugin.Inventory.InventoryComponent, Sitecore.Commerce.Plugin.Inventory","InventoryAssociations":{"$type":"System.Collections.Generic.List`1[[Sitecore.Commerce.Plugin.Inventory.InventoryAssociation, Sitecore.Commerce.Plugin.Inventory]], mscorlib","$values":[{"$type":"Sitecore.Commerce.Plugin.Inventory.InventoryAssociation, Sitecore.Commerce.Plugin.Inventory","InventoryInformation":{"$type":"Sitecore.Commerce.Core.EntityReference, Sitecore.Commerce.Core","Name":"","EntityTarget":"Entity-InventoryInformation-Adventure Works Inventory-AW099 15","Policies":{"$type":"System.Collections.Generic.List`1[[Sitecore.Commerce.Core.Policy, Sitecore.Commerce.Core]], mscorlib","$values":[]}},"InventorySet":{"$type":"Sitecore.Commerce.Core.EntityReference, Sitecore.Commerce.Core","Name":"","EntityTarget":"Entity-InventorySet-Adventure Works Inventory","Policies":{"$type":"System.Collections.Generic.List`1[[Sitecore.Commerce.Core.Policy, Sitecore.Commerce.Core]], mscorlib","$values":[]}},"Name":"","Policies":{"$type":"System.Collections.Generic.List`1[[Sitecore.Commerce.Core.Policy, Sitecore.Commerce.Core]], mscorlib","$values":[]}}]},"Id":"b64039ddb2274ade9e31ca33c36f06b1","Name":"","Comments":"","Policies":{"$type":"System.Collections.Generic.List`1[[Sitecore.Commerce.Core.Policy, Sitecore.Commerce.Core]], mscorlib","$values":[]},"ChildComponents":{"$type":"System.Collections.Generic.List`1[[Sitecore.Commerce.Core.Component, Sitecore.Commerce.Core]], mscorlib","$values":[]}},{"$type":"Sitecore.Commerce.Plugin.ManagedLists.ListMembershipsComponent, Sitecore.Commerce.Plugin.ManagedLists","Memberships":{"$type":"System.Collections.Generic.List`1[[System.String, mscorlib]], mscorlib","$values":["SellableItems","CatalogItems"]},"Id":"421fc1582a154de68ff245dc287d2bbb","Name":"","Comments":"","Policies":{"$type":"System.Collections.Generic.List`1[[Sitecore.Commerce.Core.Policy, Sitecore.Commerce.Core]], mscorlib","$values":[]},"ChildComponents":{"$type":"System.Collections.Generic.List`1[[Sitecore.Commerce.Core.Component, Sitecore.Commerce.Core]], mscorlib","$values":[]}}]},"DateCreated":"2018-01-18T13:53:29.4198809+00:00","DateUpdated":"2018-01-18T13:54:34.8134165+00:00","DisplayName":"Venus","FriendlyId":"AW099 15","Id":"Entity-SellableItem-AW099 15","Version":1,"IsPersisted":true,"Name":"Venus","Policies":{"$type":"System.Collections.Generic.List`1[[Sitecore.Commerce.Core.Policy, Sitecore.Commerce.Core]], mscorlib","$values":[{"$type":"Sitecore.Commerce.Plugin.Pricing.ListPricingPolicy, Sitecore.Commerce.Plugin.Pricing","Prices":{"$type":"System.Collections.Generic.List`1[[Sitecore.Commerce.Core.Money, Sitecore.Commerce.Core]], mscorlib","$values":[{"$type":"Sitecore.Commerce.Core.Money, Sitecore.Commerce.Core","CurrencyCode":"USD","Amount":99.0}]},"PolicyId":"6560681e01734b9e8b1bc4c1cd59c680","Models":{"$type":"System.Collections.Generic.List`1[[Sitecore.Commerce.Core.Model, Sitecore.Commerce.Core]], mscorlib","$values":[]}}]}},{"$type":"Sitecore.Commerce.Plugin.Catalog.SellableItem, Sitecore.Commerce.Plugin.Catalog","Description":"Hiking/trekking nontechnical crampons, hinged frames, straps included, one size fits men's 5-12","ProductId":"AW109 15","Brand":"","Manufacturer":"","TypeOfGood":"","Tags":{"$type":"System.Collections.Generic.List`1[[Sitecore.Commerce.Core.Tag, Sitecore.Commerce.Core]], mscorlib","$values":[{"$type":"Sitecore.Commerce.Core.Tag, Sitecore.Commerce.Core","Excluded":false,"Name":"adventure works","Policies":{"$type":"System.Collections.Generic.List`1[[Sitecore.Commerce.Core.Policy, Sitecore.Commerce.Core]], mscorlib","$values":[]}}]},"SitecoreId":"f32ea091-610f-f98b-8e81-7e26e486d4fe","ParentCatalogList":"6341f64d-8213-fdda-402e-df49207158a4","ParentCategoryList":"ebc27e08-18c9-fd42-3222-fac8cdc2b0b3","Components":{"$type":"System.Collections.Generic.List`1[[Sitecore.Commerce.Core.Component, Sitecore.Commerce.Core]], mscorlib","$values":[{"$type":"Sitecore.Commerce.Core.LocalizedEntityComponent, Sitecore.Commerce.Core","Entity":{"$type":"Sitecore.Commerce.Core.EntityReference, Sitecore.Commerce.Core","Name":"","EntityTarget":"Entity-LocalizationEntity-2b179abf2fd1445f81604c949fa0eb3a","Policies":{"$type":"System.Collections.Generic.List`1[[Sitecore.Commerce.Core.Policy, Sitecore.Commerce.Core]], mscorlib","$values":[]}},"Id":"dec0e19c820e4919aaabb96deead8515","Name":"","Comments":"","Policies":{"$type":"System.Collections.Generic.List`1[[Sitecore.Commerce.Core.Policy, Sitecore.Commerce.Core]], mscorlib","$values":[]},"ChildComponents":{"$type":"System.Collections.Generic.List`1[[Sitecore.Commerce.Core.Component, Sitecore.Commerce.Core]], mscorlib","$values":[]}},{"$type":"Sitecore.Commerce.Plugin.Catalog.CatalogsComponent, Sitecore.Commerce.Plugin.Catalog","Id":"cbe2d8ff45db488c9810107084b1dad1","Name":"","Comments":"","Policies":{"$type":"System.Collections.Generic.List`1[[Sitecore.Commerce.Core.Policy, Sitecore.Commerce.Core]], mscorlib","$values":[]},"ChildComponents":{"$type":"System.Collections.Generic.List`1[[Sitecore.Commerce.Core.Component, Sitecore.Commerce.Core]], mscorlib","$values":[{"$type":"Sitecore.Commerce.Plugin.Catalog.CatalogComponent, Sitecore.Commerce.Plugin.Catalog","ChildCategories":{"$type":"System.Collections.Generic.List`1[[Sitecore.Commerce.Plugin.Catalog.Category, Sitecore.Commerce.Plugin.Catalog]], mscorlib","$values":[]},"CatalogLanguages":{"$type":"System.Collections.Generic.List`1[[Sitecore.Commerce.Core.Language, Sitecore.Commerce.Core]], mscorlib","$values":[]},"Id":"24b41730c414440380756e42e4854436","Name":"Adventure Works Catalog","Comments":"","Policies":{"$type":"System.Collections.Generic.List`1[[Sitecore.Commerce.Core.Policy, Sitecore.Commerce.Core]], mscorlib","$values":[]},"ChildComponents":{"$type":"System.Collections.Generic.List`1[[Sitecore.Commerce.Core.Component, Sitecore.Commerce.Core]], mscorlib","$values":[]}}]}},{"$type":"Sitecore.Commerce.Plugin.Catalog.ImagesComponent, Sitecore.Commerce.Plugin.Catalog","Images":{"$type":"System.Collections.Generic.List`1[[System.String, mscorlib]], mscorlib","$values":["4b21c793-b9a1-48cb-acb6-34e07d641d99"]},"Id":"83beb332a1ec456f927e958c5caa3cd8","Name":"","Comments":"","Policies":{"$type":"System.Collections.Generic.List`1[[Sitecore.Commerce.Core.Policy, Sitecore.Commerce.Core]], mscorlib","$values":[]},"ChildComponents":{"$type":"System.Collections.Generic.List`1[[Sitecore.Commerce.Core.Component, Sitecore.Commerce.Core]], mscorlib","$values":[]}},{"$type":"Sitecore.Commerce.Plugin.Inventory.InventoryComponent, Sitecore.Commerce.Plugin.Inventory","InventoryAssociations":{"$type":"System.Collections.Generic.List`1[[Sitecore.Commerce.Plugin.Inventory.InventoryAssociation, Sitecore.Commerce.Plugin.Inventory]], mscorlib","$values":[{"$type":"Sitecore.Commerce.Plugin.Inventory.InventoryAssociation, Sitecore.Commerce.Plugin.Inventory","InventoryInformation":{"$type":"Sitecore.Commerce.Core.EntityReference, Sitecore.Commerce.Core","Name":"","EntityTarget":"Entity-InventoryInformation-Adventure Works Inventory-AW109 15","Policies":{"$type":"System.Collections.Generic.List`1[[Sitecore.Commerce.Core.Policy, Sitecore.Commerce.Core]], mscorlib","$values":[]}},"InventorySet":{"$type":"Sitecore.Commerce.Core.EntityReference, Sitecore.Commerce.Core","Name":"","EntityTarget":"Entity-InventorySet-Adventure Works Inventory","Policies":{"$type":"System.Collections.Generic.List`1[[Sitecore.Commerce.Core.Policy, Sitecore.Commerce.Core]], mscorlib","$values":[]}},"Name":"","Policies":{"$type":"System.Collections.Generic.List`1[[Sitecore.Commerce.Core.Policy, Sitecore.Commerce.Core]], mscorlib","$values":[]}}]},"Id":"06816ce033a64abea5e1f7ff76023042","Name":"","Comments":"","Policies":{"$type":"System.Collections.Generic.List`1[[Sitecore.Commerce.Core.Policy, Sitecore.Commerce.Core]], mscorlib","$values":[]},"ChildComponents":{"$type":"System.Collections.Generic.List`1[[Sitecore.Commerce.Core.Component, Sitecore.Commerce.Core]], mscorlib","$values":[]}},{"$type":"Sitecore.Commerce.Plugin.ManagedLists.ListMembershipsComponent, Sitecore.Commerce.Plugin.ManagedLists","Memberships":{"$type":"System.Collections.Generic.List`1[[System.String, mscorlib]], mscorlib","$values":["SellableItems","CatalogItems"]},"Id":"58a8e86f046a4e3fa994767b70d2d746","Name":"","Comments":"","Policies":{"$type":"System.Collections.Generic.List`1[[Sitecore.Commerce.Core.Policy, Sitecore.Commerce.Core]], mscorlib","$values":[]},"ChildComponents":{"$type":"System.Collections.Generic.List`1[[Sitecore.Commerce.Core.Component, Sitecore.Commerce.Core]], mscorlib","$values":[]}}]},"DateCreated":"2018-01-18T13:53:29.4398335+00:00","DateUpdated":"2018-01-18T13:54:51.7677738+00:00","DisplayName":"Wafflestomper","FriendlyId":"AW109 15","Id":"Entity-SellableItem-AW109 15","Version":3,"IsPersisted":true,"Name":"Wafflestomper","Policies":{"$type":"System.Collections.Generic.List`1[[Sitecore.Commerce.Core.Policy, Sitecore.Commerce.Core]], mscorlib","$values":[{"$type":"Sitecore.Commerce.Plugin.Pricing.ListPricingPolicy, Sitecore.Commerce.Plugin.Pricing","Prices":{"$type":"System.Collections.Generic.List`1[[Sitecore.Commerce.Core.Money, Sitecore.Commerce.Core]], mscorlib","$values":[{"$type":"Sitecore.Commerce.Core.Money, Sitecore.Commerce.Core","CurrencyCode":"USD","Amount":109.0},{"$type":"Sitecore.Commerce.Core.Money, Sitecore.Commerce.Core","CurrencyCode":"CAD","Amount":110.0}]},"PolicyId":"142c1154ee644db59a4532b453dd30d9","Models":{"$type":"System.Collections.Generic.List`1[[Sitecore.Commerce.Core.Model, Sitecore.Commerce.Core]], mscorlib","$values":[]}}]}},{"$type":"Sitecore.Commerce.Plugin.Catalog.SellableItem, Sitecore.Commerce.Plugin.Catalog","Description":"Outer-shell drawstring parka with zippered pockets.","ProductId":"AW114 06","Brand":"","Manufacturer":"","TypeOfGood":"","Tags":{"$type":"System.Collections.Generic.List`1[[Sitecore.Commerce.Core.Tag, Sitecore.Commerce.Core]], mscorlib","$values":[]},"SitecoreId":"4b2f9417-21c8-6c4a-c02f-3bee9d360c8d","ParentCatalogList":"6341f64d-8213-fdda-402e-df49207158a4","ParentCategoryList":"5644605c-3c46-abca-95a1-621ddcd65354","Components":{"$type":"System.Collections.Generic.List`1[[Sitecore.Commerce.Core.Component, Sitecore.Commerce.Core]], mscorlib","$values":[{"$type":"Sitecore.Commerce.Core.LocalizedEntityComponent, Sitecore.Commerce.Core","Entity":{"$type":"Sitecore.Commerce.Core.EntityReference, Sitecore.Commerce.Core","Name":"","EntityTarget":"Entity-LocalizationEntity-39cd446c2d634144bd5d4340c9479408","Policies":{"$type":"System.Collections.Generic.List`1[[Sitecore.Commerce.Core.Policy, Sitecore.Commerce.Core]], mscorlib","$values":[]}},"Id":"8a8f0d9ce5e34ff79be7a7ece9210849","Name":"","Comments":"","Policies":{"$type":"System.Collections.Generic.List`1[[Sitecore.Commerce.Core.Policy, Sitecore.Commerce.Core]], mscorlib","$values":[]},"ChildComponents":{"$type":"System.Collections.Generic.List`1[[Sitecore.Commerce.Core.Component, Sitecore.Commerce.Core]], mscorlib","$values":[]}},{"$type":"Sitecore.Commerce.Plugin.Catalog.CatalogsComponent, Sitecore.Commerce.Plugin.Catalog","Id":"a525ce1de4ee4c8aaf24e972f1b4af8b","Name":"","Comments":"","Policies":{"$type":"System.Collections.Generic.List`1[[Sitecore.Commerce.Core.Policy, Sitecore.Commerce.Core]], mscorlib","$values":[]},"ChildComponents":{"$type":"System.Collections.Generic.List`1[[Sitecore.Commerce.Core.Component, Sitecore.Commerce.Core]], mscorlib","$values":[{"$type":"Sitecore.Commerce.Plugin.Catalog.CatalogComponent, Sitecore.Commerce.Plugin.Catalog","ChildCategories":{"$type":"System.Collections.Generic.List`1[[Sitecore.Commerce.Plugin.Catalog.Category, Sitecore.Commerce.Plugin.Catalog]], mscorlib","$values":[]},"CatalogLanguages":{"$type":"System.Collections.Generic.List`1[[Sitecore.Commerce.Core.Language, Sitecore.Commerce.Core]], mscorlib","$values":[]},"Id":"b62718964ec4464cb25ae421f000f68e","Name":"Adventure Works Catalog","Comments":"","Policies":{"$type":"System.Collections.Generic.List`1[[Sitecore.Commerce.Core.Policy, Sitecore.Commerce.Core]], mscorlib","$values":[]},"ChildComponents":{"$type":"System.Collections.Generic.List`1[[Sitecore.Commerce.Core.Component, Sitecore.Commerce.Core]], mscorlib","$values":[]}}]}},{"$type":"Sitecore.Commerce.Plugin.Catalog.ImagesComponent, Sitecore.Commerce.Plugin.Catalog","Images":{"$type":"System.Collections.Generic.List`1[[System.String, mscorlib]], mscorlib","$values":["c2c01150-fc0d-49f8-8073-5c6de7206774","5f93d44f-b4f2-4045-8b5c-d3cb0c491082","973c77e0-4aac-4aee-a046-e377cb95d961","3bf77c79-a337-47fd-aceb-ac0455362ab4"]},"Id":"ccdf7ae60edd410a80e5d944f7fc4e0d","Name":"","Comments":"","Policies":{"$type":"System.Collections.Generic.List`1[[Sitecore.Commerce.Core.Policy, Sitecore.Commerce.Core]], mscorlib","$values":[]},"ChildComponents":{"$type":"System.Collections.Generic.List`1[[Sitecore.Commerce.Core.Component, Sitecore.Commerce.Core]], mscorlib","$values":[]}},{"$type":"Sitecore.Commerce.Plugin.Catalog.ItemVariationsComponent, Sitecore.Commerce.Plugin.Catalog","Id":"3b749610967642739c6522a20df3165f","Name":"","Comments":"","Policies":{"$type":"System.Collections.Generic.List`1[[Sitecore.Commerce.Core.Policy, Sitecore.Commerce.Core]], mscorlib","$values":[]},"ChildComponents":{"$type":"System.Collections.Generic.List`1[[Sitecore.Commerce.Core.Component, Sitecore.Commerce.Core]], mscorlib","$values":[{"$type":"Sitecore.Commerce.Plugin.Catalog.ItemVariationComponent, Sitecore.Commerce.Plugin.Catalog","DisplayName":"Sahara (Green)","Description":"","Tags":{"$type":"System.Collections.Generic.List`1[[Sitecore.Commerce.Core.Tag, Sitecore.Commerce.Core]], mscorlib","$values":[]},"Disabled":false,"Id":"23","Name":"Sahara (Green)","Comments":"","Policies":{"$type":"System.Collections.Generic.List`1[[Sitecore.Commerce.Core.Policy, Sitecore.Commerce.Core]], mscorlib","$values":[{"$type":"Sitecore.Commerce.Plugin.Pricing.ListPricingPolicy, Sitecore.Commerce.Plugin.Pricing","Prices":{"$type":"System.Collections.Generic.List`1[[Sitecore.Commerce.Core.Money, Sitecore.Commerce.Core]], mscorlib","$values":[{"$type":"Sitecore.Commerce.Core.Money, Sitecore.Commerce.Core","CurrencyCode":"USD","Amount":120.0},{"$type":"Sitecore.Commerce.Core.Money, Sitecore.Commerce.Core","CurrencyCode":"CAD","Amount":121.0}]},"PolicyId":"3d65831cc5e34e2cb3034e604f5ee541","Models":{"$type":"System.Collections.Generic.List`1[[Sitecore.Commerce.Core.Model, Sitecore.Commerce.Core]], mscorlib","$values":[]}}]},"ChildComponents":{"$type":"System.Collections.Generic.List`1[[Sitecore.Commerce.Core.Component, Sitecore.Commerce.Core]], mscorlib","$values":[{"$type":"Sitecore.Commerce.Plugin.Catalog.DisplayPropertiesComponent, Sitecore.Commerce.Plugin.Catalog","DisambiguatingDescription":"","DisplayOnSite":false,"DisplayInProductList":false,"Color":"Green","Size":"S-XXL","Style":"","Id":"25c7652197784372a329492e113bb9d6","Name":"","Comments":"","Policies":{"$type":"System.Collections.Generic.List`1[[Sitecore.Commerce.Core.Policy, Sitecore.Commerce.Core]], mscorlib","$values":[]},"ChildComponents":{"$type":"System.Collections.Generic.List`1[[Sitecore.Commerce.Core.Component, Sitecore.Commerce.Core]], mscorlib","$values":[]}},{"$type":"Sitecore.Commerce.Plugin.Inventory.InventoryComponent, Sitecore.Commerce.Plugin.Inventory","InventoryAssociations":{"$type":"System.Collections.Generic.List`1[[Sitecore.Commerce.Plugin.Inventory.InventoryAssociation, Sitecore.Commerce.Plugin.Inventory]], mscorlib","$values":[{"$type":"Sitecore.Commerce.Plugin.Inventory.InventoryAssociation, Sitecore.Commerce.Plugin.Inventory","InventoryInformation":{"$type":"Sitecore.Commerce.Core.EntityReference, Sitecore.Commerce.Core","Name":"","EntityTarget":"Entity-InventoryInformation-Adventure Works Inventory-AW114 06-23","Policies":{"$type":"System.Collections.Generic.List`1[[Sitecore.Commerce.Core.Policy, Sitecore.Commerce.Core]], mscorlib","$values":[]}},"InventorySet":{"$type":"Sitecore.Commerce.Core.EntityReference, Sitecore.Commerce.Core","Name":"","EntityTarget":"Entity-InventorySet-Adventure Works Inventory","Policies":{"$type":"System.Collections.Generic.List`1[[Sitecore.Commerce.Core.Policy, Sitecore.Commerce.Core]], mscorlib","$values":[]}},"Name":"","Policies":{"$type":"System.Collections.Generic.List`1[[Sitecore.Commerce.Core.Policy, Sitecore.Commerce.Core]], mscorlib","$values":[]}}]},"Id":"9b59febe8d444d4da11a0976b5fdd614","Name":"","Comments":"","Policies":{"$type":"System.Collections.Generic.List`1[[Sitecore.Commerce.Core.Policy, Sitecore.Commerce.Core]], mscorlib","$values":[]},"ChildComponents":{"$type":"System.Collections.Generic.List`1[[Sitecore.Commerce.Core.Component, Sitecore.Commerce.Core]], mscorlib","$values":[]}}]}},{"$type":"Sitecore.Commerce.Plugin.Catalog.ItemVariationComponent, Sitecore.Commerce.Plugin.Catalog","DisplayName":"Sahara (Purple)","Description":"","Tags":{"$type":"System.Collections.Generic.List`1[[Sitecore.Commerce.Core.Tag, Sitecore.Commerce.Core]], mscorlib","$values":[]},"Disabled":false,"Id":"24","Name":"Sahara (Purple)","Comments":"","Policies":{"$type":"System.Collections.Generic.List`1[[Sitecore.Commerce.Core.Policy, Sitecore.Commerce.Core]], mscorlib","$values":[{"$type":"Sitecore.Commerce.Plugin.Pricing.ListPricingPolicy, Sitecore.Commerce.Plugin.Pricing","Prices":{"$type":"System.Collections.Generic.List`1[[Sitecore.Commerce.Core.Money, Sitecore.Commerce.Core]], mscorlib","$values":[{"$type":"Sitecore.Commerce.Core.Money, Sitecore.Commerce.Core","CurrencyCode":"USD","Amount":120.0},{"$type":"Sitecore.Commerce.Core.Money, Sitecore.Commerce.Core","CurrencyCode":"CAD","Amount":121.0}]},"PolicyId":"c6379df1d0464c94ac3b704fa67b4363","Models":{"$type":"System.Collections.Generic.List`1[[Sitecore.Commerce.Core.Model, Sitecore.Commerce.Core]], mscorlib","$values":[]}}]},"ChildComponents":{"$type":"System.Collections.Generic.List`1[[Sitecore.Commerce.Core.Component, Sitecore.Commerce.Core]], mscorlib","$values":[{"$type":"Sitecore.Commerce.Plugin.Catalog.DisplayPropertiesComponent, Sitecore.Commerce.Plugin.Catalog","DisambiguatingDescription":"","DisplayOnSite":false,"DisplayInProductList":false,"Color":"Purple","Size":"S-XXL","Style":"","Id":"bd3def018ab84b4dafbc877ea7a24cb4","Name":"","Comments":"","Policies":{"$type":"System.Collections.Generic.List`1[[Sitecore.Commerce.Core.Policy, Sitecore.Commerce.Core]], mscorlib","$values":[]},"ChildComponents":{"$type":"System.Collections.Generic.List`1[[Sitecore.Commerce.Core.Component, Sitecore.Commerce.Core]], mscorlib","$values":[]}},{"$type":"Sitecore.Commerce.Plugin.Inventory.InventoryComponent, Sitecore.Commerce.Plugin.Inventory","InventoryAssociations":{"$type":"System.Collections.Generic.List`1[[Sitecore.Commerce.Plugin.Inventory.InventoryAssociation, Sitecore.Commerce.Plugin.Inventory]], mscorlib","$values":[{"$type":"Sitecore.Commerce.Plugin.Inventory.InventoryAssociation, Sitecore.Commerce.Plugin.Inventory","InventoryInformation":{"$type":"Sitecore.Commerce.Core.EntityReference, Sitecore.Commerce.Core","Name":"","EntityTarget":"Entity-InventoryInformation-Adventure Works Inventory-AW114 06-24","Policies":{"$type":"System.Collections.Generic.List`1[[Sitecore.Commerce.Core.Policy, Sitecore.Commerce.Core]], mscorlib","$values":[]}},"InventorySet":{"$type":"Sitecore.Commerce.Core.EntityReference, Sitecore.Commerce.Core","Name":"","EntityTarget":"Entity-InventorySet-Adventure Works Inventory","Policies":{"$type":"System.Collections.Generic.List`1[[Sitecore.Commerce.Core.Policy, Sitecore.Commerce.Core]], mscorlib","$values":[]}},"Name":"","Policies":{"$type":"System.Collections.Generic.List`1[[Sitecore.Commerce.Core.Policy, Sitecore.Commerce.Core]], mscorlib","$values":[]}}]},"Id":"21707635205b46a78d7cfd12211e9468","Name":"","Comments":"","Policies":{"$type":"System.Collections.Generic.List`1[[Sitecore.Commerce.Core.Policy, Sitecore.Commerce.Core]], mscorlib","$values":[]},"ChildComponents":{"$type":"System.Collections.Generic.List`1[[Sitecore.Commerce.Core.Component, Sitecore.Commerce.Core]], mscorlib","$values":[]}}]}}]}},{"$type":"Sitecore.Commerce.Plugin.ManagedLists.ListMembershipsComponent, Sitecore.Commerce.Plugin.ManagedLists","Memberships":{"$type":"System.Collections.Generic.List`1[[System.String, mscorlib]], mscorlib","$values":["SellableItems","CatalogItems"]},"Id":"67909d8e80b440d88e8e489050284f49","Name":"","Comments":"","Policies":{"$type":"System.Collections.Generic.List`1[[Sitecore.Commerce.Core.Policy, Sitecore.Commerce.Core]], mscorlib","$values":[]},"ChildComponents":{"$type":"System.Collections.Generic.List`1[[Sitecore.Commerce.Core.Component, Sitecore.Commerce.Core]], mscorlib","$values":[]}}]},"DateCreated":"2018-01-18T13:53:29.4548348+00:00","DateUpdated":"2018-01-18T13:54:50.9778097+00:00","DisplayName":"Sahara","FriendlyId":"AW114 06","Id":"Entity-SellableItem-AW114 06","Version":3,"IsPersisted":true,"Name":"Sahara","Policies":{"$type":"System.Collections.Generic.List`1[[Sitecore.Commerce.Core.Policy, Sitecore.Commerce.Core]], mscorlib","$values":[{"$type":"Sitecore.Commerce.Plugin.Pricing.ListPricingPolicy, Sitecore.Commerce.Plugin.Pricing","Prices":{"$type":"System.Collections.Generic.List`1[[Sitecore.Commerce.Core.Money, Sitecore.Commerce.Core]], mscorlib","$values":[{"$type":"Sitecore.Commerce.Core.Money, Sitecore.Commerce.Core","CurrencyCode":"USD","Amount":120.0},{"$type":"Sitecore.Commerce.Core.Money, Sitecore.Commerce.Core","CurrencyCode":"CAD","Amount":121.0}]},"PolicyId":"dabe3b166ba24fac92337f56867850ac","Models":{"$type":"System.Collections.Generic.List`1[[Sitecore.Commerce.Core.Model, Sitecore.Commerce.Core]], mscorlib","$values":[]}}]}},{"$type":"Sitecore.Commerce.Plugin.Catalog.SellableItem, Sitecore.Commerce.Plugin.Catalog","Description":"Semi-flexed shoes, basic comfort.","ProductId":"AW125 05","Brand":"","Manufacturer":"","TypeOfGood":"","Tags":{"$type":"System.Collections.Generic.List`1[[Sitecore.Commerce.Core.Tag, Sitecore.Commerce.Core]], mscorlib","$values":[]},"SitecoreId":"9ff75f61-26be-02f7-fcfe-0843a58e464f","ParentCatalogList":"6341f64d-8213-fdda-402e-df49207158a4","ParentCategoryList":"956fcfd0-ad63-bba6-0f6b-63aebf6a360a","Components":{"$type":"System.Collections.Generic.List`1[[Sitecore.Commerce.Core.Component, Sitecore.Commerce.Core]], mscorlib","$values":[{"$type":"Sitecore.Commerce.Core.LocalizedEntityComponent, Sitecore.Commerce.Core","Entity":{"$type":"Sitecore.Commerce.Core.EntityReference, Sitecore.Commerce.Core","Name":"","EntityTarget":"Entity-LocalizationEntity-fc4d8d15f1334980b58a16f7055ba43b","Policies":{"$type":"System.Collections.Generic.List`1[[Sitecore.Commerce.Core.Policy, Sitecore.Commerce.Core]], mscorlib","$values":[]}},"Id":"783d81baa8b64099a0c4c3dbbdd8bcd5","Name":"","Comments":"","Policies":{"$type":"System.Collections.Generic.List`1[[Sitecore.Commerce.Core.Policy, Sitecore.Commerce.Core]], mscorlib","$values":[]},"ChildComponents":{"$type":"System.Collections.Generic.List`1[[Sitecore.Commerce.Core.Component, Sitecore.Commerce.Core]], mscorlib","$values":[]}},{"$type":"Sitecore.Commerce.Plugin.Catalog.CatalogsComponent, Sitecore.Commerce.Plugin.Catalog","Id":"a5a9c8ea1f5c4519acc084b865c545be","Name":"","Comments":"","Policies":{"$type":"System.Collections.Generic.List`1[[Sitecore.Commerce.Core.Policy, Sitecore.Commerce.Core]], mscorlib","$values":[]},"ChildComponents":{"$type":"System.Collections.Generic.List`1[[Sitecore.Commerce.Core.Component, Sitecore.Commerce.Core]], mscorlib","$values":[{"$type":"Sitecore.Commerce.Plugin.Catalog.CatalogComponent, Sitecore.Commerce.Plugin.Catalog","ChildCategories":{"$type":"System.Collections.Generic.List`1[[Sitecore.Commerce.Plugin.Catalog.Category, Sitecore.Commerce.Plugin.Catalog]], mscorlib","$values":[]},"CatalogLanguages":{"$type":"System.Collections.Generic.List`1[[Sitecore.Commerce.Core.Language, Sitecore.Commerce.Core]], mscorlib","$values":[]},"Id":"eb75853ec5da42f78fc8118d6cd21263","Name":"Adventure Works Catalog","Comments":"","Policies":{"$type":"System.Collections.Generic.List`1[[Sitecore.Commerce.Core.Policy, Sitecore.Commerce.Core]], mscorlib","$values":[]},"ChildComponents":{"$type":"System.Collections.Generic.List`1[[Sitecore.Commerce.Core.Component, Sitecore.Commerce.Core]], mscorlib","$values":[]}}]}},{"$type":"Sitecore.Commerce.Plugin.Catalog.ImagesComponent, Sitecore.Commerce.Plugin.Catalog","Images":{"$type":"System.Collections.Generic.List`1[[System.String, mscorlib]], mscorlib","$values":["ee32b06d-25b0-4d9a-9328-d37d47e520f9","9c9ea61b-8bfc-46fb-8b66-4c001d560501","9c5bebac-707c-4837-b0f1-5456cad6fd47"]},"Id":"0607947b3d5b402484e489b3eebbd0b7","Name":"","Comments":"","Policies":{"$type":"System.Collections.Generic.List`1[[Sitecore.Commerce.Core.Policy, Sitecore.Commerce.Core]], mscorlib","$values":[]},"ChildComponents":{"$type":"System.Collections.Generic.List`1[[Sitecore.Commerce.Core.Component, Sitecore.Commerce.Core]], mscorlib","$values":[]}},{"$type":"Sitecore.Commerce.Plugin.Inventory.InventoryComponent, Sitecore.Commerce.Plugin.Inventory","InventoryAssociations":{"$type":"System.Collections.Generic.List`1[[Sitecore.Commerce.Plugin.Inventory.InventoryAssociation, Sitecore.Commerce.Plugin.Inventory]], mscorlib","$values":[{"$type":"Sitecore.Commerce.Plugin.Inventory.InventoryAssociation, Sitecore.Commerce.Plugin.Inventory","InventoryInformation":{"$type":"Sitecore.Commerce.Core.EntityReference, Sitecore.Commerce.Core","Name":"","EntityTarget":"Entity-InventoryInformation-Adventure Works Inventory-AW125 05","Policies":{"$type":"System.Collections.Generic.List`1[[Sitecore.Commerce.Core.Policy, Sitecore.Commerce.Core]], mscorlib","$values":[]}},"InventorySet":{"$type":"Sitecore.Commerce.Core.EntityReference, Sitecore.Commerce.Core","Name":"","EntityTarget":"Entity-InventorySet-Adventure Works Inventory","Policies":{"$type":"System.Collections.Generic.List`1[[Sitecore.Commerce.Core.Policy, Sitecore.Commerce.Core]], mscorlib","$values":[]}},"Name":"","Policies":{"$type":"System.Collections.Generic.List`1[[Sitecore.Commerce.Core.Policy, Sitecore.Commerce.Core]], mscorlib","$values":[]}}]},"Id":"fb587dbd7eb1458a939bf4f6e7b68818","Name":"","Comments":"","Policies":{"$type":"System.Collections.Generic.List`1[[Sitecore.Commerce.Core.Policy, Sitecore.Commerce.Core]], mscorlib","$values":[]},"ChildComponents":{"$type":"System.Collections.Generic.List`1[[Sitecore.Commerce.Core.Component, Sitecore.Commerce.Core]], mscorlib","$values":[]}},{"$type":"Sitecore.Commerce.Plugin.ManagedLists.ListMembershipsComponent, Sitecore.Commerce.Plugin.ManagedLists","Memberships":{"$type":"System.Collections.Generic.List`1[[System.String, mscorlib]], mscorlib","$values":["SellableItems","CatalogItems"]},"Id":"ad2635bb3b0946b690e13be21b118324","Name":"","Comments":"","Policies":{"$type":"System.Collections.Generic.List`1[[Sitecore.Commerce.Core.Policy, Sitecore.Commerce.Core]], mscorlib","$values":[]},"ChildComponents":{"$type":"System.Collections.Generic.List`1[[Sitecore.Commerce.Core.Component, Sitecore.Commerce.Core]], mscorlib","$values":[]}}]},"DateCreated":"2018-01-18T13:53:29.4418027+00:00","DateUpdated":"2018-01-18T13:54:52.0746326+00:00","DisplayName":"Plymouth","FriendlyId":"AW125 05","Id":"Entity-SellableItem-AW125 05","Version":3,"IsPersisted":true,"Name":"Plymouth","Policies":{"$type":"System.Collections.Generic.List`1[[Sitecore.Commerce.Core.Policy, Sitecore.Commerce.Core]], mscorlib","$values":[{"$type":"Sitecore.Commerce.Plugin.Pricing.PriceCardPolicy, Sitecore.Commerce.Plugin.Pricing","PriceCardName":"AdventureWorksPriceCard","PolicyId":"025b9388d6dc4788b38f7048604ba366","Models":{"$type":"System.Collections.Generic.List`1[[Sitecore.Commerce.Core.Model, Sitecore.Commerce.Core]], mscorlib","$values":[]}},{"$type":"Sitecore.Commerce.Plugin.Pricing.ListPricingPolicy, Sitecore.Commerce.Plugin.Pricing","Prices":{"$type":"System.Collections.Generic.List`1[[Sitecore.Commerce.Core.Money, Sitecore.Commerce.Core]], mscorlib","$values":[{"$type":"Sitecore.Commerce.Core.Money, Sitecore.Commerce.Core","CurrencyCode":"USD","Amount":135.0},{"$type":"Sitecore.Commerce.Core.Money, Sitecore.Commerce.Core","CurrencyCode":"CAD","Amount":136.0}]},"PolicyId":"ca2a98662f494e019bdfad819e71c785","Models":{"$type":"System.Collections.Generic.List`1[[Sitecore.Commerce.Core.Model, Sitecore.Commerce.Core]], mscorlib","$values":[]}}]}},{"$type":"Sitecore.Commerce.Plugin.Catalog.SellableItem, Sitecore.Commerce.Plugin.Catalog","Description":"Lightweight traditional Parka with nylon lining, hooded.","ProductId":"AW125 06","Brand":"","Manufacturer":"","TypeOfGood":"","Tags":{"$type":"System.Collections.Generic.List`1[[Sitecore.Commerce.Core.Tag, Sitecore.Commerce.Core]], mscorlib","$values":[]},"SitecoreId":"b095e573-7439-4764-06eb-11a4aea2b9ca","ParentCatalogList":"6341f64d-8213-fdda-402e-df49207158a4","ParentCategoryList":"f3ffa386-927e-19ac-0c6a-cbca545710ec|5644605c-3c46-abca-95a1-621ddcd65354","Components":{"$type":"System.Collections.Generic.List`1[[Sitecore.Commerce.Core.Component, Sitecore.Commerce.Core]], mscorlib","$values":[{"$type":"Sitecore.Commerce.Core.LocalizedEntityComponent, Sitecore.Commerce.Core","Entity":{"$type":"Sitecore.Commerce.Core.EntityReference, Sitecore.Commerce.Core","Name":"","EntityTarget":"Entity-LocalizationEntity-2e07c290b595444ba9bbf3c78fd6a5d3","Policies":{"$type":"System.Collections.Generic.List`1[[Sitecore.Commerce.Core.Policy, Sitecore.Commerce.Core]], mscorlib","$values":[]}},"Id":"6e72eee1adbb4e15a2afaf69fc91f2d5","Name":"","Comments":"","Policies":{"$type":"System.Collections.Generic.List`1[[Sitecore.Commerce.Core.Policy, Sitecore.Commerce.Core]], mscorlib","$values":[]},"ChildComponents":{"$type":"System.Collections.Generic.List`1[[Sitecore.Commerce.Core.Component, Sitecore.Commerce.Core]], mscorlib","$values":[]}},{"$type":"Sitecore.Commerce.Plugin.Catalog.CatalogsComponent, Sitecore.Commerce.Plugin.Catalog","Id":"c6cb4b5b8ffb49ca85a49c82efafbf98","Name":"","Comments":"","Policies":{"$type":"System.Collections.Generic.List`1[[Sitecore.Commerce.Core.Policy, Sitecore.Commerce.Core]], mscorlib","$values":[]},"ChildComponents":{"$type":"System.Collections.Generic.List`1[[Sitecore.Commerce.Core.Component, Sitecore.Commerce.Core]], mscorlib","$values":[{"$type":"Sitecore.Commerce.Plugin.Catalog.CatalogComponent, Sitecore.Commerce.Plugin.Catalog","ChildCategories":{"$type":"System.Collections.Generic.List`1[[Sitecore.Commerce.Plugin.Catalog.Category, Sitecore.Commerce.Plugin.Catalog]], mscorlib","$values":[]},"CatalogLanguages":{"$type":"System.Collections.Generic.List`1[[Sitecore.Commerce.Core.Language, Sitecore.Commerce.Core]], mscorlib","$values":[]},"Id":"45b7fdec0106448ca8cc2eb1df9a5e8b","Name":"Adventure Works Catalog","Comments":"","Policies":{"$type":"System.Collections.Generic.List`1[[Sitecore.Commerce.Core.Policy, Sitecore.Commerce.Core]], mscorlib","$values":[]},"ChildComponents":{"$type":"System.Collections.Generic.List`1[[Sitecore.Commerce.Core.Component, Sitecore.Commerce.Core]], mscorlib","$values":[]}}]}},{"$type":"Sitecore.Commerce.Plugin.Catalog.ImagesComponent, Sitecore.Commerce.Plugin.Catalog","Images":{"$type":"System.Collections.Generic.List`1[[System.String, mscorlib]], mscorlib","$values":["f1198db3-3248-41a8-920d-d6ec044009f1","ead29753-b1fd-44c7-b26a-34b8973d83d4","c3630c86-6420-49f7-83c1-ead44886677f"]},"Id":"56201f7336164fc0bb913ab1bac781f3","Name":"","Comments":"","Policies":{"$type":"System.Collections.Generic.List`1[[Sitecore.Commerce.Core.Policy, Sitecore.Commerce.Core]], mscorlib","$values":[]},"ChildComponents":{"$type":"System.Collections.Generic.List`1[[Sitecore.Commerce.Core.Component, Sitecore.Commerce.Core]], mscorlib","$values":[]}},{"$type":"Sitecore.Commerce.Plugin.Catalog.ItemVariationsComponent, Sitecore.Commerce.Plugin.Catalog","Id":"1cd685e6c3b54ca7841cfd577a06da26","Name":"","Comments":"","Policies":{"$type":"System.Collections.Generic.List`1[[Sitecore.Commerce.Core.Policy, Sitecore.Commerce.Core]], mscorlib","$values":[]},"ChildComponents":{"$type":"System.Collections.Generic.List`1[[Sitecore.Commerce.Core.Component, Sitecore.Commerce.Core]], mscorlib","$values":[{"$type":"Sitecore.Commerce.Plugin.Catalog.ItemVariationComponent, Sitecore.Commerce.Plugin.Catalog","DisplayName":"Crystal (Purple)","Description":"","Tags":{"$type":"System.Collections.Generic.List`1[[Sitecore.Commerce.Core.Tag, Sitecore.Commerce.Core]], mscorlib","$values":[]},"Disabled":false,"Id":"25","Name":"Crystal (Purple)","Comments":"","Policies":{"$type":"System.Collections.Generic.List`1[[Sitecore.Commerce.Core.Policy, Sitecore.Commerce.Core]], mscorlib","$values":[{"$type":"Sitecore.Commerce.Plugin.Pricing.ListPricingPolicy, Sitecore.Commerce.Plugin.Pricing","Prices":{"$type":"System.Collections.Generic.List`1[[Sitecore.Commerce.Core.Money, Sitecore.Commerce.Core]], mscorlib","$values":[{"$type":"Sitecore.Commerce.Core.Money, Sitecore.Commerce.Core","CurrencyCode":"USD","Amount":125.0}]},"PolicyId":"cb923f5365a44f898235769b21944763","Models":{"$type":"System.Collections.Generic.List`1[[Sitecore.Commerce.Core.Model, Sitecore.Commerce.Core]], mscorlib","$values":[]}}]},"ChildComponents":{"$type":"System.Collections.Generic.List`1[[Sitecore.Commerce.Core.Component, Sitecore.Commerce.Core]], mscorlib","$values":[{"$type":"Sitecore.Commerce.Plugin.Catalog.DisplayPropertiesComponent, Sitecore.Commerce.Plugin.Catalog","DisambiguatingDescription":"","DisplayOnSite":false,"DisplayInProductList":false,"Color":"Purple","Size":"S-XXL","Style":"","Id":"998391853724427881925646dce07989","Name":"","Comments":"","Policies":{"$type":"System.Collections.Generic.List`1[[Sitecore.Commerce.Core.Policy, Sitecore.Commerce.Core]], mscorlib","$values":[]},"ChildComponents":{"$type":"System.Collections.Generic.List`1[[Sitecore.Commerce.Core.Component, Sitecore.Commerce.Core]], mscorlib","$values":[]}},{"$type":"Sitecore.Commerce.Plugin.Inventory.InventoryComponent, Sitecore.Commerce.Plugin.Inventory","InventoryAssociations":{"$type":"System.Collections.Generic.List`1[[Sitecore.Commerce.Plugin.Inventory.InventoryAssociation, Sitecore.Commerce.Plugin.Inventory]], mscorlib","$values":[{"$type":"Sitecore.Commerce.Plugin.Inventory.InventoryAssociation, Sitecore.Commerce.Plugin.Inventory","InventoryInformation":{"$type":"Sitecore.Commerce.Core.EntityReference, Sitecore.Commerce.Core","Name":"","EntityTarget":"Entity-InventoryInformation-Adventure Works Inventory-AW125 06-25","Policies":{"$type":"System.Collections.Generic.List`1[[Sitecore.Commerce.Core.Policy, Sitecore.Commerce.Core]], mscorlib","$values":[]}},"InventorySet":{"$type":"Sitecore.Commerce.Core.EntityReference, Sitecore.Commerce.Core","Name":"","EntityTarget":"Entity-InventorySet-Adventure Works Inventory","Policies":{"$type":"System.Collections.Generic.List`1[[Sitecore.Commerce.Core.Policy, Sitecore.Commerce.Core]], mscorlib","$values":[]}},"Name":"","Policies":{"$type":"System.Collections.Generic.List`1[[Sitecore.Commerce.Core.Policy, Sitecore.Commerce.Core]], mscorlib","$values":[]}}]},"Id":"838fc535c09141819aa3b4566b8bad3f","Name":"","Comments":"","Policies":{"$type":"System.Collections.Generic.List`1[[Sitecore.Commerce.Core.Policy, Sitecore.Commerce.Core]], mscorlib","$values":[]},"ChildComponents":{"$type":"System.Collections.Generic.List`1[[Sitecore.Commerce.Core.Component, Sitecore.Commerce.Core]], mscorlib","$values":[]}}]}},{"$type":"Sitecore.Commerce.Plugin.Catalog.ItemVariationComponent, Sitecore.Commerce.Plugin.Catalog","DisplayName":"Crystal (Blue)","Description":"","Tags":{"$type":"System.Collections.Generic.List`1[[Sitecore.Commerce.Core.Tag, Sitecore.Commerce.Core]], mscorlib","$values":[]},"Disabled":false,"Id":"26","Name":"Crystal (Blue)","Comments":"","Policies":{"$type":"System.Collections.Generic.List`1[[Sitecore.Commerce.Core.Policy, Sitecore.Commerce.Core]], mscorlib","$values":[{"$type":"Sitecore.Commerce.Plugin.Pricing.ListPricingPolicy, Sitecore.Commerce.Plugin.Pricing","Prices":{"$type":"System.Collections.Generic.List`1[[Sitecore.Commerce.Core.Money, Sitecore.Commerce.Core]], mscorlib","$values":[{"$type":"Sitecore.Commerce.Core.Money, Sitecore.Commerce.Core","CurrencyCode":"USD","Amount":125.0}]},"PolicyId":"23716e11d7fa4f7f8fb6697605cd575e","Models":{"$type":"System.Collections.Generic.List`1[[Sitecore.Commerce.Core.Model, Sitecore.Commerce.Core]], mscorlib","$values":[]}}]},"ChildComponents":{"$type":"System.Collections.Generic.List`1[[Sitecore.Commerce.Core.Component, Sitecore.Commerce.Core]], mscorlib","$values":[{"$type":"Sitecore.Commerce.Plugin.Catalog.DisplayPropertiesComponent, Sitecore.Commerce.Plugin.Catalog","DisambiguatingDescription":"","DisplayOnSite":false,"DisplayInProductList":false,"Color":"Blue","Size":"S-XXL","Style":"","Id":"7734b5726cd4448ebe30d41d88964a3e","Name":"","Comments":"","Policies":{"$type":"System.Collections.Generic.List`1[[Sitecore.Commerce.Core.Policy, Sitecore.Commerce.Core]], mscorlib","$values":[]},"ChildComponents":{"$type":"System.Collections.Generic.List`1[[Sitecore.Commerce.Core.Component, Sitecore.Commerce.Core]], mscorlib","$values":[]}},{"$type":"Sitecore.Commerce.Plugin.Inventory.InventoryComponent, Sitecore.Commerce.Plugin.Inventory","InventoryAssociations":{"$type":"System.Collections.Generic.List`1[[Sitecore.Commerce.Plugin.Inventory.InventoryAssociation, Sitecore.Commerce.Plugin.Inventory]], mscorlib","$values":[{"$type":"Sitecore.Commerce.Plugin.Inventory.InventoryAssociation, Sitecore.Commerce.Plugin.Inventory","InventoryInformation":{"$type":"Sitecore.Commerce.Core.EntityReference, Sitecore.Commerce.Core","Name":"","EntityTarget":"Entity-InventoryInformation-Adventure Works Inventory-AW125 06-26","Policies":{"$type":"System.Collections.Generic.List`1[[Sitecore.Commerce.Core.Policy, Sitecore.Commerce.Core]], mscorlib","$values":[]}},"InventorySet":{"$type":"Sitecore.Commerce.Core.EntityReference, Sitecore.Commerce.Core","Name":"","EntityTarget":"Entity-InventorySet-Adventure Works Inventory","Policies":{"$type":"System.Collections.Generic.List`1[[Sitecore.Commerce.Core.Policy, Sitecore.Commerce.Core]], mscorlib","$values":[]}},"Name":"","Policies":{"$type":"System.Collections.Generic.List`1[[Sitecore.Commerce.Core.Policy, Sitecore.Commerce.Core]], mscorlib","$values":[]}}]},"Id":"b55895e4a87e4ce78dd99859158fefa4","Name":"","Comments":"","Policies":{"$type":"System.Collections.Generic.List`1[[Sitecore.Commerce.Core.Policy, Sitecore.Commerce.Core]], mscorlib","$values":[]},"ChildComponents":{"$type":"System.Collections.Generic.List`1[[Sitecore.Commerce.Core.Component, Sitecore.Commerce.Core]], mscorlib","$values":[]}}]}}]}},{"$type":"Sitecore.Commerce.Plugin.ManagedLists.ListMembershipsComponent, Sitecore.Commerce.Plugin.ManagedLists","Memberships":{"$type":"System.Collections.Generic.List`1[[System.String, mscorlib]], mscorlib","$values":["SellableItems","CatalogItems"]},"Id":"85eb442949ca4d7b8b57e28c7afe30cb","Name":"","Comments":"","Policies":{"$type":"System.Collections.Generic.List`1[[Sitecore.Commerce.Core.Policy, Sitecore.Commerce.Core]], mscorlib","$values":[]},"ChildComponents":{"$type":"System.Collections.Generic.List`1[[Sitecore.Commerce.Core.Component, Sitecore.Commerce.Core]], mscorlib","$values":[]}}]},"DateCreated":"2018-01-18T13:53:29.4548348+00:00","DateUpdated":"2018-01-18T13:54:44.9771423+00:00","DisplayName":"Crystal","FriendlyId":"AW125 06","Id":"Entity-SellableItem-AW125 06","Version":3,"IsPersisted":true,"Name":"Crystal","Policies":{"$type":"System.Collections.Generic.List`1[[Sitecore.Commerce.Core.Policy, Sitecore.Commerce.Core]], mscorlib","$values":[{"$type":"Sitecore.Commerce.Plugin.Pricing.ListPricingPolicy, Sitecore.Commerce.Plugin.Pricing","Prices":{"$type":"System.Collections.Generic.List`1[[Sitecore.Commerce.Core.Money, Sitecore.Commerce.Core]], mscorlib","$values":[{"$type":"Sitecore.Commerce.Core.Money, Sitecore.Commerce.Core","CurrencyCode":"USD","Amount":125.0}]},"PolicyId":"d234b2aec7164982bb15aaae3797e2a0","Models":{"$type":"System.Collections.Generic.List`1[[Sitecore.Commerce.Core.Model, Sitecore.Commerce.Core]], mscorlib","$values":[]}}]}}]}