{"$type":"System.Collections.Generic.List`1[[Sitecore.Commerce.Plugin.Inventory.InventoryInformation, Sitecore.Commerce.Plugin.Inventory]], mscorlib","$values":[{"$type":"Sitecore.Commerce.Plugin.Inventory.InventoryInformation, Sitecore.Commerce.Plugin.Inventory","InventorySet":{"$type":"Sitecore.Commerce.Core.EntityReference, Sitecore.Commerce.Core","Name":"","EntityTarget":"Entity-InventorySet-Habitat_Inventory","Policies":{"$type":"System.Collections.Generic.List`1[[Sitecore.Commerce.Core.Policy, Sitecore.Commerce.Core]], mscorlib","$values":[]}},"SellableItem":{"$type":"Sitecore.Commerce.Core.EntityReference, Sitecore.Commerce.Core","Name":"","EntityTarget":"Entity-SellableItem-7042099","Policies":{"$type":"System.Collections.Generic.List`1[[Sitecore.Commerce.Core.Policy, Sitecore.Commerce.Core]], mscorlib","$values":[]}},"VariationId":"57042099","Quantity":10000,"InvoiceUnitPrice":{"$type":"Sitecore.Commerce.Core.Money, Sitecore.Commerce.Core","CurrencyCode":"USD","Amount":0.0},"Components":{"$type":"System.Collections.Generic.List`1[[Sitecore.Commerce.Core.Component, Sitecore.Commerce.Core]], mscorlib","$values":[]},"DateCreated":"2018-06-12T13:36:19.7200932+00:00","DateUpdated":"2018-06-12T13:36:19.7200932+00:00","DisplayName":"Habitat_Inventory-7042099-57042099","FriendlyId":"Habitat_Inventory-7042099-57042099","Id":"Entity-InventoryInformation-Habitat_Inventory-7042099-57042099","Version":0,"IsPersisted":false,"Name":"Habitat_Inventory-7042099-57042099","Policies":{"$type":"System.Collections.Generic.List`1[[Sitecore.Commerce.Core.Policy, Sitecore.Commerce.Core]], mscorlib","$values":[]}},{"$type":"Sitecore.Commerce.Plugin.Inventory.InventoryInformation, Sitecore.Commerce.Plugin.Inventory","InventorySet":{"$type":"Sitecore.Commerce.Core.EntityReference, Sitecore.Commerce.Core","Name":"","EntityTarget":"Entity-InventorySet-Habitat_Inventory","Policies":{"$type":"System.Collections.Generic.List`1[[Sitecore.Commerce.Core.Policy, Sitecore.Commerce.Core]], mscorlib","$values":[]}},"SellableItem":{"$type":"Sitecore.Commerce.Core.EntityReference, Sitecore.Commerce.Core","Name":"","EntityTarget":"Entity-SellableItem-7042100","Policies":{"$type":"System.Collections.Generic.List`1[[Sitecore.Commerce.Core.Policy, Sitecore.Commerce.Core]], mscorlib","$values":[]}},"VariationId":"57042100","Quantity":10000,"InvoiceUnitPrice":{"$type":"Sitecore.Commerce.Core.Money, Sitecore.Commerce.Core","CurrencyCode":"USD","Amount":0.0},"Components":{"$type":"System.Collections.Generic.List`1[[Sitecore.Commerce.Core.Component, Sitecore.Commerce.Core]], mscorlib","$values":[]},"DateCreated":"2018-06-12T13:36:19.7200932+00:00","DateUpdated":"2018-06-12T13:36:19.7200932+00:00","DisplayName":"Habitat_Inventory-7042100-57042100","FriendlyId":"Habitat_Inventory-7042100-57042100","Id":"Entity-InventoryInformation-Habitat_Inventory-7042100-57042100","Version":0,"IsPersisted":false,"Name":"Habitat_Inventory-7042100-57042100","Policies":{"$type":"System.Collections.Generic.List`1[[Sitecore.Commerce.Core.Policy, Sitecore.Commerce.Core]], mscorlib","$values":[]}},{"$type":"Sitecore.Commerce.Plugin.Inventory.InventoryInformation, Sitecore.Commerce.Plugin.Inventory","InventorySet":{"$type":"Sitecore.Commerce.Core.EntityReference, Sitecore.Commerce.Core","Name":"","EntityTarget":"Entity-InventorySet-Habitat_Inventory","Policies":{"$type":"System.Collections.Generic.List`1[[Sitecore.Commerce.Core.Policy, Sitecore.Commerce.Core]], mscorlib","$values":[]}},"SellableItem":{"$type":"Sitecore.Commerce.Core.EntityReference, Sitecore.Commerce.Core","Name":"","EntityTarget":"Entity-SellableItem-7042101","Policies":{"$type":"System.Collections.Generic.List`1[[Sitecore.Commerce.Core.Policy, Sitecore.Commerce.Core]], mscorlib","$values":[]}},"VariationId":"57042101","Quantity":10000,"InvoiceUnitPrice":{"$type":"Sitecore.Commerce.Core.Money, Sitecore.Commerce.Core","CurrencyCode":"USD","Amount":0.0},"Components":{"$type":"System.Collections.Generic.List`1[[Sitecore.Commerce.Core.Component, Sitecore.Commerce.Core]], mscorlib","$values":[]},"DateCreated":"2018-06-12T13:36:19.7200932+00:00","DateUpdated":"2018-06-12T13:36:19.7200932+00:00","DisplayName":"Habitat_Inventory-7042101-57042101","FriendlyId":"Habitat_Inventory-7042101-57042101","Id":"Entity-InventoryInformation-Habitat_Inventory-7042101-57042101","Version":0,"IsPersisted":false,"Name":"Habitat_Inventory-7042101-57042101","Policies":{"$type":"System.Collections.Generic.List`1[[Sitecore.Commerce.Core.Policy, Sitecore.Commerce.Core]], mscorlib","$values":[]}},{"$type":"Sitecore.Commerce.Plugin.Inventory.InventoryInformation, Sitecore.Commerce.Plugin.Inventory","InventorySet":{"$type":"Sitecore.Commerce.Core.EntityReference, Sitecore.Commerce.Core","Name":"","EntityTarget":"Entity-InventorySet-Habitat_Inventory","Policies":{"$type":"System.Collections.Generic.List`1[[Sitecore.Commerce.Core.Policy, Sitecore.Commerce.Core]], mscorlib","$values":[]}},"SellableItem":{"$type":"Sitecore.Commerce.Core.EntityReference, Sitecore.Commerce.Core","Name":"","EntityTarget":"Entity-SellableItem-7042102","Policies":{"$type":"System.Collections.Generic.List`1[[Sitecore.Commerce.Core.Policy, Sitecore.Commerce.Core]], mscorlib","$values":[]}},"VariationId":"57042102","Quantity":10000,"InvoiceUnitPrice":{"$type":"Sitecore.Commerce.Core.Money, Sitecore.Commerce.Core","CurrencyCode":"USD","Amount":0.0},"Components":{"$type":"System.Collections.Generic.List`1[[Sitecore.Commerce.Core.Component, Sitecore.Commerce.Core]], mscorlib","$values":[]},"DateCreated":"2018-06-12T13:36:19.7200932+00:00","DateUpdated":"2018-06-12T13:36:19.7200932+00:00","DisplayName":"Habitat_Inventory-7042102-57042102","FriendlyId":"Habitat_Inventory-7042102-57042102","Id":"Entity-InventoryInformation-Habitat_Inventory-7042102-57042102","Version":0,"IsPersisted":false,"Name":"Habitat_Inventory-7042102-57042102","Policies":{"$type":"System.Collections.Generic.List`1[[Sitecore.Commerce.Core.Policy, Sitecore.Commerce.Core]], mscorlib","$values":[]}},{"$type":"Sitecore.Commerce.Plugin.Inventory.InventoryInformation, Sitecore.Commerce.Plugin.Inventory","InventorySet":{"$type":"Sitecore.Commerce.Core.EntityReference, Sitecore.Commerce.Core","Name":"","EntityTarget":"Entity-InventorySet-Habitat_Inventory","Policies":{"$type":"System.Collections.Generic.List`1[[Sitecore.Commerce.Core.Policy, Sitecore.Commerce.Core]], mscorlib","$values":[]}},"SellableItem":{"$type":"Sitecore.Commerce.Core.EntityReference, Sitecore.Commerce.Core","Name":"","EntityTarget":"Entity-SellableItem-7042103","Policies":{"$type":"System.Collections.Generic.List`1[[Sitecore.Commerce.Core.Policy, Sitecore.Commerce.Core]], mscorlib","$values":[]}},"VariationId":"57042103","Quantity":10000,"InvoiceUnitPrice":{"$type":"Sitecore.Commerce.Core.Money, Sitecore.Commerce.Core","CurrencyCode":"USD","Amount":0.0},"Components":{"$type":"System.Collections.Generic.List`1[[Sitecore.Commerce.Core.Component, Sitecore.Commerce.Core]], mscorlib","$values":[]},"DateCreated":"2018-06-12T13:36:19.7200932+00:00","DateUpdated":"2018-06-12T13:36:19.7200932+00:00","DisplayName":"Habitat_Inventory-7042103-57042103","FriendlyId":"Habitat_Inventory-7042103-57042103","Id":"Entity-InventoryInformation-Habitat_Inventory-7042103-57042103","Version":0,"IsPersisted":false,"Name":"Habitat_Inventory-7042103-57042103","Policies":{"$type":"System.Collections.Generic.List`1[[Sitecore.Commerce.Core.Policy, Sitecore.Commerce.Core]], mscorlib","$values":[]}},{"$type":"Sitecore.Commerce.Plugin.Inventory.InventoryInformation, Sitecore.Commerce.Plugin.Inventory","InventorySet":{"$type":"Sitecore.Commerce.Core.EntityReference, Sitecore.Commerce.Core","Name":"","EntityTarget":"Entity-InventorySet-Habitat_Inventory","Policies":{"$type":"System.Collections.Generic.List`1[[Sitecore.Commerce.Core.Policy, Sitecore.Commerce.Core]], mscorlib","$values":[]}},"SellableItem":{"$type":"Sitecore.Commerce.Core.EntityReference, Sitecore.Commerce.Core","Name":"","EntityTarget":"Entity-SellableItem-7042104","Policies":{"$type":"System.Collections.Generic.List`1[[Sitecore.Commerce.Core.Policy, Sitecore.Commerce.Core]], mscorlib","$values":[]}},"VariationId":"57042104","Quantity":10000,"InvoiceUnitPrice":{"$type":"Sitecore.Commerce.Core.Money, Sitecore.Commerce.Core","CurrencyCode":"USD","Amount":0.0},"Components":{"$type":"System.Collections.Generic.List`1[[Sitecore.Commerce.Core.Component, Sitecore.Commerce.Core]], mscorlib","$values":[]},"DateCreated":"2018-06-12T13:36:19.7200932+00:00","DateUpdated":"2018-06-12T13:36:19.7200932+00:00","DisplayName":"Habitat_Inventory-7042104-57042104","FriendlyId":"Habitat_Inventory-7042104-57042104","Id":"Entity-InventoryInformation-Habitat_Inventory-7042104-57042104","Version":0,"IsPersisted":false,"Name":"Habitat_Inventory-7042104-57042104","Policies":{"$type":"System.Collections.Generic.List`1[[Sitecore.Commerce.Core.Policy, Sitecore.Commerce.Core]], mscorlib","$values":[]}},{"$type":"Sitecore.Commerce.Plugin.Inventory.InventoryInformation, Sitecore.Commerce.Plugin.Inventory","InventorySet":{"$type":"Sitecore.Commerce.Core.EntityReference, Sitecore.Commerce.Core","Name":"","EntityTarget":"Entity-InventorySet-Habitat_Inventory","Policies":{"$type":"System.Collections.Generic.List`1[[Sitecore.Commerce.Core.Policy, Sitecore.Commerce.Core]], mscorlib","$values":[]}},"SellableItem":{"$type":"Sitecore.Commerce.Core.EntityReference, Sitecore.Commerce.Core","Name":"","EntityTarget":"Entity-SellableItem-7042105","Policies":{"$type":"System.Collections.Generic.List`1[[Sitecore.Commerce.Core.Policy, Sitecore.Commerce.Core]], mscorlib","$values":[]}},"VariationId":"57042105","Quantity":10000,"InvoiceUnitPrice":{"$type":"Sitecore.Commerce.Core.Money, Sitecore.Commerce.Core","CurrencyCode":"USD","Amount":0.0},"Components":{"$type":"System.Collections.Generic.List`1[[Sitecore.Commerce.Core.Component, Sitecore.Commerce.Core]], mscorlib","$values":[]},"DateCreated":"2018-06-12T13:36:19.7200932+00:00","DateUpdated":"2018-06-12T13:36:19.7200932+00:00","DisplayName":"Habitat_Inventory-7042105-57042105","FriendlyId":"Habitat_Inventory-7042105-57042105","Id":"Entity-InventoryInformation-Habitat_Inventory-7042105-57042105","Version":0,"IsPersisted":false,"Name":"Habitat_Inventory-7042105-57042105","Policies":{"$type":"System.Collections.Generic.List`1[[Sitecore.Commerce.Core.Policy, Sitecore.Commerce.Core]], mscorlib","$values":[]}},{"$type":"Sitecore.Commerce.Plugin.Inventory.InventoryInformation, Sitecore.Commerce.Plugin.Inventory","InventorySet":{"$type":"Sitecore.Commerce.Core.EntityReference, Sitecore.Commerce.Core","Name":"","EntityTarget":"Entity-InventorySet-Habitat_Inventory","Policies":{"$type":"System.Collections.Generic.List`1[[Sitecore.Commerce.Core.Policy, Sitecore.Commerce.Core]], mscorlib","$values":[]}},"SellableItem":{"$type":"Sitecore.Commerce.Core.EntityReference, Sitecore.Commerce.Core","Name":"","EntityTarget":"Entity-SellableItem-7042106","Policies":{"$type":"System.Collections.Generic.List`1[[Sitecore.Commerce.Core.Policy, Sitecore.Commerce.Core]], mscorlib","$values":[]}},"VariationId":"57042106","Quantity":10000,"InvoiceUnitPrice":{"$type":"Sitecore.Commerce.Core.Money, Sitecore.Commerce.Core","CurrencyCode":"USD","Amount":0.0},"Components":{"$type":"System.Collections.Generic.List`1[[Sitecore.Commerce.Core.Component, Sitecore.Commerce.Core]], mscorlib","$values":[]},"DateCreated":"2018-06-12T13:36:19.7200932+00:00","DateUpdated":"2018-06-12T13:36:19.7200932+00:00","DisplayName":"Habitat_Inventory-7042106-57042106","FriendlyId":"Habitat_Inventory-7042106-57042106","Id":"Entity-InventoryInformation-Habitat_Inventory-7042106-57042106","Version":0,"IsPersisted":false,"Name":"Habitat_Inventory-7042106-57042106","Policies":{"$type":"System.Collections.Generic.List`1[[Sitecore.Commerce.Core.Policy, Sitecore.Commerce.Core]], mscorlib","$values":[]}},{"$type":"Sitecore.Commerce.Plugin.Inventory.InventoryInformation, Sitecore.Commerce.Plugin.Inventory","InventorySet":{"$type":"Sitecore.Commerce.Core.EntityReference, Sitecore.Commerce.Core","Name":"","EntityTarget":"Entity-InventorySet-Habitat_Inventory","Policies":{"$type":"System.Collections.Generic.List`1[[Sitecore.Commerce.Core.Policy, Sitecore.Commerce.Core]], mscorlib","$values":[]}},"SellableItem":{"$type":"Sitecore.Commerce.Core.EntityReference, Sitecore.Commerce.Core","Name":"","EntityTarget":"Entity-SellableItem-7042107","Policies":{"$type":"System.Collections.Generic.List`1[[Sitecore.Commerce.Core.Policy, Sitecore.Commerce.Core]], mscorlib","$values":[]}},"VariationId":"57042107","Quantity":10000,"InvoiceUnitPrice":{"$type":"Sitecore.Commerce.Core.Money, Sitecore.Commerce.Core","CurrencyCode":"USD","Amount":0.0},"Components":{"$type":"System.Collections.Generic.List`1[[Sitecore.Commerce.Core.Component, Sitecore.Commerce.Core]], mscorlib","$values":[]},"DateCreated":"2018-06-12T13:36:19.7200932+00:00","DateUpdated":"2018-06-12T13:36:19.7200932+00:00","DisplayName":"Habitat_Inventory-7042107-57042107","FriendlyId":"Habitat_Inventory-7042107-57042107","Id":"Entity-InventoryInformation-Habitat_Inventory-7042107-57042107","Version":0,"IsPersisted":false,"Name":"Habitat_Inventory-7042107-57042107","Policies":{"$type":"System.Collections.Generic.List`1[[Sitecore.Commerce.Core.Policy, Sitecore.Commerce.Core]], mscorlib","$values":[]}},{"$type":"Sitecore.Commerce.Plugin.Inventory.InventoryInformation, Sitecore.Commerce.Plugin.Inventory","InventorySet":{"$type":"Sitecore.Commerce.Core.EntityReference, Sitecore.Commerce.Core","Name":"","EntityTarget":"Entity-InventorySet-Habitat_Inventory","Policies":{"$type":"System.Collections.Generic.List`1[[Sitecore.Commerce.Core.Policy, Sitecore.Commerce.Core]], mscorlib","$values":[]}},"SellableItem":{"$type":"Sitecore.Commerce.Core.EntityReference, Sitecore.Commerce.Core","Name":"","EntityTarget":"Entity-SellableItem-7042108","Policies":{"$type":"System.Collections.Generic.List`1[[Sitecore.Commerce.Core.Policy, Sitecore.Commerce.Core]], mscorlib","$values":[]}},"VariationId":"57042108","Quantity":10000,"InvoiceUnitPrice":{"$type":"Sitecore.Commerce.Core.Money, Sitecore.Commerce.Core","CurrencyCode":"USD","Amount":0.0},"Components":{"$type":"System.Collections.Generic.List`1[[Sitecore.Commerce.Core.Component, Sitecore.Commerce.Core]], mscorlib","$values":[]},"DateCreated":"2018-06-12T13:36:19.7200932+00:00","DateUpdated":"2018-06-12T13:36:19.7200932+00:00","DisplayName":"Habitat_Inventory-7042108-57042108","FriendlyId":"Habitat_Inventory-7042108-57042108","Id":"Entity-InventoryInformation-Habitat_Inventory-7042108-57042108","Version":0,"IsPersisted":false,"Name":"Habitat_Inventory-7042108-57042108","Policies":{"$type":"System.Collections.Generic.List`1[[Sitecore.Commerce.Core.Policy, Sitecore.Commerce.Core]], mscorlib","$values":[]}}]}