{"$type":"System.Collections.Generic.List`1[[Sitecore.Commerce.Plugin.Inventory.InventoryInformation, Sitecore.Commerce.Plugin.Inventory]], mscorlib","$values":[{"$type":"Sitecore.Commerce.Plugin.Inventory.InventoryInformation, Sitecore.Commerce.Plugin.Inventory","InventorySet":{"$type":"Sitecore.Commerce.Core.EntityReference, Sitecore.Commerce.Core","Name":"","EntityTarget":"Entity-InventorySet-Habitat_Inventory","EntityTargetUniqueId":"00000000-0000-0000-0000-000000000000","Policies":{"$type":"System.Collections.Generic.List`1[[Sitecore.Commerce.Core.Policy, Sitecore.Commerce.Core]], mscorlib","$values":[]}},"SellableItem":{"$type":"Sitecore.Commerce.Core.EntityReference, Sitecore.Commerce.Core","Name":"","EntityTarget":"Entity-SellableItem-6042783","EntityTargetUniqueId":"00000000-0000-0000-0000-000000000000","Policies":{"$type":"System.Collections.Generic.List`1[[Sitecore.Commerce.Core.Policy, Sitecore.Commerce.Core]], mscorlib","$values":[]}},"VariationId":"56042787","Quantity":10000,"InvoiceUnitPrice":{"$type":"Sitecore.Commerce.Core.Money, Sitecore.Commerce.Core","CurrencyCode":"USD","Amount":0.0},"Components":{"$type":"System.Collections.Generic.List`1[[Sitecore.Commerce.Core.Component, Sitecore.Commerce.Core]], mscorlib","$values":[]},"DateCreated":"2019-05-16T14:09:35.5578657+00:00","DateUpdated":"2019-05-16T14:09:35.5578657+00:00","DisplayName":"Habitat_Inventory-6042783-56042787","FriendlyId":"Habitat_Inventory-6042783-56042787","Id":"Entity-InventoryInformation-Habitat_Inventory-6042783-56042787","Version":0,"EntityVersion":1,"Published":true,"IsPersisted":false,"Name":"Habitat_Inventory-6042783-56042787","UniqueId":"00000000-0000-0000-0000-000000000000","Policies":{"$type":"System.Collections.Generic.List`1[[Sitecore.Commerce.Core.Policy, Sitecore.Commerce.Core]], mscorlib","$values":[]}},{"$type":"Sitecore.Commerce.Plugin.Inventory.InventoryInformation, Sitecore.Commerce.Plugin.Inventory","InventorySet":{"$type":"Sitecore.Commerce.Core.EntityReference, Sitecore.Commerce.Core","Name":"","EntityTarget":"Entity-InventorySet-Habitat_Inventory","EntityTargetUniqueId":"00000000-0000-0000-0000-000000000000","Policies":{"$type":"System.Collections.Generic.List`1[[Sitecore.Commerce.Core.Policy, Sitecore.Commerce.Core]], mscorlib","$values":[]}},"SellableItem":{"$type":"Sitecore.Commerce.Core.EntityReference, Sitecore.Commerce.Core","Name":"","EntityTarget":"Entity-SellableItem-6042788","EntityTargetUniqueId":"00000000-0000-0000-0000-000000000000","Policies":{"$type":"System.Collections.Generic.List`1[[Sitecore.Commerce.Core.Policy, Sitecore.Commerce.Core]], mscorlib","$values":[]}},"VariationId":"56042788","Quantity":10000,"InvoiceUnitPrice":{"$type":"Sitecore.Commerce.Core.Money, Sitecore.Commerce.Core","CurrencyCode":"USD","Amount":0.0},"Components":{"$type":"System.Collections.Generic.List`1[[Sitecore.Commerce.Core.Component, Sitecore.Commerce.Core]], mscorlib","$values":[]},"DateCreated":"2019-05-16T14:09:35.5578657+00:00","DateUpdated":"2019-05-16T14:09:35.5578657+00:00","DisplayName":"Habitat_Inventory-6042788-56042788","FriendlyId":"Habitat_Inventory-6042788-56042788","Id":"Entity-InventoryInformation-Habitat_Inventory-6042788-56042788","Version":0,"EntityVersion":1,"Published":true,"IsPersisted":false,"Name":"Habitat_Inventory-6042788-56042788","UniqueId":"00000000-0000-0000-0000-000000000000","Policies":{"$type":"System.Collections.Generic.List`1[[Sitecore.Commerce.Core.Policy, Sitecore.Commerce.Core]], mscorlib","$values":[]}},{"$type":"Sitecore.Commerce.Plugin.Inventory.InventoryInformation, Sitecore.Commerce.Plugin.Inventory","InventorySet":{"$type":"Sitecore.Commerce.Core.EntityReference, Sitecore.Commerce.Core","Name":"","EntityTarget":"Entity-InventorySet-Habitat_Inventory","EntityTargetUniqueId":"00000000-0000-0000-0000-000000000000","Policies":{"$type":"System.Collections.Generic.List`1[[Sitecore.Commerce.Core.Policy, Sitecore.Commerce.Core]], mscorlib","$values":[]}},"SellableItem":{"$type":"Sitecore.Commerce.Core.EntityReference, Sitecore.Commerce.Core","Name":"","EntityTarget":"Entity-SellableItem-6042788","EntityTargetUniqueId":"00000000-0000-0000-0000-000000000000","Policies":{"$type":"System.Collections.Generic.List`1[[Sitecore.Commerce.Core.Policy, Sitecore.Commerce.Core]], mscorlib","$values":[]}},"VariationId":"56042789","Quantity":10000,"InvoiceUnitPrice":{"$type":"Sitecore.Commerce.Core.Money, Sitecore.Commerce.Core","CurrencyCode":"USD","Amount":0.0},"Components":{"$type":"System.Collections.Generic.List`1[[Sitecore.Commerce.Core.Component, Sitecore.Commerce.Core]], mscorlib","$values":[]},"DateCreated":"2019-05-16T14:09:35.5578657+00:00","DateUpdated":"2019-05-16T14:09:35.5578657+00:00","DisplayName":"Habitat_Inventory-6042788-56042789","FriendlyId":"Habitat_Inventory-6042788-56042789","Id":"Entity-InventoryInformation-Habitat_Inventory-6042788-56042789","Version":0,"EntityVersion":1,"Published":true,"IsPersisted":false,"Name":"Habitat_Inventory-6042788-56042789","UniqueId":"00000000-0000-0000-0000-000000000000","Policies":{"$type":"System.Collections.Generic.List`1[[Sitecore.Commerce.Core.Policy, Sitecore.Commerce.Core]], mscorlib","$values":[]}},{"$type":"Sitecore.Commerce.Plugin.Inventory.InventoryInformation, Sitecore.Commerce.Plugin.Inventory","InventorySet":{"$type":"Sitecore.Commerce.Core.EntityReference, Sitecore.Commerce.Core","Name":"","EntityTarget":"Entity-InventorySet-Habitat_Inventory","EntityTargetUniqueId":"00000000-0000-0000-0000-000000000000","Policies":{"$type":"System.Collections.Generic.List`1[[Sitecore.Commerce.Core.Policy, Sitecore.Commerce.Core]], mscorlib","$values":[]}},"SellableItem":{"$type":"Sitecore.Commerce.Core.EntityReference, Sitecore.Commerce.Core","Name":"","EntityTarget":"Entity-SellableItem-6042788","EntityTargetUniqueId":"00000000-0000-0000-0000-000000000000","Policies":{"$type":"System.Collections.Generic.List`1[[Sitecore.Commerce.Core.Policy, Sitecore.Commerce.Core]], mscorlib","$values":[]}},"VariationId":"56042790","Quantity":10000,"InvoiceUnitPrice":{"$type":"Sitecore.Commerce.Core.Money, Sitecore.Commerce.Core","CurrencyCode":"USD","Amount":0.0},"Components":{"$type":"System.Collections.Generic.List`1[[Sitecore.Commerce.Core.Component, Sitecore.Commerce.Core]], mscorlib","$values":[]},"DateCreated":"2019-05-16T14:09:35.5578657+00:00","DateUpdated":"2019-05-16T14:09:35.5578657+00:00","DisplayName":"Habitat_Inventory-6042788-56042790","FriendlyId":"Habitat_Inventory-6042788-56042790","Id":"Entity-InventoryInformation-Habitat_Inventory-6042788-56042790","Version":0,"EntityVersion":1,"Published":true,"IsPersisted":false,"Name":"Habitat_Inventory-6042788-56042790","UniqueId":"00000000-0000-0000-0000-000000000000","Policies":{"$type":"System.Collections.Generic.List`1[[Sitecore.Commerce.Core.Policy, Sitecore.Commerce.Core]], mscorlib","$values":[]}},{"$type":"Sitecore.Commerce.Plugin.Inventory.InventoryInformation, Sitecore.Commerce.Plugin.Inventory","InventorySet":{"$type":"Sitecore.Commerce.Core.EntityReference, Sitecore.Commerce.Core","Name":"","EntityTarget":"Entity-InventorySet-Habitat_Inventory","EntityTargetUniqueId":"00000000-0000-0000-0000-000000000000","Policies":{"$type":"System.Collections.Generic.List`1[[Sitecore.Commerce.Core.Policy, Sitecore.Commerce.Core]], mscorlib","$values":[]}},"SellableItem":{"$type":"Sitecore.Commerce.Core.EntityReference, Sitecore.Commerce.Core","Name":"","EntityTarget":"Entity-SellableItem-6042788","EntityTargetUniqueId":"00000000-0000-0000-0000-000000000000","Policies":{"$type":"System.Collections.Generic.List`1[[Sitecore.Commerce.Core.Policy, Sitecore.Commerce.Core]], mscorlib","$values":[]}},"VariationId":"56042791","Quantity":10000,"InvoiceUnitPrice":{"$type":"Sitecore.Commerce.Core.Money, Sitecore.Commerce.Core","CurrencyCode":"USD","Amount":0.0},"Components":{"$type":"System.Collections.Generic.List`1[[Sitecore.Commerce.Core.Component, Sitecore.Commerce.Core]], mscorlib","$values":[]},"DateCreated":"2019-05-16T14:09:35.5578657+00:00","DateUpdated":"2019-05-16T14:09:35.5578657+00:00","DisplayName":"Habitat_Inventory-6042788-56042791","FriendlyId":"Habitat_Inventory-6042788-56042791","Id":"Entity-InventoryInformation-Habitat_Inventory-6042788-56042791","Version":0,"EntityVersion":1,"Published":true,"IsPersisted":false,"Name":"Habitat_Inventory-6042788-56042791","UniqueId":"00000000-0000-0000-0000-000000000000","Policies":{"$type":"System.Collections.Generic.List`1[[Sitecore.Commerce.Core.Policy, Sitecore.Commerce.Core]], mscorlib","$values":[]}},{"$type":"Sitecore.Commerce.Plugin.Inventory.InventoryInformation, Sitecore.Commerce.Plugin.Inventory","InventorySet":{"$type":"Sitecore.Commerce.Core.EntityReference, Sitecore.Commerce.Core","Name":"","EntityTarget":"Entity-InventorySet-Habitat_Inventory","EntityTargetUniqueId":"00000000-0000-0000-0000-000000000000","Policies":{"$type":"System.Collections.Generic.List`1[[Sitecore.Commerce.Core.Policy, Sitecore.Commerce.Core]], mscorlib","$values":[]}},"SellableItem":{"$type":"Sitecore.Commerce.Core.EntityReference, Sitecore.Commerce.Core","Name":"","EntityTarget":"Entity-SellableItem-6042788","EntityTargetUniqueId":"00000000-0000-0000-0000-000000000000","Policies":{"$type":"System.Collections.Generic.List`1[[Sitecore.Commerce.Core.Policy, Sitecore.Commerce.Core]], mscorlib","$values":[]}},"VariationId":"56042792","Quantity":10000,"InvoiceUnitPrice":{"$type":"Sitecore.Commerce.Core.Money, Sitecore.Commerce.Core","CurrencyCode":"USD","Amount":0.0},"Components":{"$type":"System.Collections.Generic.List`1[[Sitecore.Commerce.Core.Component, Sitecore.Commerce.Core]], mscorlib","$values":[]},"DateCreated":"2019-05-16T14:09:35.5578657+00:00","DateUpdated":"2019-05-16T14:09:35.5578657+00:00","DisplayName":"Habitat_Inventory-6042788-56042792","FriendlyId":"Habitat_Inventory-6042788-56042792","Id":"Entity-InventoryInformation-Habitat_Inventory-6042788-56042792","Version":0,"EntityVersion":1,"Published":true,"IsPersisted":false,"Name":"Habitat_Inventory-6042788-56042792","UniqueId":"00000000-0000-0000-0000-000000000000","Policies":{"$type":"System.Collections.Generic.List`1[[Sitecore.Commerce.Core.Policy, Sitecore.Commerce.Core]], mscorlib","$values":[]}},{"$type":"Sitecore.Commerce.Plugin.Inventory.InventoryInformation, Sitecore.Commerce.Plugin.Inventory","InventorySet":{"$type":"Sitecore.Commerce.Core.EntityReference, Sitecore.Commerce.Core","Name":"","EntityTarget":"Entity-InventorySet-Habitat_Inventory","EntityTargetUniqueId":"00000000-0000-0000-0000-000000000000","Policies":{"$type":"System.Collections.Generic.List`1[[Sitecore.Commerce.Core.Policy, Sitecore.Commerce.Core]], mscorlib","$values":[]}},"SellableItem":{"$type":"Sitecore.Commerce.Core.EntityReference, Sitecore.Commerce.Core","Name":"","EntityTarget":"Entity-SellableItem-6042793","EntityTargetUniqueId":"00000000-0000-0000-0000-000000000000","Policies":{"$type":"System.Collections.Generic.List`1[[Sitecore.Commerce.Core.Policy, Sitecore.Commerce.Core]], mscorlib","$values":[]}},"VariationId":"56042793","Quantity":10000,"InvoiceUnitPrice":{"$type":"Sitecore.Commerce.Core.Money, Sitecore.Commerce.Core","CurrencyCode":"USD","Amount":0.0},"Components":{"$type":"System.Collections.Generic.List`1[[Sitecore.Commerce.Core.Component, Sitecore.Commerce.Core]], mscorlib","$values":[]},"DateCreated":"2019-05-16T14:09:35.558866+00:00","DateUpdated":"2019-05-16T14:09:35.558866+00:00","DisplayName":"Habitat_Inventory-6042793-56042793","FriendlyId":"Habitat_Inventory-6042793-56042793","Id":"Entity-InventoryInformation-Habitat_Inventory-6042793-56042793","Version":0,"EntityVersion":1,"Published":true,"IsPersisted":false,"Name":"Habitat_Inventory-6042793-56042793","UniqueId":"00000000-0000-0000-0000-000000000000","Policies":{"$type":"System.Collections.Generic.List`1[[Sitecore.Commerce.Core.Policy, Sitecore.Commerce.Core]], mscorlib","$values":[]}},{"$type":"Sitecore.Commerce.Plugin.Inventory.InventoryInformation, Sitecore.Commerce.Plugin.Inventory","InventorySet":{"$type":"Sitecore.Commerce.Core.EntityReference, Sitecore.Commerce.Core","Name":"","EntityTarget":"Entity-InventorySet-Habitat_Inventory","EntityTargetUniqueId":"00000000-0000-0000-0000-000000000000","Policies":{"$type":"System.Collections.Generic.List`1[[Sitecore.Commerce.Core.Policy, Sitecore.Commerce.Core]], mscorlib","$values":[]}},"SellableItem":{"$type":"Sitecore.Commerce.Core.EntityReference, Sitecore.Commerce.Core","Name":"","EntityTarget":"Entity-SellableItem-6042794","EntityTargetUniqueId":"00000000-0000-0000-0000-000000000000","Policies":{"$type":"System.Collections.Generic.List`1[[Sitecore.Commerce.Core.Policy, Sitecore.Commerce.Core]], mscorlib","$values":[]}},"VariationId":"56042794","Quantity":10000,"InvoiceUnitPrice":{"$type":"Sitecore.Commerce.Core.Money, Sitecore.Commerce.Core","CurrencyCode":"USD","Amount":0.0},"Components":{"$type":"System.Collections.Generic.List`1[[Sitecore.Commerce.Core.Component, Sitecore.Commerce.Core]], mscorlib","$values":[]},"DateCreated":"2019-05-16T14:09:35.558866+00:00","DateUpdated":"2019-05-16T14:09:35.558866+00:00","DisplayName":"Habitat_Inventory-6042794-56042794","FriendlyId":"Habitat_Inventory-6042794-56042794","Id":"Entity-InventoryInformation-Habitat_Inventory-6042794-56042794","Version":0,"EntityVersion":1,"Published":true,"IsPersisted":false,"Name":"Habitat_Inventory-6042794-56042794","UniqueId":"00000000-0000-0000-0000-000000000000","Policies":{"$type":"System.Collections.Generic.List`1[[Sitecore.Commerce.Core.Policy, Sitecore.Commerce.Core]], mscorlib","$values":[]}},{"$type":"Sitecore.Commerce.Plugin.Inventory.InventoryInformation, Sitecore.Commerce.Plugin.Inventory","InventorySet":{"$type":"Sitecore.Commerce.Core.EntityReference, Sitecore.Commerce.Core","Name":"","EntityTarget":"Entity-InventorySet-Habitat_Inventory","EntityTargetUniqueId":"00000000-0000-0000-0000-000000000000","Policies":{"$type":"System.Collections.Generic.List`1[[Sitecore.Commerce.Core.Policy, Sitecore.Commerce.Core]], mscorlib","$values":[]}},"SellableItem":{"$type":"Sitecore.Commerce.Core.EntityReference, Sitecore.Commerce.Core","Name":"","EntityTarget":"Entity-SellableItem-6042794","EntityTargetUniqueId":"00000000-0000-0000-0000-000000000000","Policies":{"$type":"System.Collections.Generic.List`1[[Sitecore.Commerce.Core.Policy, Sitecore.Commerce.Core]], mscorlib","$values":[]}},"VariationId":"56042795","Quantity":10000,"InvoiceUnitPrice":{"$type":"Sitecore.Commerce.Core.Money, Sitecore.Commerce.Core","CurrencyCode":"USD","Amount":0.0},"Components":{"$type":"System.Collections.Generic.List`1[[Sitecore.Commerce.Core.Component, Sitecore.Commerce.Core]], mscorlib","$values":[]},"DateCreated":"2019-05-16T14:09:35.558866+00:00","DateUpdated":"2019-05-16T14:09:35.558866+00:00","DisplayName":"Habitat_Inventory-6042794-56042795","FriendlyId":"Habitat_Inventory-6042794-56042795","Id":"Entity-InventoryInformation-Habitat_Inventory-6042794-56042795","Version":0,"EntityVersion":1,"Published":true,"IsPersisted":false,"Name":"Habitat_Inventory-6042794-56042795","UniqueId":"00000000-0000-0000-0000-000000000000","Policies":{"$type":"System.Collections.Generic.List`1[[Sitecore.Commerce.Core.Policy, Sitecore.Commerce.Core]], mscorlib","$values":[]}},{"$type":"Sitecore.Commerce.Plugin.Inventory.InventoryInformation, Sitecore.Commerce.Plugin.Inventory","InventorySet":{"$type":"Sitecore.Commerce.Core.EntityReference, Sitecore.Commerce.Core","Name":"","EntityTarget":"Entity-InventorySet-Habitat_Inventory","EntityTargetUniqueId":"00000000-0000-0000-0000-000000000000","Policies":{"$type":"System.Collections.Generic.List`1[[Sitecore.Commerce.Core.Policy, Sitecore.Commerce.Core]], mscorlib","$values":[]}},"SellableItem":{"$type":"Sitecore.Commerce.Core.EntityReference, Sitecore.Commerce.Core","Name":"","EntityTarget":"Entity-SellableItem-6042794","EntityTargetUniqueId":"00000000-0000-0000-0000-000000000000","Policies":{"$type":"System.Collections.Generic.List`1[[Sitecore.Commerce.Core.Policy, Sitecore.Commerce.Core]], mscorlib","$values":[]}},"VariationId":"56042796","Quantity":10000,"InvoiceUnitPrice":{"$type":"Sitecore.Commerce.Core.Money, Sitecore.Commerce.Core","CurrencyCode":"USD","Amount":0.0},"Components":{"$type":"System.Collections.Generic.List`1[[Sitecore.Commerce.Core.Component, Sitecore.Commerce.Core]], mscorlib","$values":[]},"DateCreated":"2019-05-16T14:09:35.558866+00:00","DateUpdated":"2019-05-16T14:09:35.558866+00:00","DisplayName":"Habitat_Inventory-6042794-56042796","FriendlyId":"Habitat_Inventory-6042794-56042796","Id":"Entity-InventoryInformation-Habitat_Inventory-6042794-56042796","Version":0,"EntityVersion":1,"Published":true,"IsPersisted":false,"Name":"Habitat_Inventory-6042794-56042796","UniqueId":"00000000-0000-0000-0000-000000000000","Policies":{"$type":"System.Collections.Generic.List`1[[Sitecore.Commerce.Core.Policy, Sitecore.Commerce.Core]], mscorlib","$values":[]}}]}