{"$type":"System.Collections.Generic.List`1[[Sitecore.Commerce.Plugin.Inventory.InventoryInformation, Sitecore.Commerce.Plugin.Inventory]], mscorlib","$values":[{"$type":"Sitecore.Commerce.Plugin.Inventory.InventoryInformation, Sitecore.Commerce.Plugin.Inventory","InventorySet":{"$type":"Sitecore.Commerce.Core.EntityReference, Sitecore.Commerce.Core","Name":"","EntityTarget":"Entity-InventorySet-Habitat_Inventory","EntityTargetUniqueId":"00000000-0000-0000-0000-000000000000","Policies":{"$type":"System.Collections.Generic.List`1[[Sitecore.Commerce.Core.Policy, Sitecore.Commerce.Core]], mscorlib","$values":[]}},"SellableItem":{"$type":"Sitecore.Commerce.Core.EntityReference, Sitecore.Commerce.Core","Name":"","EntityTarget":"Entity-SellableItem-6042516","EntityTargetUniqueId":"00000000-0000-0000-0000-000000000000","Policies":{"$type":"System.Collections.Generic.List`1[[Sitecore.Commerce.Core.Policy, Sitecore.Commerce.Core]], mscorlib","$values":[]}},"VariationId":"56042516","Quantity":999,"InvoiceUnitPrice":{"$type":"Sitecore.Commerce.Core.Money, Sitecore.Commerce.Core","CurrencyCode":"USD","Amount":0.0},"Components":{"$type":"System.Collections.Generic.List`1[[Sitecore.Commerce.Core.Component, Sitecore.Commerce.Core]], mscorlib","$values":[]},"DateCreated":"2019-05-16T14:09:35.5768681+00:00","DateUpdated":"2019-05-16T14:09:35.5768681+00:00","DisplayName":"Habitat_Inventory-6042516-56042516","FriendlyId":"Habitat_Inventory-6042516-56042516","Id":"Entity-InventoryInformation-Habitat_Inventory-6042516-56042516","Version":0,"EntityVersion":1,"Published":true,"IsPersisted":false,"Name":"Habitat_Inventory-6042516-56042516","UniqueId":"00000000-0000-0000-0000-000000000000","Policies":{"$type":"System.Collections.Generic.List`1[[Sitecore.Commerce.Core.Policy, Sitecore.Commerce.Core]], mscorlib","$values":[]}},{"$type":"Sitecore.Commerce.Plugin.Inventory.InventoryInformation, Sitecore.Commerce.Plugin.Inventory","InventorySet":{"$type":"Sitecore.Commerce.Core.EntityReference, Sitecore.Commerce.Core","Name":"","EntityTarget":"Entity-InventorySet-Habitat_Inventory","EntityTargetUniqueId":"00000000-0000-0000-0000-000000000000","Policies":{"$type":"System.Collections.Generic.List`1[[Sitecore.Commerce.Core.Policy, Sitecore.Commerce.Core]], mscorlib","$values":[]}},"SellableItem":{"$type":"Sitecore.Commerce.Core.EntityReference, Sitecore.Commerce.Core","Name":"","EntityTarget":"Entity-SellableItem-6042517","EntityTargetUniqueId":"00000000-0000-0000-0000-000000000000","Policies":{"$type":"System.Collections.Generic.List`1[[Sitecore.Commerce.Core.Policy, Sitecore.Commerce.Core]], mscorlib","$values":[]}},"VariationId":"56042517","Quantity":999,"InvoiceUnitPrice":{"$type":"Sitecore.Commerce.Core.Money, Sitecore.Commerce.Core","CurrencyCode":"USD","Amount":0.0},"Components":{"$type":"System.Collections.Generic.List`1[[Sitecore.Commerce.Core.Component, Sitecore.Commerce.Core]], mscorlib","$values":[]},"DateCreated":"2019-05-16T14:09:35.5768681+00:00","DateUpdated":"2019-05-16T14:09:35.5768681+00:00","DisplayName":"Habitat_Inventory-6042517-56042517","FriendlyId":"Habitat_Inventory-6042517-56042517","Id":"Entity-InventoryInformation-Habitat_Inventory-6042517-56042517","Version":0,"EntityVersion":1,"Published":true,"IsPersisted":false,"Name":"Habitat_Inventory-6042517-56042517","UniqueId":"00000000-0000-0000-0000-000000000000","Policies":{"$type":"System.Collections.Generic.List`1[[Sitecore.Commerce.Core.Policy, Sitecore.Commerce.Core]], mscorlib","$values":[]}},{"$type":"Sitecore.Commerce.Plugin.Inventory.InventoryInformation, Sitecore.Commerce.Plugin.Inventory","InventorySet":{"$type":"Sitecore.Commerce.Core.EntityReference, Sitecore.Commerce.Core","Name":"","EntityTarget":"Entity-InventorySet-Habitat_Inventory","EntityTargetUniqueId":"00000000-0000-0000-0000-000000000000","Policies":{"$type":"System.Collections.Generic.List`1[[Sitecore.Commerce.Core.Policy, Sitecore.Commerce.Core]], mscorlib","$values":[]}},"SellableItem":{"$type":"Sitecore.Commerce.Core.EntityReference, Sitecore.Commerce.Core","Name":"","EntityTarget":"Entity-SellableItem-6042518","EntityTargetUniqueId":"00000000-0000-0000-0000-000000000000","Policies":{"$type":"System.Collections.Generic.List`1[[Sitecore.Commerce.Core.Policy, Sitecore.Commerce.Core]], mscorlib","$values":[]}},"VariationId":"56042518","Quantity":999,"InvoiceUnitPrice":{"$type":"Sitecore.Commerce.Core.Money, Sitecore.Commerce.Core","CurrencyCode":"USD","Amount":0.0},"Components":{"$type":"System.Collections.Generic.List`1[[Sitecore.Commerce.Core.Component, Sitecore.Commerce.Core]], mscorlib","$values":[]},"DateCreated":"2019-05-16T14:09:35.5768681+00:00","DateUpdated":"2019-05-16T14:09:35.5768681+00:00","DisplayName":"Habitat_Inventory-6042518-56042518","FriendlyId":"Habitat_Inventory-6042518-56042518","Id":"Entity-InventoryInformation-Habitat_Inventory-6042518-56042518","Version":0,"EntityVersion":1,"Published":true,"IsPersisted":false,"Name":"Habitat_Inventory-6042518-56042518","UniqueId":"00000000-0000-0000-0000-000000000000","Policies":{"$type":"System.Collections.Generic.List`1[[Sitecore.Commerce.Core.Policy, Sitecore.Commerce.Core]], mscorlib","$values":[]}},{"$type":"Sitecore.Commerce.Plugin.Inventory.InventoryInformation, Sitecore.Commerce.Plugin.Inventory","InventorySet":{"$type":"Sitecore.Commerce.Core.EntityReference, Sitecore.Commerce.Core","Name":"","EntityTarget":"Entity-InventorySet-Habitat_Inventory","EntityTargetUniqueId":"00000000-0000-0000-0000-000000000000","Policies":{"$type":"System.Collections.Generic.List`1[[Sitecore.Commerce.Core.Policy, Sitecore.Commerce.Core]], mscorlib","$values":[]}},"SellableItem":{"$type":"Sitecore.Commerce.Core.EntityReference, Sitecore.Commerce.Core","Name":"","EntityTarget":"Entity-SellableItem-6042519","EntityTargetUniqueId":"00000000-0000-0000-0000-000000000000","Policies":{"$type":"System.Collections.Generic.List`1[[Sitecore.Commerce.Core.Policy, Sitecore.Commerce.Core]], mscorlib","$values":[]}},"VariationId":"56042519","Quantity":999,"InvoiceUnitPrice":{"$type":"Sitecore.Commerce.Core.Money, Sitecore.Commerce.Core","CurrencyCode":"USD","Amount":0.0},"Components":{"$type":"System.Collections.Generic.List`1[[Sitecore.Commerce.Core.Component, Sitecore.Commerce.Core]], mscorlib","$values":[]},"DateCreated":"2019-05-16T14:09:35.5768681+00:00","DateUpdated":"2019-05-16T14:09:35.5768681+00:00","DisplayName":"Habitat_Inventory-6042519-56042519","FriendlyId":"Habitat_Inventory-6042519-56042519","Id":"Entity-InventoryInformation-Habitat_Inventory-6042519-56042519","Version":0,"EntityVersion":1,"Published":true,"IsPersisted":false,"Name":"Habitat_Inventory-6042519-56042519","UniqueId":"00000000-0000-0000-0000-000000000000","Policies":{"$type":"System.Collections.Generic.List`1[[Sitecore.Commerce.Core.Policy, Sitecore.Commerce.Core]], mscorlib","$values":[]}},{"$type":"Sitecore.Commerce.Plugin.Inventory.InventoryInformation, Sitecore.Commerce.Plugin.Inventory","InventorySet":{"$type":"Sitecore.Commerce.Core.EntityReference, Sitecore.Commerce.Core","Name":"","EntityTarget":"Entity-InventorySet-Habitat_Inventory","EntityTargetUniqueId":"00000000-0000-0000-0000-000000000000","Policies":{"$type":"System.Collections.Generic.List`1[[Sitecore.Commerce.Core.Policy, Sitecore.Commerce.Core]], mscorlib","$values":[]}},"SellableItem":{"$type":"Sitecore.Commerce.Core.EntityReference, Sitecore.Commerce.Core","Name":"","EntityTarget":"Entity-SellableItem-6042520","EntityTargetUniqueId":"00000000-0000-0000-0000-000000000000","Policies":{"$type":"System.Collections.Generic.List`1[[Sitecore.Commerce.Core.Policy, Sitecore.Commerce.Core]], mscorlib","$values":[]}},"VariationId":"56042520","Quantity":999,"InvoiceUnitPrice":{"$type":"Sitecore.Commerce.Core.Money, Sitecore.Commerce.Core","CurrencyCode":"USD","Amount":0.0},"Components":{"$type":"System.Collections.Generic.List`1[[Sitecore.Commerce.Core.Component, Sitecore.Commerce.Core]], mscorlib","$values":[]},"DateCreated":"2019-05-16T14:09:35.5768681+00:00","DateUpdated":"2019-05-16T14:09:35.5768681+00:00","DisplayName":"Habitat_Inventory-6042520-56042520","FriendlyId":"Habitat_Inventory-6042520-56042520","Id":"Entity-InventoryInformation-Habitat_Inventory-6042520-56042520","Version":0,"EntityVersion":1,"Published":true,"IsPersisted":false,"Name":"Habitat_Inventory-6042520-56042520","UniqueId":"00000000-0000-0000-0000-000000000000","Policies":{"$type":"System.Collections.Generic.List`1[[Sitecore.Commerce.Core.Policy, Sitecore.Commerce.Core]], mscorlib","$values":[]}},{"$type":"Sitecore.Commerce.Plugin.Inventory.InventoryInformation, Sitecore.Commerce.Plugin.Inventory","InventorySet":{"$type":"Sitecore.Commerce.Core.EntityReference, Sitecore.Commerce.Core","Name":"","EntityTarget":"Entity-InventorySet-Habitat_Inventory","EntityTargetUniqueId":"00000000-0000-0000-0000-000000000000","Policies":{"$type":"System.Collections.Generic.List`1[[Sitecore.Commerce.Core.Policy, Sitecore.Commerce.Core]], mscorlib","$values":[]}},"SellableItem":{"$type":"Sitecore.Commerce.Core.EntityReference, Sitecore.Commerce.Core","Name":"","EntityTarget":"Entity-SellableItem-6042521","EntityTargetUniqueId":"00000000-0000-0000-0000-000000000000","Policies":{"$type":"System.Collections.Generic.List`1[[Sitecore.Commerce.Core.Policy, Sitecore.Commerce.Core]], mscorlib","$values":[]}},"VariationId":"56042521","Quantity":999,"InvoiceUnitPrice":{"$type":"Sitecore.Commerce.Core.Money, Sitecore.Commerce.Core","CurrencyCode":"USD","Amount":0.0},"Components":{"$type":"System.Collections.Generic.List`1[[Sitecore.Commerce.Core.Component, Sitecore.Commerce.Core]], mscorlib","$values":[]},"DateCreated":"2019-05-16T14:09:35.5768681+00:00","DateUpdated":"2019-05-16T14:09:35.5768681+00:00","DisplayName":"Habitat_Inventory-6042521-56042521","FriendlyId":"Habitat_Inventory-6042521-56042521","Id":"Entity-InventoryInformation-Habitat_Inventory-6042521-56042521","Version":0,"EntityVersion":1,"Published":true,"IsPersisted":false,"Name":"Habitat_Inventory-6042521-56042521","UniqueId":"00000000-0000-0000-0000-000000000000","Policies":{"$type":"System.Collections.Generic.List`1[[Sitecore.Commerce.Core.Policy, Sitecore.Commerce.Core]], mscorlib","$values":[]}},{"$type":"Sitecore.Commerce.Plugin.Inventory.InventoryInformation, Sitecore.Commerce.Plugin.Inventory","InventorySet":{"$type":"Sitecore.Commerce.Core.EntityReference, Sitecore.Commerce.Core","Name":"","EntityTarget":"Entity-InventorySet-Habitat_Inventory","EntityTargetUniqueId":"00000000-0000-0000-0000-000000000000","Policies":{"$type":"System.Collections.Generic.List`1[[Sitecore.Commerce.Core.Policy, Sitecore.Commerce.Core]], mscorlib","$values":[]}},"SellableItem":{"$type":"Sitecore.Commerce.Core.EntityReference, Sitecore.Commerce.Core","Name":"","EntityTarget":"Entity-SellableItem-6042522","EntityTargetUniqueId":"00000000-0000-0000-0000-000000000000","Policies":{"$type":"System.Collections.Generic.List`1[[Sitecore.Commerce.Core.Policy, Sitecore.Commerce.Core]], mscorlib","$values":[]}},"VariationId":"56042522","Quantity":999,"InvoiceUnitPrice":{"$type":"Sitecore.Commerce.Core.Money, Sitecore.Commerce.Core","CurrencyCode":"USD","Amount":0.0},"Components":{"$type":"System.Collections.Generic.List`1[[Sitecore.Commerce.Core.Component, Sitecore.Commerce.Core]], mscorlib","$values":[]},"DateCreated":"2019-05-16T14:09:35.5768681+00:00","DateUpdated":"2019-05-16T14:09:35.5768681+00:00","DisplayName":"Habitat_Inventory-6042522-56042522","FriendlyId":"Habitat_Inventory-6042522-56042522","Id":"Entity-InventoryInformation-Habitat_Inventory-6042522-56042522","Version":0,"EntityVersion":1,"Published":true,"IsPersisted":false,"Name":"Habitat_Inventory-6042522-56042522","UniqueId":"00000000-0000-0000-0000-000000000000","Policies":{"$type":"System.Collections.Generic.List`1[[Sitecore.Commerce.Core.Policy, Sitecore.Commerce.Core]], mscorlib","$values":[]}},{"$type":"Sitecore.Commerce.Plugin.Inventory.InventoryInformation, Sitecore.Commerce.Plugin.Inventory","InventorySet":{"$type":"Sitecore.Commerce.Core.EntityReference, Sitecore.Commerce.Core","Name":"","EntityTarget":"Entity-InventorySet-Habitat_Inventory","EntityTargetUniqueId":"00000000-0000-0000-0000-000000000000","Policies":{"$type":"System.Collections.Generic.List`1[[Sitecore.Commerce.Core.Policy, Sitecore.Commerce.Core]], mscorlib","$values":[]}},"SellableItem":{"$type":"Sitecore.Commerce.Core.EntityReference, Sitecore.Commerce.Core","Name":"","EntityTarget":"Entity-SellableItem-6042523","EntityTargetUniqueId":"00000000-0000-0000-0000-000000000000","Policies":{"$type":"System.Collections.Generic.List`1[[Sitecore.Commerce.Core.Policy, Sitecore.Commerce.Core]], mscorlib","$values":[]}},"VariationId":"56042523","Quantity":999,"InvoiceUnitPrice":{"$type":"Sitecore.Commerce.Core.Money, Sitecore.Commerce.Core","CurrencyCode":"USD","Amount":0.0},"Components":{"$type":"System.Collections.Generic.List`1[[Sitecore.Commerce.Core.Component, Sitecore.Commerce.Core]], mscorlib","$values":[]},"DateCreated":"2019-05-16T14:09:35.5768681+00:00","DateUpdated":"2019-05-16T14:09:35.5768681+00:00","DisplayName":"Habitat_Inventory-6042523-56042523","FriendlyId":"Habitat_Inventory-6042523-56042523","Id":"Entity-InventoryInformation-Habitat_Inventory-6042523-56042523","Version":0,"EntityVersion":1,"Published":true,"IsPersisted":false,"Name":"Habitat_Inventory-6042523-56042523","UniqueId":"00000000-0000-0000-0000-000000000000","Policies":{"$type":"System.Collections.Generic.List`1[[Sitecore.Commerce.Core.Policy, Sitecore.Commerce.Core]], mscorlib","$values":[]}},{"$type":"Sitecore.Commerce.Plugin.Inventory.InventoryInformation, Sitecore.Commerce.Plugin.Inventory","InventorySet":{"$type":"Sitecore.Commerce.Core.EntityReference, Sitecore.Commerce.Core","Name":"","EntityTarget":"Entity-InventorySet-Habitat_Inventory","EntityTargetUniqueId":"00000000-0000-0000-0000-000000000000","Policies":{"$type":"System.Collections.Generic.List`1[[Sitecore.Commerce.Core.Policy, Sitecore.Commerce.Core]], mscorlib","$values":[]}},"SellableItem":{"$type":"Sitecore.Commerce.Core.EntityReference, Sitecore.Commerce.Core","Name":"","EntityTarget":"Entity-SellableItem-6042524","EntityTargetUniqueId":"00000000-0000-0000-0000-000000000000","Policies":{"$type":"System.Collections.Generic.List`1[[Sitecore.Commerce.Core.Policy, Sitecore.Commerce.Core]], mscorlib","$values":[]}},"VariationId":"56042524","Quantity":999,"InvoiceUnitPrice":{"$type":"Sitecore.Commerce.Core.Money, Sitecore.Commerce.Core","CurrencyCode":"USD","Amount":0.0},"Components":{"$type":"System.Collections.Generic.List`1[[Sitecore.Commerce.Core.Component, Sitecore.Commerce.Core]], mscorlib","$values":[]},"DateCreated":"2019-05-16T14:09:35.5768681+00:00","DateUpdated":"2019-05-16T14:09:35.5768681+00:00","DisplayName":"Habitat_Inventory-6042524-56042524","FriendlyId":"Habitat_Inventory-6042524-56042524","Id":"Entity-InventoryInformation-Habitat_Inventory-6042524-56042524","Version":0,"EntityVersion":1,"Published":true,"IsPersisted":false,"Name":"Habitat_Inventory-6042524-56042524","UniqueId":"00000000-0000-0000-0000-000000000000","Policies":{"$type":"System.Collections.Generic.List`1[[Sitecore.Commerce.Core.Policy, Sitecore.Commerce.Core]], mscorlib","$values":[]}},{"$type":"Sitecore.Commerce.Plugin.Inventory.InventoryInformation, Sitecore.Commerce.Plugin.Inventory","InventorySet":{"$type":"Sitecore.Commerce.Core.EntityReference, Sitecore.Commerce.Core","Name":"","EntityTarget":"Entity-InventorySet-Habitat_Inventory","EntityTargetUniqueId":"00000000-0000-0000-0000-000000000000","Policies":{"$type":"System.Collections.Generic.List`1[[Sitecore.Commerce.Core.Policy, Sitecore.Commerce.Core]], mscorlib","$values":[]}},"SellableItem":{"$type":"Sitecore.Commerce.Core.EntityReference, Sitecore.Commerce.Core","Name":"","EntityTarget":"Entity-SellableItem-6042525","EntityTargetUniqueId":"00000000-0000-0000-0000-000000000000","Policies":{"$type":"System.Collections.Generic.List`1[[Sitecore.Commerce.Core.Policy, Sitecore.Commerce.Core]], mscorlib","$values":[]}},"VariationId":"56042525","Quantity":999,"InvoiceUnitPrice":{"$type":"Sitecore.Commerce.Core.Money, Sitecore.Commerce.Core","CurrencyCode":"USD","Amount":0.0},"Components":{"$type":"System.Collections.Generic.List`1[[Sitecore.Commerce.Core.Component, Sitecore.Commerce.Core]], mscorlib","$values":[]},"DateCreated":"2019-05-16T14:09:35.5768681+00:00","DateUpdated":"2019-05-16T14:09:35.5768681+00:00","DisplayName":"Habitat_Inventory-6042525-56042525","FriendlyId":"Habitat_Inventory-6042525-56042525","Id":"Entity-InventoryInformation-Habitat_Inventory-6042525-56042525","Version":0,"EntityVersion":1,"Published":true,"IsPersisted":false,"Name":"Habitat_Inventory-6042525-56042525","UniqueId":"00000000-0000-0000-0000-000000000000","Policies":{"$type":"System.Collections.Generic.List`1[[Sitecore.Commerce.Core.Policy, Sitecore.Commerce.Core]], mscorlib","$values":[]}}]}