{"$type":"System.Collections.Generic.List`1[[Sitecore.Commerce.Plugin.Inventory.InventorySet, Sitecore.Commerce.Plugin.Inventory]], mscorlib","$values":[{"$type":"Sitecore.Commerce.Plugin.Inventory.InventorySet, Sitecore.Commerce.Plugin.Inventory","Description":"Inventory Catalog for Habitat_Master","Components":{"$type":"System.Collections.Generic.List`1[[Sitecore.Commerce.Core.Component, Sitecore.Commerce.Core]], mscorlib","$values":[]},"DateCreated":"2018-06-12T13:36:19.6250896+00:00","DateUpdated":"2017-01-03T11:38:49+00:00","DisplayName":"Habitat_Inventory","FriendlyId":"Habitat_Inventory","Id":"Entity-InventorySet-Habitat_Inventory","Version":0,"IsPersisted":false,"Name":"Habitat_Inventory","Policies":{"$type":"System.Collections.Generic.List`1[[Sitecore.Commerce.Core.Policy, Sitecore.Commerce.Core]], mscorlib","$values":[]}}]}