{"$type":"System.Collections.Generic.List`1[[Sitecore.Commerce.Plugin.Catalog.RelationshipArgument, Sitecore.Commerce.Plugin.Catalog]], mscorlib","$values":[{"$type":"Sitecore.Commerce.Plugin.Catalog.RelationshipArgument, Sitecore.Commerce.Plugin.Catalog","SourceName":"Entity-InventorySet-Adventure Works Inventory","TargetName":"Entity-InventoryInformation-Adventure Works Inventory-AW029 03-64","RelationshipType":"InventorySetToInventoryInformation"},{"$type":"Sitecore.Commerce.Plugin.Catalog.RelationshipArgument, Sitecore.Commerce.Plugin.Catalog","SourceName":"Entity-InventorySet-Adventure Works Inventory","TargetName":"Entity-InventoryInformation-Adventure Works Inventory-AW084 05","RelationshipType":"InventorySetToInventoryInformation"},{"$type":"Sitecore.Commerce.Plugin.Catalog.RelationshipArgument, Sitecore.Commerce.Plugin.Catalog","SourceName":"Entity-InventorySet-Adventure Works Inventory","TargetName":"Entity-InventoryInformation-Adventure Works Inventory-AW188 06-21","RelationshipType":"InventorySetToInventoryInformation"},{"$type":"Sitecore.Commerce.Plugin.Catalog.RelationshipArgument, Sitecore.Commerce.Plugin.Catalog","SourceName":"Entity-InventorySet-Adventure Works Inventory","TargetName":"Entity-InventoryInformation-Adventure Works Inventory-AW190 11-16","RelationshipType":"InventorySetToInventoryInformation"},{"$type":"Sitecore.Commerce.Plugin.Catalog.RelationshipArgument, Sitecore.Commerce.Plugin.Catalog","SourceName":"Entity-InventorySet-Adventure Works Inventory","TargetName":"Entity-InventoryInformation-Adventure Works Inventory-AW009 08","RelationshipType":"InventorySetToInventoryInformation"},{"$type":"Sitecore.Commerce.Plugin.Catalog.RelationshipArgument, Sitecore.Commerce.Plugin.Catalog","SourceName":"Entity-InventorySet-Adventure Works Inventory","TargetName":"Entity-InventoryInformation-Adventure Works Inventory-AW149 15","RelationshipType":"InventorySetToInventoryInformation"},{"$type":"Sitecore.Commerce.Plugin.Catalog.RelationshipArgument, Sitecore.Commerce.Plugin.Catalog","SourceName":"Entity-InventorySet-Adventure Works Inventory","TargetName":"Entity-InventoryInformation-Adventure Works Inventory-AW086 06","RelationshipType":"InventorySetToInventoryInformation"},{"$type":"Sitecore.Commerce.Plugin.Catalog.RelationshipArgument, Sitecore.Commerce.Plugin.Catalog","SourceName":"Entity-InventorySet-Adventure Works Inventory","TargetName":"Entity-InventoryInformation-Adventure Works Inventory-AW031 14","RelationshipType":"InventorySetToInventoryInformation"},{"$type":"Sitecore.Commerce.Plugin.Catalog.RelationshipArgument, Sitecore.Commerce.Plugin.Catalog","SourceName":"Entity-InventorySet-Adventure Works Inventory","TargetName":"Entity-InventoryInformation-Adventure Works Inventory-AW029 03-54","RelationshipType":"InventorySetToInventoryInformation"},{"$type":"Sitecore.Commerce.Plugin.Catalog.RelationshipArgument, Sitecore.Commerce.Plugin.Catalog","SourceName":"Entity-InventorySet-Adventure Works Inventory","TargetName":"Entity-InventoryInformation-Adventure Works Inventory-AW042 03-71","RelationshipType":"InventorySetToInventoryInformation"}]}