{"$type":"System.Collections.Generic.List`1[[Sitecore.Commerce.Plugin.Catalog.RelationshipArgument, Sitecore.Commerce.Plugin.Catalog]], mscorlib","$values":[{"$type":"Sitecore.Commerce.Plugin.Catalog.RelationshipArgument, Sitecore.Commerce.Plugin.Catalog","SourceName":"Entity-InventorySet-Adventure Works Inventory","TargetName":"Entity-InventoryInformation-Adventure Works Inventory-AW042 03-51","RelationshipType":"InventorySetToInventoryInformation"},{"$type":"Sitecore.Commerce.Plugin.Catalog.RelationshipArgument, Sitecore.Commerce.Plugin.Catalog","SourceName":"Entity-InventorySet-Adventure Works Inventory","TargetName":"Entity-InventoryInformation-Adventure Works Inventory-AW045 03-59","RelationshipType":"InventorySetToInventoryInformation"},{"$type":"Sitecore.Commerce.Plugin.Catalog.RelationshipArgument, Sitecore.Commerce.Plugin.Catalog","SourceName":"Entity-InventorySet-Adventure Works Inventory","TargetName":"Entity-InventoryInformation-Adventure Works Inventory-AW335 11-14","RelationshipType":"InventorySetToInventoryInformation"},{"$type":"Sitecore.Commerce.Plugin.Catalog.RelationshipArgument, Sitecore.Commerce.Plugin.Catalog","SourceName":"Entity-InventorySet-Adventure Works Inventory","TargetName":"Entity-InventoryInformation-Adventure Works Inventory-AW200 12-3","RelationshipType":"InventorySetToInventoryInformation"},{"$type":"Sitecore.Commerce.Plugin.Catalog.RelationshipArgument, Sitecore.Commerce.Plugin.Catalog","SourceName":"Entity-InventorySet-Adventure Works Inventory","TargetName":"Entity-InventoryInformation-Adventure Works Inventory-AW075 03-74","RelationshipType":"InventorySetToInventoryInformation"},{"$type":"Sitecore.Commerce.Plugin.Catalog.RelationshipArgument, Sitecore.Commerce.Plugin.Catalog","SourceName":"Entity-InventorySet-Adventure Works Inventory","TargetName":"Entity-InventoryInformation-Adventure Works Inventory-AW078 04-7","RelationshipType":"InventorySetToInventoryInformation"},{"$type":"Sitecore.Commerce.Plugin.Catalog.RelationshipArgument, Sitecore.Commerce.Plugin.Catalog","SourceName":"Entity-InventorySet-Adventure Works Inventory","TargetName":"Entity-InventoryInformation-Adventure Works Inventory-AW045 03-69","RelationshipType":"InventorySetToInventoryInformation"},{"$type":"Sitecore.Commerce.Plugin.Catalog.RelationshipArgument, Sitecore.Commerce.Plugin.Catalog","SourceName":"Entity-InventorySet-Adventure Works Inventory","TargetName":"Entity-InventoryInformation-Adventure Works Inventory-AW075 03-75","RelationshipType":"InventorySetToInventoryInformation"},{"$type":"Sitecore.Commerce.Plugin.Catalog.RelationshipArgument, Sitecore.Commerce.Plugin.Catalog","SourceName":"Entity-InventorySet-Adventure Works Inventory","TargetName":"Entity-InventoryInformation-Adventure Works Inventory-AW475 14","RelationshipType":"InventorySetToInventoryInformation"},{"$type":"Sitecore.Commerce.Plugin.Catalog.RelationshipArgument, Sitecore.Commerce.Plugin.Catalog","SourceName":"Entity-InventorySet-Adventure Works Inventory","TargetName":"Entity-InventoryInformation-Adventure Works Inventory-AW046 01-40","RelationshipType":"InventorySetToInventoryInformation"}]}