{"$type":"System.Collections.Generic.List`1[[Sitecore.Commerce.Plugin.Catalog.ImportRelationshipsArgument, Sitecore.Commerce.Plugin.Catalog]], mscorlib","$values":[{"$type":"Sitecore.Commerce.Plugin.Catalog.ImportRelationshipsArgument, Sitecore.Commerce.Plugin.Catalog","SourceId":"Entity-Category-Habitat_Master-Laundry","TargetIds":{"$type":"System.Collections.Generic.List`1[[System.String, mscorlib]], mscorlib","$values":["Entity-SellableItem-6042621","Entity-SellableItem-6042625","Entity-SellableItem-6042629","Entity-SellableItem-6042633","Entity-SellableItem-6042637","Entity-SellableItem-6042641","Entity-SellableItem-6042645","Entity-SellableItem-6042649","Entity-SellableItem-6042653","Entity-SellableItem-6042657","Entity-SellableItem-6042661","Entity-SellableItem-6042665","Entity-SellableItem-6042669","Entity-SellableItem-6042713","Entity-SellableItem-6042717","Entity-SellableItem-6042721"]},"RelationshipType":"CategoryToSellableItem"},{"$type":"Sitecore.Commerce.Plugin.Catalog.ImportRelationshipsArgument, Sitecore.Commerce.Plugin.Catalog","SourceId":"Entity-SellableItem-6042621","TargetIds":{"$type":"System.Collections.Generic.List`1[[System.String, mscorlib]], mscorlib","$values":["Entity-SellableItem-6042064","Entity-SellableItem-7042082","Entity-SellableItem-6042183","Entity-SellableItem-6042962","Entity-SellableItem-6042963","Entity-SellableItem-6042430","Entity-SellableItem-6042986","Entity-SellableItem-6042886","Entity-SellableItem-6042402","Entity-SellableItem-6042325","Entity-SellableItem-6042283"]},"RelationshipType":"RelatedSellableItemToSellableItem"},{"$type":"Sitecore.Commerce.Plugin.Catalog.ImportRelationshipsArgument, Sitecore.Commerce.Plugin.Catalog","SourceId":"Entity-SellableItem-6042625","TargetIds":{"$type":"System.Collections.Generic.List`1[[System.String, mscorlib]], mscorlib","$values":["Entity-SellableItem-6042064","Entity-SellableItem-7042082","Entity-SellableItem-6042183","Entity-SellableItem-6042962","Entity-SellableItem-6042963","Entity-SellableItem-6042430","Entity-SellableItem-6042986","Entity-SellableItem-6042886","Entity-SellableItem-6042402","Entity-SellableItem-6042325","Entity-SellableItem-6042283"]},"RelationshipType":"RelatedSellableItemToSellableItem"},{"$type":"Sitecore.Commerce.Plugin.Catalog.ImportRelationshipsArgument, Sitecore.Commerce.Plugin.Catalog","SourceId":"Entity-SellableItem-6042629","TargetIds":{"$type":"System.Collections.Generic.List`1[[System.String, mscorlib]], mscorlib","$values":["Entity-SellableItem-6042064","Entity-SellableItem-7042082","Entity-SellableItem-6042183","Entity-SellableItem-6042962","Entity-SellableItem-6042963","Entity-SellableItem-6042430","Entity-SellableItem-6042986","Entity-SellableItem-6042886","Entity-SellableItem-6042402","Entity-SellableItem-6042325","Entity-SellableItem-6042283"]},"RelationshipType":"RelatedSellableItemToSellableItem"},{"$type":"Sitecore.Commerce.Plugin.Catalog.ImportRelationshipsArgument, Sitecore.Commerce.Plugin.Catalog","SourceId":"Entity-SellableItem-6042633","TargetIds":{"$type":"System.Collections.Generic.List`1[[System.String, mscorlib]], mscorlib","$values":["Entity-SellableItem-6042064","Entity-SellableItem-7042082","Entity-SellableItem-6042183","Entity-SellableItem-6042962","Entity-SellableItem-6042963","Entity-SellableItem-6042430","Entity-SellableItem-6042986","Entity-SellableItem-6042886","Entity-SellableItem-6042402","Entity-SellableItem-6042325","Entity-SellableItem-6042283"]},"RelationshipType":"RelatedSellableItemToSellableItem"},{"$type":"Sitecore.Commerce.Plugin.Catalog.ImportRelationshipsArgument, Sitecore.Commerce.Plugin.Catalog","SourceId":"Entity-SellableItem-6042637","TargetIds":{"$type":"System.Collections.Generic.List`1[[System.String, mscorlib]], mscorlib","$values":["Entity-SellableItem-6042064","Entity-SellableItem-7042082","Entity-SellableItem-6042183","Entity-SellableItem-6042962","Entity-SellableItem-6042963","Entity-SellableItem-6042430","Entity-SellableItem-6042986","Entity-SellableItem-6042886","Entity-SellableItem-6042402","Entity-SellableItem-6042325","Entity-SellableItem-6042283"]},"RelationshipType":"RelatedSellableItemToSellableItem"},{"$type":"Sitecore.Commerce.Plugin.Catalog.ImportRelationshipsArgument, Sitecore.Commerce.Plugin.Catalog","SourceId":"Entity-SellableItem-6042641","TargetIds":{"$type":"System.Collections.Generic.List`1[[System.String, mscorlib]], mscorlib","$values":["Entity-SellableItem-6042064","Entity-SellableItem-7042082","Entity-SellableItem-6042183","Entity-SellableItem-6042962","Entity-SellableItem-6042963","Entity-SellableItem-6042430","Entity-SellableItem-6042986","Entity-SellableItem-6042886","Entity-SellableItem-6042402","Entity-SellableItem-6042325","Entity-SellableItem-6042283"]},"RelationshipType":"RelatedSellableItemToSellableItem"},{"$type":"Sitecore.Commerce.Plugin.Catalog.ImportRelationshipsArgument, Sitecore.Commerce.Plugin.Catalog","SourceId":"Entity-SellableItem-6042645","TargetIds":{"$type":"System.Collections.Generic.List`1[[System.String, mscorlib]], mscorlib","$values":["Entity-SellableItem-6042064","Entity-SellableItem-7042082","Entity-SellableItem-6042183","Entity-SellableItem-6042962","Entity-SellableItem-6042963","Entity-SellableItem-6042430","Entity-SellableItem-6042986","Entity-SellableItem-6042886","Entity-SellableItem-6042402","Entity-SellableItem-6042325","Entity-SellableItem-6042283"]},"RelationshipType":"RelatedSellableItemToSellableItem"},{"$type":"Sitecore.Commerce.Plugin.Catalog.ImportRelationshipsArgument, Sitecore.Commerce.Plugin.Catalog","SourceId":"Entity-SellableItem-6042649","TargetIds":{"$type":"System.Collections.Generic.List`1[[System.String, mscorlib]], mscorlib","$values":["Entity-SellableItem-6042064","Entity-SellableItem-7042082","Entity-SellableItem-6042183","Entity-SellableItem-6042962","Entity-SellableItem-6042963","Entity-SellableItem-6042430","Entity-SellableItem-6042986","Entity-SellableItem-6042886","Entity-SellableItem-6042402","Entity-SellableItem-6042325","Entity-SellableItem-6042283"]},"RelationshipType":"RelatedSellableItemToSellableItem"},{"$type":"Sitecore.Commerce.Plugin.Catalog.ImportRelationshipsArgument, Sitecore.Commerce.Plugin.Catalog","SourceId":"Entity-SellableItem-6042653","TargetIds":{"$type":"System.Collections.Generic.List`1[[System.String, mscorlib]], mscorlib","$values":["Entity-SellableItem-6042064","Entity-SellableItem-7042082","Entity-SellableItem-6042183","Entity-SellableItem-6042962","Entity-SellableItem-6042963","Entity-SellableItem-6042430","Entity-SellableItem-6042986","Entity-SellableItem-6042886","Entity-SellableItem-6042402","Entity-SellableItem-6042325","Entity-SellableItem-6042283"]},"RelationshipType":"RelatedSellableItemToSellableItem"}]}