{"$type":"System.Collections.Generic.List`1[[Sitecore.Commerce.Plugin.Catalog.ImportRelationshipsArgument, Sitecore.Commerce.Plugin.Catalog]], mscorlib","$values":[{"$type":"Sitecore.Commerce.Plugin.Catalog.ImportRelationshipsArgument, Sitecore.Commerce.Plugin.Catalog","SourceId":"Entity-Catalog-Habitat_Master","TargetIds":{"$type":"System.Collections.Generic.List`1[[System.String, mscorlib]], mscorlib","$values":["Entity-Category-Habitat_Master-Departments","Entity-Category-Habitat_Master-Assortments","Entity-Category-Habitat_Master-FeaturedProducts"]},"RelationshipType":"CatalogToCategory"},{"$type":"Sitecore.Commerce.Plugin.Catalog.ImportRelationshipsArgument, Sitecore.Commerce.Plugin.Catalog","SourceId":"Entity-Category-Habitat_Master-Assortments","TargetIds":{"$type":"System.Collections.Generic.List`1[[System.String, mscorlib]], mscorlib","$values":["Entity-Category-Habitat_Master-DefaultRecommendations","Entity-Category-Habitat_Master-NextCube_InGame"]},"RelationshipType":"CategoryToCategory"},{"$type":"Sitecore.Commerce.Plugin.Catalog.ImportRelationshipsArgument, Sitecore.Commerce.Plugin.Catalog","SourceId":"Entity-Category-Habitat_Master-Departments","TargetIds":{"$type":"System.Collections.Generic.List`1[[System.String, mscorlib]], mscorlib","$values":["Entity-Category-Habitat_Master-Appliances","Entity-Category-Habitat_Master-Audio","Entity-Category-Habitat_Master-Cameras","Entity-Category-Habitat_Master-Computers and Tablets","Entity-Category-Habitat_Master-Connected home","Entity-Category-Habitat_Master-Gaming","Entity-Category-Habitat_Master-eGift Cards and Gift Wrapping","Entity-Category-Habitat_Master-Health  Beauty and Fitness","Entity-Category-Habitat_Master-Home Theater","Entity-Category-Habitat_Master-Phones","Entity-Category-Habitat_Master-Televisions"]},"RelationshipType":"CategoryToCategory"},{"$type":"Sitecore.Commerce.Plugin.Catalog.ImportRelationshipsArgument, Sitecore.Commerce.Plugin.Catalog","SourceId":"Entity-Category-Habitat_Master-Appliances","TargetIds":{"$type":"System.Collections.Generic.List`1[[System.String, mscorlib]], mscorlib","$values":["Entity-Category-Habitat_Master-Refrigerators","Entity-Category-Habitat_Master-Laundry","Entity-Category-Habitat_Master-Ranges","Entity-Category-Habitat_Master-Microwaves","Entity-Category-Habitat_Master-Small Appliances","Entity-Category-Habitat_Master-Warranties and Installations"]},"RelationshipType":"CategoryToCategory"},{"$type":"Sitecore.Commerce.Plugin.Catalog.ImportRelationshipsArgument, Sitecore.Commerce.Plugin.Catalog","SourceId":"Entity-Category-Habitat_Master-Appliances","TargetIds":{"$type":"System.Collections.Generic.List`1[[System.String, mscorlib]], mscorlib","$values":["Entity-SellableItem-6042567","Entity-SellableItem-6042570","Entity-SellableItem-6042573","Entity-SellableItem-6042576","Entity-SellableItem-6042579","Entity-SellableItem-6042582","Entity-SellableItem-6042585","Entity-SellableItem-6042588","Entity-SellableItem-6042591","Entity-SellableItem-6042594","Entity-SellableItem-6042597","Entity-SellableItem-6042600","Entity-SellableItem-6042603","Entity-SellableItem-6042606","Entity-SellableItem-6042609","Entity-SellableItem-6042612","Entity-SellableItem-6042615","Entity-SellableItem-6042618","Entity-SellableItem-6042621","Entity-SellableItem-6042625","Entity-SellableItem-6042629","Entity-SellableItem-6042633","Entity-SellableItem-6042637","Entity-SellableItem-6042641","Entity-SellableItem-6042645","Entity-SellableItem-6042649","Entity-SellableItem-6042653","Entity-SellableItem-6042657","Entity-SellableItem-6042661","Entity-SellableItem-6042665","Entity-SellableItem-6042669","Entity-SellableItem-6042713","Entity-SellableItem-6042717","Entity-SellableItem-6042721","Entity-SellableItem-6042725","Entity-SellableItem-6042729","Entity-SellableItem-6042733","Entity-SellableItem-6042737","Entity-SellableItem-6042741","Entity-SellableItem-6042745","Entity-SellableItem-6042749","Entity-SellableItem-6042753","Entity-SellableItem-6042757","Entity-SellableItem-6042761","Entity-SellableItem-6042765","Entity-SellableItem-6042769","Entity-SellableItem-6042773","Entity-SellableItem-6042777","Entity-SellableItem-6042780","Entity-SellableItem-6042783","Entity-SellableItem-6042788","Entity-SellableItem-6042793","Entity-SellableItem-6042794","Entity-SellableItem-6042799","Entity-SellableItem-6042804","Entity-SellableItem-6042809","Entity-SellableItem-6042810","Entity-SellableItem-6042811","Entity-SellableItem-6042812","Entity-SellableItem-6042817","Entity-SellableItem-6042821","Entity-SellableItem-6042822","Entity-SellableItem-6042827","Entity-SellableItem-6042832","Entity-SellableItem-6042837","Entity-SellableItem-6042842","Entity-SellableItem-6042847","Entity-SellableItem-6042852","Entity-SellableItem-6042853","Entity-SellableItem-6042854","Entity-SellableItem-6042855","Entity-SellableItem-6042860","Entity-SellableItem-6042861","Entity-SellableItem-6042866","Entity-SellableItem-6042871","Entity-SellableItem-6042872","Entity-SellableItem-6042873","Entity-SellableItem-6042874","Entity-SellableItem-6042875","Entity-SellableItem-6042876","Entity-SellableItem-6042877","Entity-SellableItem-6042879"]},"RelationshipType":"CategoryToSellableItem"},{"$type":"Sitecore.Commerce.Plugin.Catalog.ImportRelationshipsArgument, Sitecore.Commerce.Plugin.Catalog","SourceId":"Entity-Category-Habitat_Master-Refrigerators","TargetIds":{"$type":"System.Collections.Generic.List`1[[System.String, mscorlib]], mscorlib","$values":["Entity-SellableItem-6042567","Entity-SellableItem-6042570","Entity-SellableItem-6042573","Entity-SellableItem-6042576","Entity-SellableItem-6042579","Entity-SellableItem-6042582","Entity-SellableItem-6042585","Entity-SellableItem-6042588","Entity-SellableItem-6042591","Entity-SellableItem-6042594","Entity-SellableItem-6042597","Entity-SellableItem-6042600","Entity-SellableItem-6042603","Entity-SellableItem-6042606","Entity-SellableItem-6042609","Entity-SellableItem-6042612","Entity-SellableItem-6042615","Entity-SellableItem-6042618"]},"RelationshipType":"CategoryToSellableItem"},{"$type":"Sitecore.Commerce.Plugin.Catalog.ImportRelationshipsArgument, Sitecore.Commerce.Plugin.Catalog","SourceId":"Entity-SellableItem-6042567","TargetIds":{"$type":"System.Collections.Generic.List`1[[System.String, mscorlib]], mscorlib","$values":["Entity-SellableItem-6042878"]},"RelationshipType":"InstallationSellableItemToSellableItem"},{"$type":"Sitecore.Commerce.Plugin.Catalog.ImportRelationshipsArgument, Sitecore.Commerce.Plugin.Catalog","SourceId":"Entity-SellableItem-6042567","TargetIds":{"$type":"System.Collections.Generic.List`1[[System.String, mscorlib]], mscorlib","$values":["Entity-SellableItem-7042082","Entity-SellableItem-6042183","Entity-SellableItem-6042962","Entity-SellableItem-6042430","Entity-SellableItem-6042986","Entity-SellableItem-6042886","Entity-SellableItem-6042325"]},"RelationshipType":"RelatedSellableItemToSellableItem"},{"$type":"Sitecore.Commerce.Plugin.Catalog.ImportRelationshipsArgument, Sitecore.Commerce.Plugin.Catalog","SourceId":"Entity-SellableItem-6042567","TargetIds":{"$type":"System.Collections.Generic.List`1[[System.String, mscorlib]], mscorlib","$values":["Entity-SellableItem-7042257","Entity-SellableItem-7042258","Entity-SellableItem-7042259"]},"RelationshipType":"WarrantySellableItemToSellableItem"},{"$type":"Sitecore.Commerce.Plugin.Catalog.ImportRelationshipsArgument, Sitecore.Commerce.Plugin.Catalog","SourceId":"Entity-SellableItem-6042570","TargetIds":{"$type":"System.Collections.Generic.List`1[[System.String, mscorlib]], mscorlib","$values":["Entity-SellableItem-6042878"]},"RelationshipType":"InstallationSellableItemToSellableItem"}]}