{"$type":"System.Collections.Generic.List`1[[Sitecore.Commerce.Plugin.Catalog.ImportRelationshipsArgument, Sitecore.Commerce.Plugin.Catalog]], mscorlib","$values":[{"$type":"Sitecore.Commerce.Plugin.Catalog.ImportRelationshipsArgument, Sitecore.Commerce.Plugin.Catalog","SourceId":"Entity-SellableItem-6042308","TargetIds":{"$type":"System.Collections.Generic.List`1[[System.String, mscorlib]], mscorlib","$values":["Entity-SellableItem-6042064","Entity-SellableItem-7042082","Entity-SellableItem-6042183","Entity-SellableItem-6042962","Entity-SellableItem-6042963","Entity-SellableItem-6042430","Entity-SellableItem-6042986","Entity-SellableItem-6042886","Entity-SellableItem-6042402","Entity-SellableItem-6042325","Entity-SellableItem-6042283"]},"RelationshipType":"RelatedSellableItemToSellableItem"},{"$type":"Sitecore.Commerce.Plugin.Catalog.ImportRelationshipsArgument, Sitecore.Commerce.Plugin.Catalog","SourceId":"Entity-SellableItem-6042313","TargetIds":{"$type":"System.Collections.Generic.List`1[[System.String, mscorlib]], mscorlib","$values":["Entity-SellableItem-6042064","Entity-SellableItem-7042082","Entity-SellableItem-6042183","Entity-SellableItem-6042962","Entity-SellableItem-6042963","Entity-SellableItem-6042430","Entity-SellableItem-6042986","Entity-SellableItem-6042886","Entity-SellableItem-6042402","Entity-SellableItem-6042325","Entity-SellableItem-6042283"]},"RelationshipType":"RelatedSellableItemToSellableItem"},{"$type":"Sitecore.Commerce.Plugin.Catalog.ImportRelationshipsArgument, Sitecore.Commerce.Plugin.Catalog","SourceId":"Entity-SellableItem-6042318","TargetIds":{"$type":"System.Collections.Generic.List`1[[System.String, mscorlib]], mscorlib","$values":["Entity-SellableItem-6042064","Entity-SellableItem-7042082","Entity-SellableItem-6042183","Entity-SellableItem-6042962","Entity-SellableItem-6042963","Entity-SellableItem-6042430","Entity-SellableItem-6042986","Entity-SellableItem-6042886","Entity-SellableItem-6042402","Entity-SellableItem-6042325","Entity-SellableItem-6042283"]},"RelationshipType":"RelatedSellableItemToSellableItem"},{"$type":"Sitecore.Commerce.Plugin.Catalog.ImportRelationshipsArgument, Sitecore.Commerce.Plugin.Catalog","SourceId":"Entity-SellableItem-6042323","TargetIds":{"$type":"System.Collections.Generic.List`1[[System.String, mscorlib]], mscorlib","$values":["Entity-SellableItem-6042064","Entity-SellableItem-7042082","Entity-SellableItem-6042183","Entity-SellableItem-6042962","Entity-SellableItem-6042963","Entity-SellableItem-6042430","Entity-SellableItem-6042986","Entity-SellableItem-6042886","Entity-SellableItem-6042402","Entity-SellableItem-6042325","Entity-SellableItem-6042283"]},"RelationshipType":"RelatedSellableItemToSellableItem"},{"$type":"Sitecore.Commerce.Plugin.Catalog.ImportRelationshipsArgument, Sitecore.Commerce.Plugin.Catalog","SourceId":"Entity-SellableItem-6042325","TargetIds":{"$type":"System.Collections.Generic.List`1[[System.String, mscorlib]], mscorlib","$values":["Entity-SellableItem-6042064","Entity-SellableItem-7042082","Entity-SellableItem-6042183","Entity-SellableItem-6042962","Entity-SellableItem-6042963","Entity-SellableItem-6042430","Entity-SellableItem-6042986","Entity-SellableItem-6042886","Entity-SellableItem-6042402","Entity-SellableItem-6042283"]},"RelationshipType":"RelatedSellableItemToSellableItem"},{"$type":"Sitecore.Commerce.Plugin.Catalog.ImportRelationshipsArgument, Sitecore.Commerce.Plugin.Catalog","SourceId":"Entity-SellableItem-6042327","TargetIds":{"$type":"System.Collections.Generic.List`1[[System.String, mscorlib]], mscorlib","$values":["Entity-SellableItem-6042064","Entity-SellableItem-7042082","Entity-SellableItem-6042183","Entity-SellableItem-6042962","Entity-SellableItem-6042963","Entity-SellableItem-6042430","Entity-SellableItem-6042986","Entity-SellableItem-6042886","Entity-SellableItem-6042402","Entity-SellableItem-6042325","Entity-SellableItem-6042283"]},"RelationshipType":"RelatedSellableItemToSellableItem"},{"$type":"Sitecore.Commerce.Plugin.Catalog.ImportRelationshipsArgument, Sitecore.Commerce.Plugin.Catalog","SourceId":"Entity-SellableItem-6042328","TargetIds":{"$type":"System.Collections.Generic.List`1[[System.String, mscorlib]], mscorlib","$values":["Entity-SellableItem-6042064","Entity-SellableItem-7042082","Entity-SellableItem-6042183","Entity-SellableItem-6042962","Entity-SellableItem-6042963","Entity-SellableItem-6042430","Entity-SellableItem-6042986","Entity-SellableItem-6042886","Entity-SellableItem-6042402","Entity-SellableItem-6042325","Entity-SellableItem-6042283"]},"RelationshipType":"RelatedSellableItemToSellableItem"},{"$type":"Sitecore.Commerce.Plugin.Catalog.ImportRelationshipsArgument, Sitecore.Commerce.Plugin.Catalog","SourceId":"Entity-SellableItem-6042329","TargetIds":{"$type":"System.Collections.Generic.List`1[[System.String, mscorlib]], mscorlib","$values":["Entity-SellableItem-6042064","Entity-SellableItem-7042082","Entity-SellableItem-6042183","Entity-SellableItem-6042962","Entity-SellableItem-6042963","Entity-SellableItem-6042430","Entity-SellableItem-6042986","Entity-SellableItem-6042886","Entity-SellableItem-6042402","Entity-SellableItem-6042325","Entity-SellableItem-6042283"]},"RelationshipType":"RelatedSellableItemToSellableItem"},{"$type":"Sitecore.Commerce.Plugin.Catalog.ImportRelationshipsArgument, Sitecore.Commerce.Plugin.Catalog","SourceId":"Entity-SellableItem-6042330","TargetIds":{"$type":"System.Collections.Generic.List`1[[System.String, mscorlib]], mscorlib","$values":["Entity-SellableItem-6042064","Entity-SellableItem-7042082","Entity-SellableItem-6042183","Entity-SellableItem-6042962","Entity-SellableItem-6042963","Entity-SellableItem-6042430","Entity-SellableItem-6042986","Entity-SellableItem-6042886","Entity-SellableItem-6042402","Entity-SellableItem-6042325","Entity-SellableItem-6042283"]},"RelationshipType":"RelatedSellableItemToSellableItem"},{"$type":"Sitecore.Commerce.Plugin.Catalog.ImportRelationshipsArgument, Sitecore.Commerce.Plugin.Catalog","SourceId":"Entity-Category-Habitat_Master-Other Phones","TargetIds":{"$type":"System.Collections.Generic.List`1[[System.String, mscorlib]], mscorlib","$values":["Entity-SellableItem-6042331","Entity-SellableItem-6042332","Entity-SellableItem-6042333","Entity-SellableItem-6042334","Entity-SellableItem-6042335","Entity-SellableItem-6042336"]},"RelationshipType":"CategoryToSellableItem"}]}