{"$type":"System.Collections.Generic.List`1[[Sitecore.Commerce.Plugin.Catalog.ImportRelationshipsArgument, Sitecore.Commerce.Plugin.Catalog]], mscorlib","$values":[{"$type":"Sitecore.Commerce.Plugin.Catalog.ImportRelationshipsArgument, Sitecore.Commerce.Plugin.Catalog","SourceId":"Entity-SellableItem-6042382","TargetIds":{"$type":"System.Collections.Generic.List`1[[System.String, mscorlib]], mscorlib","$values":["Entity-SellableItem-6042064","Entity-SellableItem-7042082","Entity-SellableItem-6042183","Entity-SellableItem-6042962","Entity-SellableItem-6042963","Entity-SellableItem-6042430","Entity-SellableItem-6042986","Entity-SellableItem-6042886","Entity-SellableItem-6042402","Entity-SellableItem-6042325","Entity-SellableItem-6042283"]},"RelationshipType":"RelatedSellableItemToSellableItem"},{"$type":"Sitecore.Commerce.Plugin.Catalog.ImportRelationshipsArgument, Sitecore.Commerce.Plugin.Catalog","SourceId":"Entity-SellableItem-6042383","TargetIds":{"$type":"System.Collections.Generic.List`1[[System.String, mscorlib]], mscorlib","$values":["Entity-SellableItem-6042064","Entity-SellableItem-7042082","Entity-SellableItem-6042183","Entity-SellableItem-6042962","Entity-SellableItem-6042963","Entity-SellableItem-6042430","Entity-SellableItem-6042986","Entity-SellableItem-6042886","Entity-SellableItem-6042402","Entity-SellableItem-6042325","Entity-SellableItem-6042283"]},"RelationshipType":"RelatedSellableItemToSellableItem"},{"$type":"Sitecore.Commerce.Plugin.Catalog.ImportRelationshipsArgument, Sitecore.Commerce.Plugin.Catalog","SourceId":"Entity-SellableItem-6042384","TargetIds":{"$type":"System.Collections.Generic.List`1[[System.String, mscorlib]], mscorlib","$values":["Entity-SellableItem-6042064","Entity-SellableItem-7042082","Entity-SellableItem-6042183","Entity-SellableItem-6042962","Entity-SellableItem-6042963","Entity-SellableItem-6042430","Entity-SellableItem-6042986","Entity-SellableItem-6042886","Entity-SellableItem-6042402","Entity-SellableItem-6042325","Entity-SellableItem-6042283"]},"RelationshipType":"RelatedSellableItemToSellableItem"},{"$type":"Sitecore.Commerce.Plugin.Catalog.ImportRelationshipsArgument, Sitecore.Commerce.Plugin.Catalog","SourceId":"Entity-SellableItem-6042385","TargetIds":{"$type":"System.Collections.Generic.List`1[[System.String, mscorlib]], mscorlib","$values":["Entity-SellableItem-6042064","Entity-SellableItem-7042082","Entity-SellableItem-6042183","Entity-SellableItem-6042962","Entity-SellableItem-6042963","Entity-SellableItem-6042430","Entity-SellableItem-6042986","Entity-SellableItem-6042886","Entity-SellableItem-6042402","Entity-SellableItem-6042325","Entity-SellableItem-6042283"]},"RelationshipType":"RelatedSellableItemToSellableItem"},{"$type":"Sitecore.Commerce.Plugin.Catalog.ImportRelationshipsArgument, Sitecore.Commerce.Plugin.Catalog","SourceId":"Entity-SellableItem-6042386","TargetIds":{"$type":"System.Collections.Generic.List`1[[System.String, mscorlib]], mscorlib","$values":["Entity-SellableItem-6042064","Entity-SellableItem-7042082","Entity-SellableItem-6042183","Entity-SellableItem-6042962","Entity-SellableItem-6042963","Entity-SellableItem-6042430","Entity-SellableItem-6042986","Entity-SellableItem-6042886","Entity-SellableItem-6042402","Entity-SellableItem-6042325","Entity-SellableItem-6042283"]},"RelationshipType":"RelatedSellableItemToSellableItem"},{"$type":"Sitecore.Commerce.Plugin.Catalog.ImportRelationshipsArgument, Sitecore.Commerce.Plugin.Catalog","SourceId":"Entity-SellableItem-6042387","TargetIds":{"$type":"System.Collections.Generic.List`1[[System.String, mscorlib]], mscorlib","$values":["Entity-SellableItem-6042064","Entity-SellableItem-7042082","Entity-SellableItem-6042183","Entity-SellableItem-6042962","Entity-SellableItem-6042963","Entity-SellableItem-6042430","Entity-SellableItem-6042986","Entity-SellableItem-6042886","Entity-SellableItem-6042402","Entity-SellableItem-6042325","Entity-SellableItem-6042283"]},"RelationshipType":"RelatedSellableItemToSellableItem"},{"$type":"Sitecore.Commerce.Plugin.Catalog.ImportRelationshipsArgument, Sitecore.Commerce.Plugin.Catalog","SourceId":"Entity-Category-Habitat_Master-Televisions","TargetIds":{"$type":"System.Collections.Generic.List`1[[System.String, mscorlib]], mscorlib","$values":["Entity-Category-Habitat_Master-4K","Entity-Category-Habitat_Master-4K with HDR","Entity-Category-Habitat_Master-HDTV","Entity-Category-Habitat_Master-Curved UHD TVs","Entity-Category-Habitat_Master-Smart TVs","Entity-Category-Habitat_Master-3D TVs"]},"RelationshipType":"CategoryToCategory"},{"$type":"Sitecore.Commerce.Plugin.Catalog.ImportRelationshipsArgument, Sitecore.Commerce.Plugin.Catalog","SourceId":"Entity-Category-Habitat_Master-Televisions","TargetIds":{"$type":"System.Collections.Generic.List`1[[System.String, mscorlib]], mscorlib","$values":["Entity-SellableItem-6042260","Entity-SellableItem-6042261","Entity-SellableItem-6042262","Entity-SellableItem-6042264","Entity-SellableItem-6042265","Entity-SellableItem-6042266","Entity-SellableItem-6042267","Entity-SellableItem-6042268","Entity-SellableItem-6042269","Entity-SellableItem-6042270","Entity-SellableItem-6042271","Entity-SellableItem-6042272","Entity-SellableItem-6042273","Entity-SellableItem-6042274","Entity-SellableItem-6042275","Entity-SellableItem-6042276","Entity-SellableItem-6042277","Entity-SellableItem-6042278","Entity-SellableItem-6042279","Entity-SellableItem-6042280","Entity-SellableItem-6042281","Entity-SellableItem-6042282","Entity-SellableItem-6042283","Entity-SellableItem-6042284","Entity-SellableItem-6042285","Entity-SellableItem-6042286","Entity-SellableItem-6042287","Entity-SellableItem-6042288","Entity-SellableItem-6042289","Entity-SellableItem-6042290","Entity-SellableItem-6042291","Entity-SellableItem-6042292","Entity-SellableItem-6042293","Entity-SellableItem-6042294","Entity-SellableItem-6042295"]},"RelationshipType":"CategoryToSellableItem"},{"$type":"Sitecore.Commerce.Plugin.Catalog.ImportRelationshipsArgument, Sitecore.Commerce.Plugin.Catalog","SourceId":"Entity-Category-Habitat_Master-4K","TargetIds":{"$type":"System.Collections.Generic.List`1[[System.String, mscorlib]], mscorlib","$values":["Entity-SellableItem-6042260","Entity-SellableItem-6042261","Entity-SellableItem-6042262","Entity-SellableItem-6042264","Entity-SellableItem-6042265"]},"RelationshipType":"CategoryToSellableItem"},{"$type":"Sitecore.Commerce.Plugin.Catalog.ImportRelationshipsArgument, Sitecore.Commerce.Plugin.Catalog","SourceId":"Entity-SellableItem-6042260","TargetIds":{"$type":"System.Collections.Generic.List`1[[System.String, mscorlib]], mscorlib","$values":["Entity-SellableItem-6042064","Entity-SellableItem-7042082","Entity-SellableItem-6042183","Entity-SellableItem-6042962","Entity-SellableItem-6042963","Entity-SellableItem-6042430","Entity-SellableItem-6042986","Entity-SellableItem-6042886","Entity-SellableItem-6042402","Entity-SellableItem-6042325","Entity-SellableItem-6042283"]},"RelationshipType":"RelatedSellableItemToSellableItem"}]}