{"$type":"System.Collections.Generic.List`1[[Sitecore.Commerce.Plugin.Catalog.ImportRelationshipsArgument, Sitecore.Commerce.Plugin.Catalog]], mscorlib","$values":[{"$type":"Sitecore.Commerce.Plugin.Catalog.ImportRelationshipsArgument, Sitecore.Commerce.Plugin.Catalog","SourceId":"Entity-Category-Habitat_Master-Audio","TargetIds":{"$type":"System.Collections.Generic.List`1[[System.String, mscorlib]], mscorlib","$values":["Entity-SellableItem-6042058","Entity-SellableItem-6042059","Entity-SellableItem-6042060","Entity-SellableItem-6042061","Entity-SellableItem-6042062","Entity-SellableItem-6042063","Entity-SellableItem-6042064","Entity-SellableItem-6042065","Entity-SellableItem-6042067","Entity-SellableItem-6042068","Entity-SellableItem-6042066","Entity-SellableItem-6042069","Entity-SellableItem-6042070","Entity-SellableItem-6042071","Entity-SellableItem-6042072","Entity-SellableItem-6042073","Entity-SellableItem-6042074","Entity-SellableItem-6042075","Entity-SellableItem-6042076","Entity-SellableItem-6042077","Entity-SellableItem-6042078","Entity-SellableItem-6042079","Entity-SellableItem-6042080","Entity-SellableItem-6042081","Entity-SellableItem-6042082","Entity-SellableItem-6042083","Entity-SellableItem-6042084","Entity-SellableItem-6042085","Entity-SellableItem-6042086","Entity-SellableItem-6042087","Entity-SellableItem-6042088","Entity-SellableItem-6042089","Entity-SellableItem-6042090","Entity-SellableItem-6042091","Entity-SellableItem-6042092","Entity-SellableItem-6042093","Entity-SellableItem-6042094","Entity-SellableItem-6042095","Entity-SellableItem-6042096","Entity-SellableItem-6042097","Entity-SellableItem-6042098","Entity-SellableItem-6042099","Entity-SellableItem-6042100","Entity-SellableItem-6042101","Entity-SellableItem-6042102","Entity-SellableItem-6042103","Entity-SellableItem-6042104","Entity-SellableItem-6042105","Entity-SellableItem-6042106","Entity-SellableItem-6042107","Entity-SellableItem-6042108","Entity-SellableItem-6042109","Entity-SellableItem-6042110","Entity-SellableItem-6042111","Entity-SellableItem-6042112","Entity-SellableItem-6042113","Entity-SellableItem-6042114","Entity-SellableItem-6042115","Entity-SellableItem-6042116","Entity-SellableItem-6042117","Entity-SellableItem-6042118","Entity-SellableItem-6042119","Entity-SellableItem-6042120","Entity-SellableItem-6042121","Entity-SellableItem-6042122","Entity-SellableItem-6042123","Entity-SellableItem-6042124","Entity-SellableItem-6042128","Entity-SellableItem-6042129","Entity-SellableItem-6042130","Entity-SellableItem-6042131","Entity-SellableItem-6042132","Entity-SellableItem-6042133","Entity-SellableItem-6042134","Entity-SellableItem-6042138","Entity-SellableItem-6042142","Entity-SellableItem-6042143","Entity-SellableItem-6042144","Entity-SellableItem-6042145","Entity-SellableItem-6042146","Entity-SellableItem-6042148","Entity-SellableItem-6042149","Entity-SellableItem-6042151","Entity-SellableItem-6042152"]},"RelationshipType":"CategoryToSellableItem"},{"$type":"Sitecore.Commerce.Plugin.Catalog.ImportRelationshipsArgument, Sitecore.Commerce.Plugin.Catalog","SourceId":"Entity-Category-Habitat_Master-Headphones","TargetIds":{"$type":"System.Collections.Generic.List`1[[System.String, mscorlib]], mscorlib","$values":["Entity-SellableItem-6042058","Entity-SellableItem-6042059","Entity-SellableItem-6042060","Entity-SellableItem-6042061","Entity-SellableItem-6042062","Entity-SellableItem-6042063","Entity-SellableItem-6042064","Entity-SellableItem-6042065","Entity-SellableItem-6042067","Entity-SellableItem-6042066","Entity-SellableItem-6042069","Entity-SellableItem-6042070","Entity-SellableItem-6042071"]},"RelationshipType":"CategoryToSellableItem"},{"$type":"Sitecore.Commerce.Plugin.Catalog.ImportRelationshipsArgument, Sitecore.Commerce.Plugin.Catalog","SourceId":"Entity-SellableItem-6042058","TargetIds":{"$type":"System.Collections.Generic.List`1[[System.String, mscorlib]], mscorlib","$values":["Entity-SellableItem-6042064","Entity-SellableItem-7042082","Entity-SellableItem-6042183","Entity-SellableItem-6042962","Entity-SellableItem-6042963","Entity-SellableItem-6042430","Entity-SellableItem-6042986","Entity-SellableItem-6042886","Entity-SellableItem-6042402","Entity-SellableItem-6042325","Entity-SellableItem-6042283"]},"RelationshipType":"RelatedSellableItemToSellableItem"},{"$type":"Sitecore.Commerce.Plugin.Catalog.ImportRelationshipsArgument, Sitecore.Commerce.Plugin.Catalog","SourceId":"Entity-SellableItem-6042059","TargetIds":{"$type":"System.Collections.Generic.List`1[[System.String, mscorlib]], mscorlib","$values":["Entity-SellableItem-6042064","Entity-SellableItem-7042082","Entity-SellableItem-6042183","Entity-SellableItem-6042962","Entity-SellableItem-6042963","Entity-SellableItem-6042430","Entity-SellableItem-6042986","Entity-SellableItem-6042886","Entity-SellableItem-6042402","Entity-SellableItem-6042325","Entity-SellableItem-6042283"]},"RelationshipType":"RelatedSellableItemToSellableItem"},{"$type":"Sitecore.Commerce.Plugin.Catalog.ImportRelationshipsArgument, Sitecore.Commerce.Plugin.Catalog","SourceId":"Entity-SellableItem-6042060","TargetIds":{"$type":"System.Collections.Generic.List`1[[System.String, mscorlib]], mscorlib","$values":["Entity-SellableItem-6042064","Entity-SellableItem-7042082","Entity-SellableItem-6042183","Entity-SellableItem-6042962","Entity-SellableItem-6042963","Entity-SellableItem-6042430","Entity-SellableItem-6042986","Entity-SellableItem-6042886","Entity-SellableItem-6042402","Entity-SellableItem-6042325","Entity-SellableItem-6042283"]},"RelationshipType":"RelatedSellableItemToSellableItem"},{"$type":"Sitecore.Commerce.Plugin.Catalog.ImportRelationshipsArgument, Sitecore.Commerce.Plugin.Catalog","SourceId":"Entity-SellableItem-6042061","TargetIds":{"$type":"System.Collections.Generic.List`1[[System.String, mscorlib]], mscorlib","$values":["Entity-SellableItem-6042064","Entity-SellableItem-7042082","Entity-SellableItem-6042183","Entity-SellableItem-6042962","Entity-SellableItem-6042963","Entity-SellableItem-6042430","Entity-SellableItem-6042986","Entity-SellableItem-6042886","Entity-SellableItem-6042402","Entity-SellableItem-6042325","Entity-SellableItem-6042283"]},"RelationshipType":"RelatedSellableItemToSellableItem"},{"$type":"Sitecore.Commerce.Plugin.Catalog.ImportRelationshipsArgument, Sitecore.Commerce.Plugin.Catalog","SourceId":"Entity-SellableItem-6042062","TargetIds":{"$type":"System.Collections.Generic.List`1[[System.String, mscorlib]], mscorlib","$values":["Entity-SellableItem-6042064","Entity-SellableItem-7042082","Entity-SellableItem-6042183","Entity-SellableItem-6042962","Entity-SellableItem-6042963","Entity-SellableItem-6042430","Entity-SellableItem-6042986","Entity-SellableItem-6042886","Entity-SellableItem-6042402","Entity-SellableItem-6042325","Entity-SellableItem-6042283"]},"RelationshipType":"RelatedSellableItemToSellableItem"},{"$type":"Sitecore.Commerce.Plugin.Catalog.ImportRelationshipsArgument, Sitecore.Commerce.Plugin.Catalog","SourceId":"Entity-SellableItem-6042063","TargetIds":{"$type":"System.Collections.Generic.List`1[[System.String, mscorlib]], mscorlib","$values":["Entity-SellableItem-6042064","Entity-SellableItem-7042082","Entity-SellableItem-6042183","Entity-SellableItem-6042962","Entity-SellableItem-6042963","Entity-SellableItem-6042430","Entity-SellableItem-6042986","Entity-SellableItem-6042886","Entity-SellableItem-6042402","Entity-SellableItem-6042325","Entity-SellableItem-6042283"]},"RelationshipType":"RelatedSellableItemToSellableItem"},{"$type":"Sitecore.Commerce.Plugin.Catalog.ImportRelationshipsArgument, Sitecore.Commerce.Plugin.Catalog","SourceId":"Entity-Category-Habitat_Master-FeaturedProducts","TargetIds":{"$type":"System.Collections.Generic.List`1[[System.String, mscorlib]], mscorlib","$values":["Entity-SellableItem-6042064","Entity-SellableItem-7042082","Entity-SellableItem-6042183","Entity-SellableItem-6042962","Entity-SellableItem-6042963","Entity-SellableItem-6042430","Entity-SellableItem-6042986","Entity-SellableItem-6042886","Entity-SellableItem-6042402","Entity-SellableItem-6042325","Entity-SellableItem-6042283"]},"RelationshipType":"CategoryToSellableItem"},{"$type":"Sitecore.Commerce.Plugin.Catalog.ImportRelationshipsArgument, Sitecore.Commerce.Plugin.Catalog","SourceId":"Entity-Category-Habitat_Master-DefaultRecommendations","TargetIds":{"$type":"System.Collections.Generic.List`1[[System.String, mscorlib]], mscorlib","$values":["Entity-SellableItem-6042064","Entity-SellableItem-7042082","Entity-SellableItem-6042183","Entity-SellableItem-6042962","Entity-SellableItem-6042963","Entity-SellableItem-6042430","Entity-SellableItem-6042986","Entity-SellableItem-6042886","Entity-SellableItem-6042402","Entity-SellableItem-6042325","Entity-SellableItem-6042283"]},"RelationshipType":"CategoryToSellableItem"}]}