{"$type":"System.Collections.Generic.List`1[[Sitecore.Commerce.Plugin.Catalog.ImportRelationshipsArgument, Sitecore.Commerce.Plugin.Catalog]], mscorlib","$values":[{"$type":"Sitecore.Commerce.Plugin.Catalog.ImportRelationshipsArgument, Sitecore.Commerce.Plugin.Catalog","SourceId":"Entity-SellableItem-6042072","TargetIds":{"$type":"System.Collections.Generic.List`1[[System.String, mscorlib]], mscorlib","$values":["Entity-SellableItem-6042064","Entity-SellableItem-7042082","Entity-SellableItem-6042183","Entity-SellableItem-6042962","Entity-SellableItem-6042963","Entity-SellableItem-6042430","Entity-SellableItem-6042986","Entity-SellableItem-6042886","Entity-SellableItem-6042402","Entity-SellableItem-6042325","Entity-SellableItem-6042283"]},"RelationshipType":"RelatedSellableItemToSellableItem"},{"$type":"Sitecore.Commerce.Plugin.Catalog.ImportRelationshipsArgument, Sitecore.Commerce.Plugin.Catalog","SourceId":"Entity-SellableItem-6042073","TargetIds":{"$type":"System.Collections.Generic.List`1[[System.String, mscorlib]], mscorlib","$values":["Entity-SellableItem-6042064","Entity-SellableItem-7042082","Entity-SellableItem-6042183","Entity-SellableItem-6042962","Entity-SellableItem-6042963","Entity-SellableItem-6042430","Entity-SellableItem-6042986","Entity-SellableItem-6042886","Entity-SellableItem-6042402","Entity-SellableItem-6042325","Entity-SellableItem-6042283"]},"RelationshipType":"RelatedSellableItemToSellableItem"},{"$type":"Sitecore.Commerce.Plugin.Catalog.ImportRelationshipsArgument, Sitecore.Commerce.Plugin.Catalog","SourceId":"Entity-SellableItem-6042074","TargetIds":{"$type":"System.Collections.Generic.List`1[[System.String, mscorlib]], mscorlib","$values":["Entity-SellableItem-6042064","Entity-SellableItem-7042082","Entity-SellableItem-6042183","Entity-SellableItem-6042962","Entity-SellableItem-6042963","Entity-SellableItem-6042430","Entity-SellableItem-6042986","Entity-SellableItem-6042886","Entity-SellableItem-6042402","Entity-SellableItem-6042325","Entity-SellableItem-6042283"]},"RelationshipType":"RelatedSellableItemToSellableItem"},{"$type":"Sitecore.Commerce.Plugin.Catalog.ImportRelationshipsArgument, Sitecore.Commerce.Plugin.Catalog","SourceId":"Entity-SellableItem-6042075","TargetIds":{"$type":"System.Collections.Generic.List`1[[System.String, mscorlib]], mscorlib","$values":["Entity-SellableItem-6042064","Entity-SellableItem-7042082","Entity-SellableItem-6042183","Entity-SellableItem-6042962","Entity-SellableItem-6042963","Entity-SellableItem-6042430","Entity-SellableItem-6042986","Entity-SellableItem-6042886","Entity-SellableItem-6042402","Entity-SellableItem-6042325","Entity-SellableItem-6042283"]},"RelationshipType":"RelatedSellableItemToSellableItem"},{"$type":"Sitecore.Commerce.Plugin.Catalog.ImportRelationshipsArgument, Sitecore.Commerce.Plugin.Catalog","SourceId":"Entity-SellableItem-6042076","TargetIds":{"$type":"System.Collections.Generic.List`1[[System.String, mscorlib]], mscorlib","$values":["Entity-SellableItem-6042064","Entity-SellableItem-7042082","Entity-SellableItem-6042183","Entity-SellableItem-6042962","Entity-SellableItem-6042963","Entity-SellableItem-6042430","Entity-SellableItem-6042986","Entity-SellableItem-6042886","Entity-SellableItem-6042402","Entity-SellableItem-6042325","Entity-SellableItem-6042283"]},"RelationshipType":"RelatedSellableItemToSellableItem"},{"$type":"Sitecore.Commerce.Plugin.Catalog.ImportRelationshipsArgument, Sitecore.Commerce.Plugin.Catalog","SourceId":"Entity-Category-Habitat_Master-Home Audio","TargetIds":{"$type":"System.Collections.Generic.List`1[[System.String, mscorlib]], mscorlib","$values":["Entity-SellableItem-6042077"]},"RelationshipType":"CategoryToSellableItem"},{"$type":"Sitecore.Commerce.Plugin.Catalog.ImportRelationshipsArgument, Sitecore.Commerce.Plugin.Catalog","SourceId":"Entity-SellableItem-6042077","TargetIds":{"$type":"System.Collections.Generic.List`1[[System.String, mscorlib]], mscorlib","$values":["Entity-SellableItem-6042064","Entity-SellableItem-7042082","Entity-SellableItem-6042183","Entity-SellableItem-6042962","Entity-SellableItem-6042963","Entity-SellableItem-6042430","Entity-SellableItem-6042986","Entity-SellableItem-6042886","Entity-SellableItem-6042402","Entity-SellableItem-6042325","Entity-SellableItem-6042283"]},"RelationshipType":"RelatedSellableItemToSellableItem"},{"$type":"Sitecore.Commerce.Plugin.Catalog.ImportRelationshipsArgument, Sitecore.Commerce.Plugin.Catalog","SourceId":"Entity-Category-Habitat_Master-Speakers","TargetIds":{"$type":"System.Collections.Generic.List`1[[System.String, mscorlib]], mscorlib","$values":["Entity-SellableItem-6042078","Entity-SellableItem-6042079","Entity-SellableItem-6042080","Entity-SellableItem-6042081","Entity-SellableItem-6042082","Entity-SellableItem-6042083","Entity-SellableItem-6042084","Entity-SellableItem-6042085","Entity-SellableItem-6042086","Entity-SellableItem-6042087","Entity-SellableItem-6042088","Entity-SellableItem-6042089","Entity-SellableItem-6042090","Entity-SellableItem-6042091","Entity-SellableItem-6042092","Entity-SellableItem-6042093","Entity-SellableItem-6042094","Entity-SellableItem-6042095","Entity-SellableItem-6042096","Entity-SellableItem-6042097","Entity-SellableItem-6042098","Entity-SellableItem-6042099","Entity-SellableItem-6042100","Entity-SellableItem-6042101","Entity-SellableItem-6042102","Entity-SellableItem-6042103","Entity-SellableItem-6042104"]},"RelationshipType":"CategoryToSellableItem"},{"$type":"Sitecore.Commerce.Plugin.Catalog.ImportRelationshipsArgument, Sitecore.Commerce.Plugin.Catalog","SourceId":"Entity-SellableItem-6042078","TargetIds":{"$type":"System.Collections.Generic.List`1[[System.String, mscorlib]], mscorlib","$values":["Entity-SellableItem-6042064","Entity-SellableItem-7042082","Entity-SellableItem-6042183","Entity-SellableItem-6042962","Entity-SellableItem-6042963","Entity-SellableItem-6042430","Entity-SellableItem-6042986","Entity-SellableItem-6042886","Entity-SellableItem-6042402","Entity-SellableItem-6042325","Entity-SellableItem-6042283"]},"RelationshipType":"RelatedSellableItemToSellableItem"},{"$type":"Sitecore.Commerce.Plugin.Catalog.ImportRelationshipsArgument, Sitecore.Commerce.Plugin.Catalog","SourceId":"Entity-SellableItem-6042079","TargetIds":{"$type":"System.Collections.Generic.List`1[[System.String, mscorlib]], mscorlib","$values":["Entity-SellableItem-6042064","Entity-SellableItem-7042082","Entity-SellableItem-6042183","Entity-SellableItem-6042962","Entity-SellableItem-6042963","Entity-SellableItem-6042430","Entity-SellableItem-6042986","Entity-SellableItem-6042886","Entity-SellableItem-6042402","Entity-SellableItem-6042325","Entity-SellableItem-6042283"]},"RelationshipType":"RelatedSellableItemToSellableItem"}]}