{"$type":"System.Collections.Generic.List`1[[Sitecore.Commerce.Plugin.Catalog.RelationshipArgument, Sitecore.Commerce.Plugin.Catalog]], mscorlib","$values":[{"$type":"Sitecore.Commerce.Plugin.Catalog.RelationshipArgument, Sitecore.Commerce.Plugin.Catalog","SourceName":"Entity-InventorySet-Adventure Works Inventory","TargetName":"Entity-InventoryInformation-Adventure Works Inventory-AW045 03-69","RelationshipType":"InventorySetToInventoryInformation"},{"$type":"Sitecore.Commerce.Plugin.Catalog.RelationshipArgument, Sitecore.Commerce.Plugin.Catalog","SourceName":"Entity-InventorySet-Adventure Works Inventory","TargetName":"Entity-InventoryInformation-Adventure Works Inventory-AW045 03-70","RelationshipType":"InventorySetToInventoryInformation"},{"$type":"Sitecore.Commerce.Plugin.Catalog.RelationshipArgument, Sitecore.Commerce.Plugin.Catalog","SourceName":"Entity-InventorySet-Adventure Works Inventory","TargetName":"Entity-InventoryInformation-Adventure Works Inventory-AW046 01-29","RelationshipType":"InventorySetToInventoryInformation"},{"$type":"Sitecore.Commerce.Plugin.Catalog.RelationshipArgument, Sitecore.Commerce.Plugin.Catalog","SourceName":"Entity-InventorySet-Adventure Works Inventory","TargetName":"Entity-InventoryInformation-Adventure Works Inventory-AW046 01-30","RelationshipType":"InventorySetToInventoryInformation"},{"$type":"Sitecore.Commerce.Plugin.Catalog.RelationshipArgument, Sitecore.Commerce.Plugin.Catalog","SourceName":"Entity-InventorySet-Adventure Works Inventory","TargetName":"Entity-InventoryInformation-Adventure Works Inventory-AW046 01-39","RelationshipType":"InventorySetToInventoryInformation"},{"$type":"Sitecore.Commerce.Plugin.Catalog.RelationshipArgument, Sitecore.Commerce.Plugin.Catalog","SourceName":"Entity-InventorySet-Adventure Works Inventory","TargetName":"Entity-InventoryInformation-Adventure Works Inventory-AW046 01-40","RelationshipType":"InventorySetToInventoryInformation"},{"$type":"Sitecore.Commerce.Plugin.Catalog.RelationshipArgument, Sitecore.Commerce.Plugin.Catalog","SourceName":"Entity-InventorySet-Adventure Works Inventory","TargetName":"Entity-InventoryInformation-Adventure Works Inventory-AW048 01-31","RelationshipType":"InventorySetToInventoryInformation"},{"$type":"Sitecore.Commerce.Plugin.Catalog.RelationshipArgument, Sitecore.Commerce.Plugin.Catalog","SourceName":"Entity-InventorySet-Adventure Works Inventory","TargetName":"Entity-InventoryInformation-Adventure Works Inventory-AW048 01-32","RelationshipType":"InventorySetToInventoryInformation"},{"$type":"Sitecore.Commerce.Plugin.Catalog.RelationshipArgument, Sitecore.Commerce.Plugin.Catalog","SourceName":"Entity-InventorySet-Adventure Works Inventory","TargetName":"Entity-InventoryInformation-Adventure Works Inventory-AW048 01-41","RelationshipType":"InventorySetToInventoryInformation"},{"$type":"Sitecore.Commerce.Plugin.Catalog.RelationshipArgument, Sitecore.Commerce.Plugin.Catalog","SourceName":"Entity-InventorySet-Adventure Works Inventory","TargetName":"Entity-InventoryInformation-Adventure Works Inventory-AW048 01-42","RelationshipType":"InventorySetToInventoryInformation"}]}