{"$type":"System.Collections.Generic.List`1[[Sitecore.Commerce.Plugin.Catalog.RelationshipArgument, Sitecore.Commerce.Plugin.Catalog]], mscorlib","$values":[{"$type":"Sitecore.Commerce.Plugin.Catalog.RelationshipArgument, Sitecore.Commerce.Plugin.Catalog","SourceName":"Entity-InventorySet-Adventure Works Inventory","TargetName":"Entity-InventoryInformation-Adventure Works Inventory-AW048 01-51","RelationshipType":"InventorySetToInventoryInformation"},{"$type":"Sitecore.Commerce.Plugin.Catalog.RelationshipArgument, Sitecore.Commerce.Plugin.Catalog","SourceName":"Entity-InventorySet-Adventure Works Inventory","TargetName":"Entity-InventoryInformation-Adventure Works Inventory-AW048 01-52","RelationshipType":"InventorySetToInventoryInformation"},{"$type":"Sitecore.Commerce.Plugin.Catalog.RelationshipArgument, Sitecore.Commerce.Plugin.Catalog","SourceName":"Entity-InventorySet-Adventure Works Inventory","TargetName":"Entity-InventoryInformation-Adventure Works Inventory-AW051 14","RelationshipType":"InventorySetToInventoryInformation"},{"$type":"Sitecore.Commerce.Plugin.Catalog.RelationshipArgument, Sitecore.Commerce.Plugin.Catalog","SourceName":"Entity-InventorySet-Adventure Works Inventory","TargetName":"Entity-InventoryInformation-Adventure Works Inventory-AW053 10-37","RelationshipType":"InventorySetToInventoryInformation"},{"$type":"Sitecore.Commerce.Plugin.Catalog.RelationshipArgument, Sitecore.Commerce.Plugin.Catalog","SourceName":"Entity-InventorySet-Adventure Works Inventory","TargetName":"Entity-InventoryInformation-Adventure Works Inventory-AW055 01-33","RelationshipType":"InventorySetToInventoryInformation"},{"$type":"Sitecore.Commerce.Plugin.Catalog.RelationshipArgument, Sitecore.Commerce.Plugin.Catalog","SourceName":"Entity-InventorySet-Adventure Works Inventory","TargetName":"Entity-InventoryInformation-Adventure Works Inventory-AW055 01-34","RelationshipType":"InventorySetToInventoryInformation"},{"$type":"Sitecore.Commerce.Plugin.Catalog.RelationshipArgument, Sitecore.Commerce.Plugin.Catalog","SourceName":"Entity-InventorySet-Adventure Works Inventory","TargetName":"Entity-InventoryInformation-Adventure Works Inventory-AW055 01-43","RelationshipType":"InventorySetToInventoryInformation"},{"$type":"Sitecore.Commerce.Plugin.Catalog.RelationshipArgument, Sitecore.Commerce.Plugin.Catalog","SourceName":"Entity-InventorySet-Adventure Works Inventory","TargetName":"Entity-InventoryInformation-Adventure Works Inventory-AW055 01-44","RelationshipType":"InventorySetToInventoryInformation"},{"$type":"Sitecore.Commerce.Plugin.Catalog.RelationshipArgument, Sitecore.Commerce.Plugin.Catalog","SourceName":"Entity-InventorySet-Adventure Works Inventory","TargetName":"Entity-InventoryInformation-Adventure Works Inventory-AW055 01-53","RelationshipType":"InventorySetToInventoryInformation"},{"$type":"Sitecore.Commerce.Plugin.Catalog.RelationshipArgument, Sitecore.Commerce.Plugin.Catalog","SourceName":"Entity-InventorySet-Adventure Works Inventory","TargetName":"Entity-InventoryInformation-Adventure Works Inventory-AW055 01-54","RelationshipType":"InventorySetToInventoryInformation"}]}