{"$type":"System.Collections.Generic.List`1[[Sitecore.Commerce.Plugin.Catalog.RelationshipArgument, Sitecore.Commerce.Plugin.Catalog]], mscorlib","$values":[{"$type":"Sitecore.Commerce.Plugin.Catalog.RelationshipArgument, Sitecore.Commerce.Plugin.Catalog","SourceName":"Entity-InventorySet-Adventure Works Inventory","TargetName":"Entity-InventoryInformation-Adventure Works Inventory-AW032 01-37","RelationshipType":"InventorySetToInventoryInformation"},{"$type":"Sitecore.Commerce.Plugin.Catalog.RelationshipArgument, Sitecore.Commerce.Plugin.Catalog","SourceName":"Entity-InventorySet-Adventure Works Inventory","TargetName":"Entity-InventoryInformation-Adventure Works Inventory-AW032 01-38","RelationshipType":"InventorySetToInventoryInformation"},{"$type":"Sitecore.Commerce.Plugin.Catalog.RelationshipArgument, Sitecore.Commerce.Plugin.Catalog","SourceName":"Entity-InventorySet-Adventure Works Inventory","TargetName":"Entity-InventoryInformation-Adventure Works Inventory-AW032 10-35","RelationshipType":"InventorySetToInventoryInformation"},{"$type":"Sitecore.Commerce.Plugin.Catalog.RelationshipArgument, Sitecore.Commerce.Plugin.Catalog","SourceName":"Entity-InventorySet-Adventure Works Inventory","TargetName":"Entity-InventoryInformation-Adventure Works Inventory-AW042 03-51","RelationshipType":"InventorySetToInventoryInformation"},{"$type":"Sitecore.Commerce.Plugin.Catalog.RelationshipArgument, Sitecore.Commerce.Plugin.Catalog","SourceName":"Entity-InventorySet-Adventure Works Inventory","TargetName":"Entity-InventoryInformation-Adventure Works Inventory-AW042 03-52","RelationshipType":"InventorySetToInventoryInformation"},{"$type":"Sitecore.Commerce.Plugin.Catalog.RelationshipArgument, Sitecore.Commerce.Plugin.Catalog","SourceName":"Entity-InventorySet-Adventure Works Inventory","TargetName":"Entity-InventoryInformation-Adventure Works Inventory-AW042 03-53","RelationshipType":"InventorySetToInventoryInformation"},{"$type":"Sitecore.Commerce.Plugin.Catalog.RelationshipArgument, Sitecore.Commerce.Plugin.Catalog","SourceName":"Entity-InventorySet-Adventure Works Inventory","TargetName":"Entity-InventoryInformation-Adventure Works Inventory-AW042 03-61","RelationshipType":"InventorySetToInventoryInformation"},{"$type":"Sitecore.Commerce.Plugin.Catalog.RelationshipArgument, Sitecore.Commerce.Plugin.Catalog","SourceName":"Entity-InventorySet-Adventure Works Inventory","TargetName":"Entity-InventoryInformation-Adventure Works Inventory-AW042 03-62","RelationshipType":"InventorySetToInventoryInformation"},{"$type":"Sitecore.Commerce.Plugin.Catalog.RelationshipArgument, Sitecore.Commerce.Plugin.Catalog","SourceName":"Entity-InventorySet-Adventure Works Inventory","TargetName":"Entity-InventoryInformation-Adventure Works Inventory-AW042 03-63","RelationshipType":"InventorySetToInventoryInformation"},{"$type":"Sitecore.Commerce.Plugin.Catalog.RelationshipArgument, Sitecore.Commerce.Plugin.Catalog","SourceName":"Entity-InventorySet-Adventure Works Inventory","TargetName":"Entity-InventoryInformation-Adventure Works Inventory-AW042 03-71","RelationshipType":"InventorySetToInventoryInformation"}]}