{"$type":"System.Collections.Generic.List`1[[Sitecore.Commerce.Plugin.Catalog.Category, Sitecore.Commerce.Plugin.Catalog]], mscorlib","$values":[{"$type":"Sitecore.Commerce.Plugin.Catalog.Category, Sitecore.Commerce.Plugin.Catalog","Description":"","SitecoreId":"b6c43dca-3178-a8b3-a6a3-62078a309da6","ParentCatalogList":"59ddadc1-9b88-727e-9e14-3f6cf321ae0f","ParentCategoryList":"c4623f4f-3167-0ef3-0b8d-d1884233ff53","ChildrenSellableItemList":"47c395e8-b52e-5870-a4d3-25f28d750df0|4419fb53-d9d1-3dc7-6f46-0fe93d24d7b1|cb64d001-1fbe-59dd-efc2-318da7e1d409|64ee2477-4daf-1835-773a-d3d2516eac10|d34b293b-330d-b047-cf10-e7a1578126d4|23e8a97e-b2d6-146e-d962-b3e3bd6fd2db|fce774eb-e1e6-2cec-65db-021b47cdb24f|8ac9fb06-0473-a83b-3b35-c6ef46f1ed11|49e99bfe-7e3f-2ee3-00d3-17c8a9e25957|0d90bd3d-d37f-833d-29db-fe55636c3948|888f7102-287b-690b-9fb2-e0c4b1faa875|f2b0874d-3467-f796-f73f-e1e61d9d23bb|4c5bf625-bca5-ab00-de98-0338cf27cc04|3186cbf1-196c-5f4f-4ba5-d41e9e20f9f8","Components":{"$type":"System.Collections.Generic.List`1[[Sitecore.Commerce.Core.Component, Sitecore.Commerce.Core]], mscorlib","$values":[{"$type":"Sitecore.Commerce.Plugin.Catalog.CatalogsComponent, Sitecore.Commerce.Plugin.Catalog","Id":"d7f6f9bd53ca4adea97d2e82ab30e2a6","Name":"","Comments":"","Policies":{"$type":"System.Collections.Generic.List`1[[Sitecore.Commerce.Core.Policy, Sitecore.Commerce.Core]], mscorlib","$values":[]},"ChildComponents":{"$type":"System.Collections.Generic.List`1[[Sitecore.Commerce.Core.Component, Sitecore.Commerce.Core]], mscorlib","$values":[{"$type":"Sitecore.Commerce.Plugin.Catalog.CatalogComponent, Sitecore.Commerce.Plugin.Catalog","ChildCategories":{"$type":"System.Collections.Generic.List`1[[Sitecore.Commerce.Plugin.Catalog.Category, Sitecore.Commerce.Plugin.Catalog]], mscorlib","$values":[]},"CatalogLanguages":{"$type":"System.Collections.Generic.List`1[[Sitecore.Commerce.Core.Language, Sitecore.Commerce.Core]], mscorlib","$values":[]},"ItemDefinition":"","Id":"db39a524af704a619daad8ec4f06ba91","Name":"Habitat_Master","Comments":"","Policies":{"$type":"System.Collections.Generic.List`1[[Sitecore.Commerce.Core.Policy, Sitecore.Commerce.Core]], mscorlib","$values":[]},"ChildComponents":{"$type":"System.Collections.Generic.List`1[[Sitecore.Commerce.Core.Component, Sitecore.Commerce.Core]], mscorlib","$values":[]}}]}},{"$type":"Sitecore.Commerce.Core.MessagesComponent, Sitecore.Commerce.Core","Messages":{"$type":"System.Collections.Generic.List`1[[Sitecore.Commerce.Core.MessageModel, Sitecore.Commerce.Core]], mscorlib","$values":[{"$type":"Sitecore.Commerce.Core.MessageModel, Sitecore.Commerce.Core","Code":"MigrationMessage","Text":"Migrated from category with name='NextCube Accessories' in catalog 'Habitat_Master'","Id":"6c7ede1e99284188aacec566ceb8cbfe"}]},"Id":"59f1046990024eaca82b30dd2150d2a6","Name":"","Comments":"","Policies":{"$type":"System.Collections.Generic.List`1[[Sitecore.Commerce.Core.Policy, Sitecore.Commerce.Core]], mscorlib","$values":[]},"ChildComponents":{"$type":"System.Collections.Generic.List`1[[Sitecore.Commerce.Core.Component, Sitecore.Commerce.Core]], mscorlib","$values":[]}},{"$type":"Sitecore.Commerce.Core.LocalizedEntityComponent, Sitecore.Commerce.Core","Entity":{"$type":"Sitecore.Commerce.Core.EntityReference, Sitecore.Commerce.Core","Name":"","EntityTarget":"Entity-LocalizationEntity-cf9d9df514b643098fb207e45329f258","Policies":{"$type":"System.Collections.Generic.List`1[[Sitecore.Commerce.Core.Policy, Sitecore.Commerce.Core]], mscorlib","$values":[]}},"Id":"7e1e05fa2ee742b3ae3e4605ce343cc8","Name":"","Comments":"","Policies":{"$type":"System.Collections.Generic.List`1[[Sitecore.Commerce.Core.Policy, Sitecore.Commerce.Core]], mscorlib","$values":[]},"ChildComponents":{"$type":"System.Collections.Generic.List`1[[Sitecore.Commerce.Core.Component, Sitecore.Commerce.Core]], mscorlib","$values":[]}}]},"DateCreated":"2018-06-12T13:36:20.9682159+00:00","DateUpdated":"2017-02-14T22:24:19+00:00","DisplayName":"NextCube Accessories","FriendlyId":"Habitat_Master-NextCube Accessories","Id":"Entity-Category-Habitat_Master-NextCube Accessories","Version":0,"IsPersisted":false,"Name":"NextCube Accessories","Policies":{"$type":"System.Collections.Generic.List`1[[Sitecore.Commerce.Core.Policy, Sitecore.Commerce.Core]], mscorlib","$values":[]}},{"$type":"Sitecore.Commerce.Plugin.Catalog.Category, Sitecore.Commerce.Plugin.Catalog","Description":"","SitecoreId":"c3ae4b30-c20d-1f98-232f-e04ecce4d873","ParentCatalogList":"59ddadc1-9b88-727e-9e14-3f6cf321ae0f","ParentCategoryList":"c4623f4f-3167-0ef3-0b8d-d1884233ff53","ChildrenSellableItemList":"57e31714-635f-4232-964c-f405ff5424a2|4389608f-a7fa-78ab-c731-18f10e005b0f|984124ea-2714-f146-ea05-74692457c826|5cd6d5d2-b2f0-ff23-a31e-4ab5f93f60ee|9d744ed1-3039-2dae-aa3a-97a6e4e18fdc","Components":{"$type":"System.Collections.Generic.List`1[[Sitecore.Commerce.Core.Component, Sitecore.Commerce.Core]], mscorlib","$values":[{"$type":"Sitecore.Commerce.Plugin.Catalog.CatalogsComponent, Sitecore.Commerce.Plugin.Catalog","Id":"1054258717f14952878e0341bd76f136","Name":"","Comments":"","Policies":{"$type":"System.Collections.Generic.List`1[[Sitecore.Commerce.Core.Policy, Sitecore.Commerce.Core]], mscorlib","$values":[]},"ChildComponents":{"$type":"System.Collections.Generic.List`1[[Sitecore.Commerce.Core.Component, Sitecore.Commerce.Core]], mscorlib","$values":[{"$type":"Sitecore.Commerce.Plugin.Catalog.CatalogComponent, Sitecore.Commerce.Plugin.Catalog","ChildCategories":{"$type":"System.Collections.Generic.List`1[[Sitecore.Commerce.Plugin.Catalog.Category, Sitecore.Commerce.Plugin.Catalog]], mscorlib","$values":[]},"CatalogLanguages":{"$type":"System.Collections.Generic.List`1[[Sitecore.Commerce.Core.Language, Sitecore.Commerce.Core]], mscorlib","$values":[]},"ItemDefinition":"","Id":"e06846233eec485f962b1784791cac94","Name":"Habitat_Master","Comments":"","Policies":{"$type":"System.Collections.Generic.List`1[[Sitecore.Commerce.Core.Policy, Sitecore.Commerce.Core]], mscorlib","$values":[]},"ChildComponents":{"$type":"System.Collections.Generic.List`1[[Sitecore.Commerce.Core.Component, Sitecore.Commerce.Core]], mscorlib","$values":[]}}]}},{"$type":"Sitecore.Commerce.Core.MessagesComponent, Sitecore.Commerce.Core","Messages":{"$type":"System.Collections.Generic.List`1[[Sitecore.Commerce.Core.MessageModel, Sitecore.Commerce.Core]], mscorlib","$values":[{"$type":"Sitecore.Commerce.Core.MessageModel, Sitecore.Commerce.Core","Code":"MigrationMessage","Text":"Migrated from category with name='Multigame Subscriptions' in catalog 'Habitat_Master'","Id":"4946aaf2a38f43df92fd1516372d6364"}]},"Id":"180f72dd0178407691c66d4e5b17a377","Name":"","Comments":"","Policies":{"$type":"System.Collections.Generic.List`1[[Sitecore.Commerce.Core.Policy, Sitecore.Commerce.Core]], mscorlib","$values":[]},"ChildComponents":{"$type":"System.Collections.Generic.List`1[[Sitecore.Commerce.Core.Component, Sitecore.Commerce.Core]], mscorlib","$values":[]}},{"$type":"Sitecore.Commerce.Core.LocalizedEntityComponent, Sitecore.Commerce.Core","Entity":{"$type":"Sitecore.Commerce.Core.EntityReference, Sitecore.Commerce.Core","Name":"","EntityTarget":"Entity-LocalizationEntity-23e9e84c5cdd46c8a1c813cb5ad28414","Policies":{"$type":"System.Collections.Generic.List`1[[Sitecore.Commerce.Core.Policy, Sitecore.Commerce.Core]], mscorlib","$values":[]}},"Id":"d407ce2addb74f7bad1e2347963a7fdb","Name":"","Comments":"","Policies":{"$type":"System.Collections.Generic.List`1[[Sitecore.Commerce.Core.Policy, Sitecore.Commerce.Core]], mscorlib","$values":[]},"ChildComponents":{"$type":"System.Collections.Generic.List`1[[Sitecore.Commerce.Core.Component, Sitecore.Commerce.Core]], mscorlib","$values":[]}}]},"DateCreated":"2018-06-12T13:36:21.009222+00:00","DateUpdated":"2017-02-14T22:24:20+00:00","DisplayName":"Multigame Subscriptions","FriendlyId":"Habitat_Master-Multigame Subscriptions","Id":"Entity-Category-Habitat_Master-Multigame Subscriptions","Version":0,"IsPersisted":false,"Name":"Multigame Subscriptions","Policies":{"$type":"System.Collections.Generic.List`1[[Sitecore.Commerce.Core.Policy, Sitecore.Commerce.Core]], mscorlib","$values":[]}},{"$type":"Sitecore.Commerce.Plugin.Catalog.Category, Sitecore.Commerce.Plugin.Catalog","Description":"","SitecoreId":"7199cb3b-5aa3-bc42-5d1b-1accf315d932","ParentCatalogList":"59ddadc1-9b88-727e-9e14-3f6cf321ae0f","ParentCategoryList":"c4623f4f-3167-0ef3-0b8d-d1884233ff53","ChildrenSellableItemList":"744fd05a-43e6-bec7-d364-c258b8dafcae|cf52784e-44cb-d53c-13a6-8ba0464a45a0|c58e6717-ed3f-7b77-f6d1-b48560267936|489bd80f-6a05-98d4-b75f-f984bfe947f3|f1b42e8e-9c63-8a2c-1eae-1f18570b4e5f|5b6250f0-e30a-c1d8-ef7c-7c42ca211896|ecda7c6a-69b5-a90c-a942-7e208129cfd9|0aa3786e-0d7c-ca6c-56d5-279d15730b14|2648e3db-2926-f7c8-f1f4-5e2aa6ff7980|b65fb716-ce99-4fb6-45f1-4e46f2e849a7|da8a841f-ba5a-b3df-2295-3f09b5a58ad8|e3c5ca87-45a8-bc22-5824-a1a9c298bd53|f9506c8e-fde9-9f6b-a653-bcc5bc91b9f5|550118dc-e465-1494-944b-f705246e33a9|ab373121-14e4-293d-1a18-e6e584e2581c|e7e8c70d-5e10-80a4-2610-66468060d023|2dbbfff5-b934-1519-d6e0-af9471471a3a|d601d506-06ad-37df-6232-2f7a43bd5440|3f3db683-d2a0-eb62-21e5-caa4ff670f8d|5b3b2b0b-5856-d428-6fd9-f1c3601eeed5|b891488f-2d73-f299-5fd3-9f0c264a5061|78b946b8-b52a-8de3-297a-aea964685fb8|18fe58ed-5d47-b75f-4494-d73ef166c569|3f89d08d-1634-0fd6-c73f-297da605d6fa|23684343-fccc-b1fa-eba6-b99ae9c0254f|634a63a0-8e2f-f4ea-9a42-980834e1f50c|c7b0e909-fa6c-b9b9-d48e-396b95cb21ad|e37aff75-07ef-e920-3265-8aac9c381624|9fa4d628-1990-50d8-9739-53a10d839e0a|2e6c309a-fc36-e9b2-8b14-bc483fedc436|d11744b4-f059-24bd-85cb-ac2a8c024f86|b28ec849-0388-1aae-9913-455bdbf648b7|c867b273-7cc9-05ab-60e5-3299bf6a1e90|fce95338-71f1-84cf-7639-24619ed5bd4c|4c00e1a5-cad6-0fd5-817d-8ce9ba604c5d|35dcb2bd-d4f6-4ab5-89a2-382b843ac25b|ba4943ef-e3be-ef24-66e8-a9deaad90570|fb444154-f6c5-7321-255e-54f86987eedd|0e1fc0e0-9b9b-a432-191e-ffa3c4cb84dd|fa77157a-d39b-5042-262a-77043afdfde1|dd743c03-c97a-7f11-a167-70a84886e5c7|17e67904-1b7e-58fa-6604-30faff803d3c|5277ea60-d96c-62e5-67b0-4f571e7cf217|cc7daea5-4ac7-963b-a062-93c97109eeeb|fd05d43d-174f-3aa6-b558-96dabb51aa3d|4edc9345-1006-56fd-1d9f-31bc24609a2c|af53ef1f-9503-3b80-a2e6-a63d2c23e233|c7aa44d6-bd31-2a61-4189-64b520a881fd|23ad0751-59e1-c5f0-b49e-163f902e2a5a|b03abc86-c522-3750-46a8-18c59d7d0249|794162ac-2f91-0100-5eed-7d229f251a66|b2dff672-fd86-889b-0b9a-1afb4b78aaa6|178d53b0-43f8-d0aa-5b22-ce66687554a2|290b39f5-9938-17c7-88b9-ceba6a981ccd|a97b6a12-d2ee-a6b3-3a2a-e4a064729431|1a18112e-29ed-dfd5-e384-2727702e5e6c|66bf66ba-5262-3ff0-5fe3-5a3ed022bc65|bd6fafe9-1711-92b8-c7ee-025af2865987|54ba24b5-37d4-a2fd-7cdf-a89b59bf5832|fa7b9558-5cca-08d0-54db-afa21ce18f81|a6dda2ea-cb61-f64b-8acf-96eae4153293|140c8615-ec62-acf7-f399-acc1cc094667|0870a660-b1e0-be83-8528-8e7a136b4eda|80bf831c-b68d-3ab8-48ea-a5a59068f3cf|e74eccc5-1cbb-a984-1b40-7e0de9524712|42aaf399-4feb-6419-2cbb-54cba276d6cf|c0b4bffa-c232-a3be-54e3-a97dd8f0f7dc|1e5a4205-8f01-36ec-414c-f7ec49ae52ab|af182f96-2c66-413b-019a-23a872407a37|d8948a10-ffdf-7425-1cd1-ac4df70690eb|1e49c200-e732-f3bc-9711-8f643e0f3b13|72013579-a5ff-c8eb-ef24-c99129df048a|05ef55d1-4f51-70b4-ec09-831091f34163|439cc42a-5fcf-9d16-36cb-59711334c4cd|dfaadb11-3890-a79a-7f59-4aa60c0c519e|8f48e186-2de0-6396-9ea6-a49155fec45d|cd9e747a-f343-405c-a99b-93280009af3d|8d70acae-367c-4228-4830-ba64b2e4aa62|a3b3a4ce-6730-b76c-4571-9079ee6b2057|1de57fc5-9bc8-aadd-eee6-28a9ff4f2d0a|94b57729-a804-0037-a665-5afeb6f42596|d15a7cca-1004-3c3d-1369-e93e7465b436|7b45eab8-d168-cac1-a394-eb13b0e60510|a41b0f97-ee10-6d53-aee0-927a6ac3b664|b19d5afa-f60e-8cb3-85fe-10f54feb62be|f3e5489a-3b81-f3ed-6e10-e04d91bc8411|622eb3cb-6210-d446-4008-5b7a7b7b4667|96167f8b-a9b6-7246-1da3-68012bbf5baa|d21e0bff-c54c-4c4b-6048-255fcd1d5ac1|aa01e789-83e2-6324-8c90-bec0ec24749e|7af40f40-8f15-1fbd-e643-cf6290e8505d|40c24a90-7fca-2b9c-82f0-86cadc0b363d|5ef8a90c-c7e6-4500-7144-b3262668fbf5|c673c299-04a2-bc3d-411d-4a88f3d13a3e|13cbc0f1-7d9c-4cb6-6487-03dc72572066|58aa656f-ad4a-c05f-2a27-2e1225070a1d|9bacc4e6-0ce0-a79e-de28-041218c7dca5|181864f6-f864-5aa6-ca68-bcb8f10cb9be|de3dca90-eb21-74ef-3b7e-725e0e934a8f|e5526c4b-4e93-f350-7865-796fa779e23f","Components":{"$type":"System.Collections.Generic.List`1[[Sitecore.Commerce.Core.Component, Sitecore.Commerce.Core]], mscorlib","$values":[{"$type":"Sitecore.Commerce.Plugin.Catalog.CatalogsComponent, Sitecore.Commerce.Plugin.Catalog","Id":"e69e4478d99641b5a3d70dabab788bb5","Name":"","Comments":"","Policies":{"$type":"System.Collections.Generic.List`1[[Sitecore.Commerce.Core.Policy, Sitecore.Commerce.Core]], mscorlib","$values":[]},"ChildComponents":{"$type":"System.Collections.Generic.List`1[[Sitecore.Commerce.Core.Component, Sitecore.Commerce.Core]], mscorlib","$values":[{"$type":"Sitecore.Commerce.Plugin.Catalog.CatalogComponent, Sitecore.Commerce.Plugin.Catalog","ChildCategories":{"$type":"System.Collections.Generic.List`1[[Sitecore.Commerce.Plugin.Catalog.Category, Sitecore.Commerce.Plugin.Catalog]], mscorlib","$values":[]},"CatalogLanguages":{"$type":"System.Collections.Generic.List`1[[Sitecore.Commerce.Core.Language, Sitecore.Commerce.Core]], mscorlib","$values":[]},"ItemDefinition":"","Id":"f10e8667a2284a369095405f754b404c","Name":"Habitat_Master","Comments":"","Policies":{"$type":"System.Collections.Generic.List`1[[Sitecore.Commerce.Core.Policy, Sitecore.Commerce.Core]], mscorlib","$values":[]},"ChildComponents":{"$type":"System.Collections.Generic.List`1[[Sitecore.Commerce.Core.Component, Sitecore.Commerce.Core]], mscorlib","$values":[]}}]}},{"$type":"Sitecore.Commerce.Core.MessagesComponent, Sitecore.Commerce.Core","Messages":{"$type":"System.Collections.Generic.List`1[[Sitecore.Commerce.Core.MessageModel, Sitecore.Commerce.Core]], mscorlib","$values":[{"$type":"Sitecore.Commerce.Core.MessageModel, Sitecore.Commerce.Core","Code":"MigrationMessage","Text":"Migrated from category with name='Single Game Subscriptions' in catalog 'Habitat_Master'","Id":"519669eac99b41528957b00c01a7dd74"}]},"Id":"f83bfdc4f6964aac9c1ec9b6102b2528","Name":"","Comments":"","Policies":{"$type":"System.Collections.Generic.List`1[[Sitecore.Commerce.Core.Policy, Sitecore.Commerce.Core]], mscorlib","$values":[]},"ChildComponents":{"$type":"System.Collections.Generic.List`1[[Sitecore.Commerce.Core.Component, Sitecore.Commerce.Core]], mscorlib","$values":[]}},{"$type":"Sitecore.Commerce.Core.LocalizedEntityComponent, Sitecore.Commerce.Core","Entity":{"$type":"Sitecore.Commerce.Core.EntityReference, Sitecore.Commerce.Core","Name":"","EntityTarget":"Entity-LocalizationEntity-b80ca43eabae48beb9809233c5b28514","Policies":{"$type":"System.Collections.Generic.List`1[[Sitecore.Commerce.Core.Policy, Sitecore.Commerce.Core]], mscorlib","$values":[]}},"Id":"f4be69bca80441929b44e2c01fb5d572","Name":"","Comments":"","Policies":{"$type":"System.Collections.Generic.List`1[[Sitecore.Commerce.Core.Policy, Sitecore.Commerce.Core]], mscorlib","$values":[]},"ChildComponents":{"$type":"System.Collections.Generic.List`1[[Sitecore.Commerce.Core.Component, Sitecore.Commerce.Core]], mscorlib","$values":[]}}]},"DateCreated":"2018-06-12T13:36:21.0232266+00:00","DateUpdated":"2017-02-14T22:24:20+00:00","DisplayName":"Single Game Subscriptions","FriendlyId":"Habitat_Master-Single Game Subscriptions","Id":"Entity-Category-Habitat_Master-Single Game Subscriptions","Version":0,"IsPersisted":false,"Name":"Single Game Subscriptions","Policies":{"$type":"System.Collections.Generic.List`1[[Sitecore.Commerce.Core.Policy, Sitecore.Commerce.Core]], mscorlib","$values":[]}},{"$type":"Sitecore.Commerce.Plugin.Catalog.Category, Sitecore.Commerce.Plugin.Catalog","Description":"","SitecoreId":"6caac735-ab5e-f522-7e4a-7be69ae08c74","ParentCatalogList":"59ddadc1-9b88-727e-9e14-3f6cf321ae0f","ParentCategoryList":"b893c063-6238-ed57-700d-72862c56038d","ChildrenCategoryList":"2756e34f-fa94-26df-dfa4-ba3a90e52cff|40efade8-f239-f66d-a290-1df10892b81d","ChildrenSellableItemList":"73ad9c55-def7-c1ff-5efc-cb3e9c74d101|8478f567-f27e-1a2e-bb2a-c8de12931e64","Components":{"$type":"System.Collections.Generic.List`1[[Sitecore.Commerce.Core.Component, Sitecore.Commerce.Core]], mscorlib","$values":[{"$type":"Sitecore.Commerce.Plugin.Catalog.CatalogsComponent, Sitecore.Commerce.Plugin.Catalog","Id":"25880d7a810347ea8207c98f2c7995f0","Name":"","Comments":"","Policies":{"$type":"System.Collections.Generic.List`1[[Sitecore.Commerce.Core.Policy, Sitecore.Commerce.Core]], mscorlib","$values":[]},"ChildComponents":{"$type":"System.Collections.Generic.List`1[[Sitecore.Commerce.Core.Component, Sitecore.Commerce.Core]], mscorlib","$values":[{"$type":"Sitecore.Commerce.Plugin.Catalog.CatalogComponent, Sitecore.Commerce.Plugin.Catalog","ChildCategories":{"$type":"System.Collections.Generic.List`1[[Sitecore.Commerce.Plugin.Catalog.Category, Sitecore.Commerce.Plugin.Catalog]], mscorlib","$values":[]},"CatalogLanguages":{"$type":"System.Collections.Generic.List`1[[Sitecore.Commerce.Core.Language, Sitecore.Commerce.Core]], mscorlib","$values":[]},"ItemDefinition":"","Id":"9ba5a714b5eb44949ab96e1d62f7eb59","Name":"Habitat_Master","Comments":"","Policies":{"$type":"System.Collections.Generic.List`1[[Sitecore.Commerce.Core.Policy, Sitecore.Commerce.Core]], mscorlib","$values":[]},"ChildComponents":{"$type":"System.Collections.Generic.List`1[[Sitecore.Commerce.Core.Component, Sitecore.Commerce.Core]], mscorlib","$values":[]}}]}},{"$type":"Sitecore.Commerce.Core.MessagesComponent, Sitecore.Commerce.Core","Messages":{"$type":"System.Collections.Generic.List`1[[Sitecore.Commerce.Core.MessageModel, Sitecore.Commerce.Core]], mscorlib","$values":[{"$type":"Sitecore.Commerce.Core.MessageModel, Sitecore.Commerce.Core","Code":"MigrationMessage","Text":"Migrated from category with name='eGift Cards and Gift Wrapping' in catalog 'Habitat_Master'","Id":"e9fc3fcadcfa479f88189c97d05148e6"}]},"Id":"4b12abefdd7c4be1908561947a70d890","Name":"","Comments":"","Policies":{"$type":"System.Collections.Generic.List`1[[Sitecore.Commerce.Core.Policy, Sitecore.Commerce.Core]], mscorlib","$values":[]},"ChildComponents":{"$type":"System.Collections.Generic.List`1[[Sitecore.Commerce.Core.Component, Sitecore.Commerce.Core]], mscorlib","$values":[]}},{"$type":"Sitecore.Commerce.Core.LocalizedEntityComponent, Sitecore.Commerce.Core","Entity":{"$type":"Sitecore.Commerce.Core.EntityReference, Sitecore.Commerce.Core","Name":"","EntityTarget":"Entity-LocalizationEntity-8750e6cce7ea4d8fb496bb92841b8604","Policies":{"$type":"System.Collections.Generic.List`1[[Sitecore.Commerce.Core.Policy, Sitecore.Commerce.Core]], mscorlib","$values":[]}},"Id":"ba95f922ea734f9991bf3b4d8814980e","Name":"","Comments":"","Policies":{"$type":"System.Collections.Generic.List`1[[Sitecore.Commerce.Core.Policy, Sitecore.Commerce.Core]], mscorlib","$values":[]},"ChildComponents":{"$type":"System.Collections.Generic.List`1[[Sitecore.Commerce.Core.Component, Sitecore.Commerce.Core]], mscorlib","$values":[]}}]},"DateCreated":"2018-06-12T13:36:21.3272547+00:00","DateUpdated":"2017-02-14T22:24:24+00:00","DisplayName":"eGift Cards and Gift Wrapping","FriendlyId":"Habitat_Master-eGift Cards and Gift Wrapping","Id":"Entity-Category-Habitat_Master-eGift Cards and Gift Wrapping","Version":0,"IsPersisted":false,"Name":"eGift Cards and Gift Wrapping","Policies":{"$type":"System.Collections.Generic.List`1[[Sitecore.Commerce.Core.Policy, Sitecore.Commerce.Core]], mscorlib","$values":[]}},{"$type":"Sitecore.Commerce.Plugin.Catalog.Category, Sitecore.Commerce.Plugin.Catalog","Description":"","SitecoreId":"2756e34f-fa94-26df-dfa4-ba3a90e52cff","ParentCatalogList":"59ddadc1-9b88-727e-9e14-3f6cf321ae0f","ParentCategoryList":"6caac735-ab5e-f522-7e4a-7be69ae08c74","ChildrenSellableItemList":"73ad9c55-def7-c1ff-5efc-cb3e9c74d101","Components":{"$type":"System.Collections.Generic.List`1[[Sitecore.Commerce.Core.Component, Sitecore.Commerce.Core]], mscorlib","$values":[{"$type":"Sitecore.Commerce.Plugin.Catalog.CatalogsComponent, Sitecore.Commerce.Plugin.Catalog","Id":"72f4a30e398043438e6ec8d031f6ff25","Name":"","Comments":"","Policies":{"$type":"System.Collections.Generic.List`1[[Sitecore.Commerce.Core.Policy, Sitecore.Commerce.Core]], mscorlib","$values":[]},"ChildComponents":{"$type":"System.Collections.Generic.List`1[[Sitecore.Commerce.Core.Component, Sitecore.Commerce.Core]], mscorlib","$values":[{"$type":"Sitecore.Commerce.Plugin.Catalog.CatalogComponent, Sitecore.Commerce.Plugin.Catalog","ChildCategories":{"$type":"System.Collections.Generic.List`1[[Sitecore.Commerce.Plugin.Catalog.Category, Sitecore.Commerce.Plugin.Catalog]], mscorlib","$values":[]},"CatalogLanguages":{"$type":"System.Collections.Generic.List`1[[Sitecore.Commerce.Core.Language, Sitecore.Commerce.Core]], mscorlib","$values":[]},"ItemDefinition":"","Id":"7c71c9fb4556491da2e4959f2a6fc225","Name":"Habitat_Master","Comments":"","Policies":{"$type":"System.Collections.Generic.List`1[[Sitecore.Commerce.Core.Policy, Sitecore.Commerce.Core]], mscorlib","$values":[]},"ChildComponents":{"$type":"System.Collections.Generic.List`1[[Sitecore.Commerce.Core.Component, Sitecore.Commerce.Core]], mscorlib","$values":[]}}]}},{"$type":"Sitecore.Commerce.Core.MessagesComponent, Sitecore.Commerce.Core","Messages":{"$type":"System.Collections.Generic.List`1[[Sitecore.Commerce.Core.MessageModel, Sitecore.Commerce.Core]], mscorlib","$values":[{"$type":"Sitecore.Commerce.Core.MessageModel, Sitecore.Commerce.Core","Code":"MigrationMessage","Text":"Migrated from category with name='Gift Cards' in catalog 'Habitat_Master'","Id":"6db372780c0346c1b788ddbfab97ec58"}]},"Id":"8d38886ef74c470b90adfff4ff8c9884","Name":"","Comments":"","Policies":{"$type":"System.Collections.Generic.List`1[[Sitecore.Commerce.Core.Policy, Sitecore.Commerce.Core]], mscorlib","$values":[]},"ChildComponents":{"$type":"System.Collections.Generic.List`1[[Sitecore.Commerce.Core.Component, Sitecore.Commerce.Core]], mscorlib","$values":[]}},{"$type":"Sitecore.Commerce.Core.LocalizedEntityComponent, Sitecore.Commerce.Core","Entity":{"$type":"Sitecore.Commerce.Core.EntityReference, Sitecore.Commerce.Core","Name":"","EntityTarget":"Entity-LocalizationEntity-ae644747fda241c1a650369df5244960","Policies":{"$type":"System.Collections.Generic.List`1[[Sitecore.Commerce.Core.Policy, Sitecore.Commerce.Core]], mscorlib","$values":[]}},"Id":"51169ac2dcd6486489df821b92324e97","Name":"","Comments":"","Policies":{"$type":"System.Collections.Generic.List`1[[Sitecore.Commerce.Core.Policy, Sitecore.Commerce.Core]], mscorlib","$values":[]},"ChildComponents":{"$type":"System.Collections.Generic.List`1[[Sitecore.Commerce.Core.Component, Sitecore.Commerce.Core]], mscorlib","$values":[]}}]},"DateCreated":"2018-06-12T13:36:21.3282509+00:00","DateUpdated":"2017-02-14T22:24:24+00:00","DisplayName":"Gift Cards","FriendlyId":"Habitat_Master-Gift Cards","Id":"Entity-Category-Habitat_Master-Gift Cards","Version":0,"IsPersisted":false,"Name":"Gift Cards","Policies":{"$type":"System.Collections.Generic.List`1[[Sitecore.Commerce.Core.Policy, Sitecore.Commerce.Core]], mscorlib","$values":[]}},{"$type":"Sitecore.Commerce.Plugin.Catalog.Category, Sitecore.Commerce.Plugin.Catalog","Description":"","SitecoreId":"40efade8-f239-f66d-a290-1df10892b81d","ParentCatalogList":"59ddadc1-9b88-727e-9e14-3f6cf321ae0f","ParentCategoryList":"6caac735-ab5e-f522-7e4a-7be69ae08c74","ChildrenSellableItemList":"8478f567-f27e-1a2e-bb2a-c8de12931e64","Components":{"$type":"System.Collections.Generic.List`1[[Sitecore.Commerce.Core.Component, Sitecore.Commerce.Core]], mscorlib","$values":[{"$type":"Sitecore.Commerce.Plugin.Catalog.CatalogsComponent, Sitecore.Commerce.Plugin.Catalog","Id":"05003b5b08824732bd39ab07f282fab7","Name":"","Comments":"","Policies":{"$type":"System.Collections.Generic.List`1[[Sitecore.Commerce.Core.Policy, Sitecore.Commerce.Core]], mscorlib","$values":[]},"ChildComponents":{"$type":"System.Collections.Generic.List`1[[Sitecore.Commerce.Core.Component, Sitecore.Commerce.Core]], mscorlib","$values":[{"$type":"Sitecore.Commerce.Plugin.Catalog.CatalogComponent, Sitecore.Commerce.Plugin.Catalog","ChildCategories":{"$type":"System.Collections.Generic.List`1[[Sitecore.Commerce.Plugin.Catalog.Category, Sitecore.Commerce.Plugin.Catalog]], mscorlib","$values":[]},"CatalogLanguages":{"$type":"System.Collections.Generic.List`1[[Sitecore.Commerce.Core.Language, Sitecore.Commerce.Core]], mscorlib","$values":[]},"ItemDefinition":"","Id":"4c9a6d25e4f44d9786bd684163dac321","Name":"Habitat_Master","Comments":"","Policies":{"$type":"System.Collections.Generic.List`1[[Sitecore.Commerce.Core.Policy, Sitecore.Commerce.Core]], mscorlib","$values":[]},"ChildComponents":{"$type":"System.Collections.Generic.List`1[[Sitecore.Commerce.Core.Component, Sitecore.Commerce.Core]], mscorlib","$values":[]}}]}},{"$type":"Sitecore.Commerce.Core.MessagesComponent, Sitecore.Commerce.Core","Messages":{"$type":"System.Collections.Generic.List`1[[Sitecore.Commerce.Core.MessageModel, Sitecore.Commerce.Core]], mscorlib","$values":[{"$type":"Sitecore.Commerce.Core.MessageModel, Sitecore.Commerce.Core","Code":"MigrationMessage","Text":"Migrated from category with name='Gift Wrapping' in catalog 'Habitat_Master'","Id":"3c323f8e20b5421b937b3e0e041bb722"}]},"Id":"b01a2bbcf22b43d494fb3e605e5552a6","Name":"","Comments":"","Policies":{"$type":"System.Collections.Generic.List`1[[Sitecore.Commerce.Core.Policy, Sitecore.Commerce.Core]], mscorlib","$values":[]},"ChildComponents":{"$type":"System.Collections.Generic.List`1[[Sitecore.Commerce.Core.Component, Sitecore.Commerce.Core]], mscorlib","$values":[]}},{"$type":"Sitecore.Commerce.Core.LocalizedEntityComponent, Sitecore.Commerce.Core","Entity":{"$type":"Sitecore.Commerce.Core.EntityReference, Sitecore.Commerce.Core","Name":"","EntityTarget":"Entity-LocalizationEntity-199c42958a27482d9ed6ee6be29df101","Policies":{"$type":"System.Collections.Generic.List`1[[Sitecore.Commerce.Core.Policy, Sitecore.Commerce.Core]], mscorlib","$values":[]}},"Id":"258e5d9889d14f2786722de8f871bfe9","Name":"","Comments":"","Policies":{"$type":"System.Collections.Generic.List`1[[Sitecore.Commerce.Core.Policy, Sitecore.Commerce.Core]], mscorlib","$values":[]},"ChildComponents":{"$type":"System.Collections.Generic.List`1[[Sitecore.Commerce.Core.Component, Sitecore.Commerce.Core]], mscorlib","$values":[]}}]},"DateCreated":"2018-06-12T13:36:21.3322586+00:00","DateUpdated":"2017-02-14T22:24:24+00:00","DisplayName":"Gift Wrapping","FriendlyId":"Habitat_Master-Gift Wrapping","Id":"Entity-Category-Habitat_Master-Gift Wrapping","Version":0,"IsPersisted":false,"Name":"Gift Wrapping","Policies":{"$type":"System.Collections.Generic.List`1[[Sitecore.Commerce.Core.Policy, Sitecore.Commerce.Core]], mscorlib","$values":[]}},{"$type":"Sitecore.Commerce.Plugin.Catalog.Category, Sitecore.Commerce.Plugin.Catalog","Description":"","SitecoreId":"0bde885c-c3aa-7bf3-9cab-d93a2af168ac","ParentCatalogList":"59ddadc1-9b88-727e-9e14-3f6cf321ae0f","ParentCategoryList":"b893c063-6238-ed57-700d-72862c56038d","ChildrenCategoryList":"e2976897-b231-4f6e-9c8c-7ad1e22fb72b|9f7b4376-1be2-bd1e-a25d-e16643463fe4|56e3457d-b331-5cbb-d9ec-fd203acf1c67|91a2e033-4012-84a6-9ddd-2a152dec3a93|9008b511-7815-fda8-5a83-927bbf70cabf|a63cb0d6-7a96-0b2f-9661-a2e553426fe3|b52c9c73-fd59-42ae-ccee-9cbeb8de56fe","ChildrenSellableItemList":"8fd88e39-5060-b596-dd58-662f127e9c50|a7303a1a-3202-0b42-2ed9-42fa39e8db63|e3369abf-11e1-4557-d36f-226b08e3eaf5|cca13143-e2c1-5229-9fcb-3ecd5b354e22|009d78c5-9ead-1870-3b30-2ea53b1fe1f6|6542de23-a8ec-14f3-34bd-24e1ba871aa2|94f5cb54-f9b6-6a65-62f2-d2010f34e97d|5482fce9-e303-16d9-3e50-403085f849be|b7e272e7-c42a-d9fd-de88-b66a656c9992|1dcc6bf7-d4ea-a1b1-b6f8-18eadb2f1c1e|9ae94605-0ebf-d7f3-5d1a-f9cfc4b11bb7|580b4d59-a8bb-b1aa-444b-2eac02b7c499|b8538140-e5ba-7a98-2ce0-a163250b44a2|e68aa9e1-17c3-979c-a342-eb1a4244715d|1fd573ea-7783-c1c2-e485-df0817714d9b|e20ca9e6-b960-8d67-234c-5767aaa5eabe|c7350f52-46aa-053e-8b55-b8ed87998963|ebc29fe6-4267-63a6-1937-0ba9d2e49d45|ba43e783-0a8b-9993-426c-2c015afcf757|931257e3-c8c8-fe74-5e2c-aeb2da8605c3|549ae913-4e27-9136-1448-f375584f8341|c30e55d5-cb68-a6e5-ce53-33625862df45|32502e5d-b5f6-2de0-8d79-fe17bbd1a832|4390359d-ce17-a05d-0c41-e6dc213db146|0a4138cd-50f9-72ae-529a-af6ca4cab4cf|cd4336a2-5576-1b29-021f-32a027daa48e|2522b5c6-b311-4c6e-da52-2b55ed26cbae|bdb58646-a31c-9723-be78-d748a1f4567d|21562aa1-4559-11db-4961-6256ed391030","Components":{"$type":"System.Collections.Generic.List`1[[Sitecore.Commerce.Core.Component, Sitecore.Commerce.Core]], mscorlib","$values":[{"$type":"Sitecore.Commerce.Plugin.Catalog.CatalogsComponent, Sitecore.Commerce.Plugin.Catalog","Id":"3395239714f84bbe9f1394de787a96b6","Name":"","Comments":"","Policies":{"$type":"System.Collections.Generic.List`1[[Sitecore.Commerce.Core.Policy, Sitecore.Commerce.Core]], mscorlib","$values":[]},"ChildComponents":{"$type":"System.Collections.Generic.List`1[[Sitecore.Commerce.Core.Component, Sitecore.Commerce.Core]], mscorlib","$values":[{"$type":"Sitecore.Commerce.Plugin.Catalog.CatalogComponent, Sitecore.Commerce.Plugin.Catalog","ChildCategories":{"$type":"System.Collections.Generic.List`1[[Sitecore.Commerce.Plugin.Catalog.Category, Sitecore.Commerce.Plugin.Catalog]], mscorlib","$values":[]},"CatalogLanguages":{"$type":"System.Collections.Generic.List`1[[Sitecore.Commerce.Core.Language, Sitecore.Commerce.Core]], mscorlib","$values":[]},"ItemDefinition":"","Id":"e76a4a2255584af29c0449b8cb90de97","Name":"Habitat_Master","Comments":"","Policies":{"$type":"System.Collections.Generic.List`1[[Sitecore.Commerce.Core.Policy, Sitecore.Commerce.Core]], mscorlib","$values":[]},"ChildComponents":{"$type":"System.Collections.Generic.List`1[[Sitecore.Commerce.Core.Component, Sitecore.Commerce.Core]], mscorlib","$values":[]}}]}},{"$type":"Sitecore.Commerce.Core.MessagesComponent, Sitecore.Commerce.Core","Messages":{"$type":"System.Collections.Generic.List`1[[Sitecore.Commerce.Core.MessageModel, Sitecore.Commerce.Core]], mscorlib","$values":[{"$type":"Sitecore.Commerce.Core.MessageModel, Sitecore.Commerce.Core","Code":"MigrationMessage","Text":"Migrated from category with name='Health, Beauty and Fitness' in catalog 'Habitat_Master'","Id":"7f1f4fdf79ca48a7a46f2c091cc26a3d"}]},"Id":"5431dde4bc27467c85c4053fe73654d9","Name":"","Comments":"","Policies":{"$type":"System.Collections.Generic.List`1[[Sitecore.Commerce.Core.Policy, Sitecore.Commerce.Core]], mscorlib","$values":[]},"ChildComponents":{"$type":"System.Collections.Generic.List`1[[Sitecore.Commerce.Core.Component, Sitecore.Commerce.Core]], mscorlib","$values":[]}},{"$type":"Sitecore.Commerce.Core.LocalizedEntityComponent, Sitecore.Commerce.Core","Entity":{"$type":"Sitecore.Commerce.Core.EntityReference, Sitecore.Commerce.Core","Name":"","EntityTarget":"Entity-LocalizationEntity-1ee279a643c94d5fb89d7352fec4a755","Policies":{"$type":"System.Collections.Generic.List`1[[Sitecore.Commerce.Core.Policy, Sitecore.Commerce.Core]], mscorlib","$values":[]}},"Id":"cd8408d8fac64c8f92b5222b2d40bb7c","Name":"","Comments":"","Policies":{"$type":"System.Collections.Generic.List`1[[Sitecore.Commerce.Core.Policy, Sitecore.Commerce.Core]], mscorlib","$values":[]},"ChildComponents":{"$type":"System.Collections.Generic.List`1[[Sitecore.Commerce.Core.Component, Sitecore.Commerce.Core]], mscorlib","$values":[]}}]},"DateCreated":"2018-06-12T13:36:21.3362613+00:00","DateUpdated":"2017-02-14T22:24:24+00:00","DisplayName":"Health, Beauty and Fitness","FriendlyId":"Habitat_Master-Health  Beauty and Fitness","Id":"Entity-Category-Habitat_Master-Health  Beauty and Fitness","Version":0,"IsPersisted":false,"Name":"Health  Beauty and Fitness","Policies":{"$type":"System.Collections.Generic.List`1[[Sitecore.Commerce.Core.Policy, Sitecore.Commerce.Core]], mscorlib","$values":[]}},{"$type":"Sitecore.Commerce.Plugin.Catalog.Category, Sitecore.Commerce.Plugin.Catalog","Description":"","SitecoreId":"e2976897-b231-4f6e-9c8c-7ad1e22fb72b","ParentCatalogList":"59ddadc1-9b88-727e-9e14-3f6cf321ae0f","ParentCategoryList":"0bde885c-c3aa-7bf3-9cab-d93a2af168ac","ChildrenSellableItemList":"8fd88e39-5060-b596-dd58-662f127e9c50|a7303a1a-3202-0b42-2ed9-42fa39e8db63|e3369abf-11e1-4557-d36f-226b08e3eaf5|cca13143-e2c1-5229-9fcb-3ecd5b354e22|009d78c5-9ead-1870-3b30-2ea53b1fe1f6|6542de23-a8ec-14f3-34bd-24e1ba871aa2|94f5cb54-f9b6-6a65-62f2-d2010f34e97d","Components":{"$type":"System.Collections.Generic.List`1[[Sitecore.Commerce.Core.Component, Sitecore.Commerce.Core]], mscorlib","$values":[{"$type":"Sitecore.Commerce.Plugin.Catalog.CatalogsComponent, Sitecore.Commerce.Plugin.Catalog","Id":"729596f8fe524cb4be7f36695174c001","Name":"","Comments":"","Policies":{"$type":"System.Collections.Generic.List`1[[Sitecore.Commerce.Core.Policy, Sitecore.Commerce.Core]], mscorlib","$values":[]},"ChildComponents":{"$type":"System.Collections.Generic.List`1[[Sitecore.Commerce.Core.Component, Sitecore.Commerce.Core]], mscorlib","$values":[{"$type":"Sitecore.Commerce.Plugin.Catalog.CatalogComponent, Sitecore.Commerce.Plugin.Catalog","ChildCategories":{"$type":"System.Collections.Generic.List`1[[Sitecore.Commerce.Plugin.Catalog.Category, Sitecore.Commerce.Plugin.Catalog]], mscorlib","$values":[]},"CatalogLanguages":{"$type":"System.Collections.Generic.List`1[[Sitecore.Commerce.Core.Language, Sitecore.Commerce.Core]], mscorlib","$values":[]},"ItemDefinition":"","Id":"fa968e44ab95430c8cd0473934f882c8","Name":"Habitat_Master","Comments":"","Policies":{"$type":"System.Collections.Generic.List`1[[Sitecore.Commerce.Core.Policy, Sitecore.Commerce.Core]], mscorlib","$values":[]},"ChildComponents":{"$type":"System.Collections.Generic.List`1[[Sitecore.Commerce.Core.Component, Sitecore.Commerce.Core]], mscorlib","$values":[]}}]}},{"$type":"Sitecore.Commerce.Core.MessagesComponent, Sitecore.Commerce.Core","Messages":{"$type":"System.Collections.Generic.List`1[[Sitecore.Commerce.Core.MessageModel, Sitecore.Commerce.Core]], mscorlib","$values":[{"$type":"Sitecore.Commerce.Core.MessageModel, Sitecore.Commerce.Core","Code":"MigrationMessage","Text":"Migrated from category with name='Fitness/Activity Trackers' in catalog 'Habitat_Master'","Id":"70dd652f41034d72bc3bc58cd84bdc09"}]},"Id":"553db6306d24417fb61fc4371054481f","Name":"","Comments":"","Policies":{"$type":"System.Collections.Generic.List`1[[Sitecore.Commerce.Core.Policy, Sitecore.Commerce.Core]], mscorlib","$values":[]},"ChildComponents":{"$type":"System.Collections.Generic.List`1[[Sitecore.Commerce.Core.Component, Sitecore.Commerce.Core]], mscorlib","$values":[]}},{"$type":"Sitecore.Commerce.Core.LocalizedEntityComponent, Sitecore.Commerce.Core","Entity":{"$type":"Sitecore.Commerce.Core.EntityReference, Sitecore.Commerce.Core","Name":"","EntityTarget":"Entity-LocalizationEntity-e25c26307efc4db8b3d7504e37985ec9","Policies":{"$type":"System.Collections.Generic.List`1[[Sitecore.Commerce.Core.Policy, Sitecore.Commerce.Core]], mscorlib","$values":[]}},"Id":"439010f8465a4b909e6792ae95f958f6","Name":"","Comments":"","Policies":{"$type":"System.Collections.Generic.List`1[[Sitecore.Commerce.Core.Policy, Sitecore.Commerce.Core]], mscorlib","$values":[]},"ChildComponents":{"$type":"System.Collections.Generic.List`1[[Sitecore.Commerce.Core.Component, Sitecore.Commerce.Core]], mscorlib","$values":[]}}]},"DateCreated":"2018-06-12T13:36:21.3372549+00:00","DateUpdated":"2017-02-14T22:24:24+00:00","DisplayName":"Fitness/Activity Trackers","FriendlyId":"Habitat_Master-Fitness Activity Trackers","Id":"Entity-Category-Habitat_Master-Fitness Activity Trackers","Version":0,"IsPersisted":false,"Name":"Fitness Activity Trackers","Policies":{"$type":"System.Collections.Generic.List`1[[Sitecore.Commerce.Core.Policy, Sitecore.Commerce.Core]], mscorlib","$values":[]}},{"$type":"Sitecore.Commerce.Plugin.Catalog.Category, Sitecore.Commerce.Plugin.Catalog","Description":"","SitecoreId":"9f7b4376-1be2-bd1e-a25d-e16643463fe4","ParentCatalogList":"59ddadc1-9b88-727e-9e14-3f6cf321ae0f","ParentCategoryList":"0bde885c-c3aa-7bf3-9cab-d93a2af168ac","ChildrenSellableItemList":"5482fce9-e303-16d9-3e50-403085f849be|b7e272e7-c42a-d9fd-de88-b66a656c9992|1dcc6bf7-d4ea-a1b1-b6f8-18eadb2f1c1e|9ae94605-0ebf-d7f3-5d1a-f9cfc4b11bb7","Components":{"$type":"System.Collections.Generic.List`1[[Sitecore.Commerce.Core.Component, Sitecore.Commerce.Core]], mscorlib","$values":[{"$type":"Sitecore.Commerce.Plugin.Catalog.CatalogsComponent, Sitecore.Commerce.Plugin.Catalog","Id":"1b3f2faea28841e79032f9e5f0b2ebe0","Name":"","Comments":"","Policies":{"$type":"System.Collections.Generic.List`1[[Sitecore.Commerce.Core.Policy, Sitecore.Commerce.Core]], mscorlib","$values":[]},"ChildComponents":{"$type":"System.Collections.Generic.List`1[[Sitecore.Commerce.Core.Component, Sitecore.Commerce.Core]], mscorlib","$values":[{"$type":"Sitecore.Commerce.Plugin.Catalog.CatalogComponent, Sitecore.Commerce.Plugin.Catalog","ChildCategories":{"$type":"System.Collections.Generic.List`1[[Sitecore.Commerce.Plugin.Catalog.Category, Sitecore.Commerce.Plugin.Catalog]], mscorlib","$values":[]},"CatalogLanguages":{"$type":"System.Collections.Generic.List`1[[Sitecore.Commerce.Core.Language, Sitecore.Commerce.Core]], mscorlib","$values":[]},"ItemDefinition":"","Id":"707aa6d4d3a74b02860cd2f5a40ce811","Name":"Habitat_Master","Comments":"","Policies":{"$type":"System.Collections.Generic.List`1[[Sitecore.Commerce.Core.Policy, Sitecore.Commerce.Core]], mscorlib","$values":[]},"ChildComponents":{"$type":"System.Collections.Generic.List`1[[Sitecore.Commerce.Core.Component, Sitecore.Commerce.Core]], mscorlib","$values":[]}}]}},{"$type":"Sitecore.Commerce.Core.MessagesComponent, Sitecore.Commerce.Core","Messages":{"$type":"System.Collections.Generic.List`1[[Sitecore.Commerce.Core.MessageModel, Sitecore.Commerce.Core]], mscorlib","$values":[{"$type":"Sitecore.Commerce.Core.MessageModel, Sitecore.Commerce.Core","Code":"MigrationMessage","Text":"Migrated from category with name='Digital Subscriptions' in catalog 'Habitat_Master'","Id":"5a159a68ae604cb0bd0cbfd8375e5b18"}]},"Id":"7bf617a477a2414392c889a1b45912a6","Name":"","Comments":"","Policies":{"$type":"System.Collections.Generic.List`1[[Sitecore.Commerce.Core.Policy, Sitecore.Commerce.Core]], mscorlib","$values":[]},"ChildComponents":{"$type":"System.Collections.Generic.List`1[[Sitecore.Commerce.Core.Component, Sitecore.Commerce.Core]], mscorlib","$values":[]}},{"$type":"Sitecore.Commerce.Core.LocalizedEntityComponent, Sitecore.Commerce.Core","Entity":{"$type":"Sitecore.Commerce.Core.EntityReference, Sitecore.Commerce.Core","Name":"","EntityTarget":"Entity-LocalizationEntity-3f23087c6a3b4460a04fd9851ae33f56","Policies":{"$type":"System.Collections.Generic.List`1[[Sitecore.Commerce.Core.Policy, Sitecore.Commerce.Core]], mscorlib","$values":[]}},"Id":"a549bce725bd4a2ebb115b6750123dbb","Name":"","Comments":"","Policies":{"$type":"System.Collections.Generic.List`1[[Sitecore.Commerce.Core.Policy, Sitecore.Commerce.Core]], mscorlib","$values":[]},"ChildComponents":{"$type":"System.Collections.Generic.List`1[[Sitecore.Commerce.Core.Component, Sitecore.Commerce.Core]], mscorlib","$values":[]}}]},"DateCreated":"2018-06-12T13:36:21.3562545+00:00","DateUpdated":"2017-02-14T22:24:25+00:00","DisplayName":"Digital Subscriptions","FriendlyId":"Habitat_Master-Digital Subscriptions","Id":"Entity-Category-Habitat_Master-Digital Subscriptions","Version":0,"IsPersisted":false,"Name":"Digital Subscriptions","Policies":{"$type":"System.Collections.Generic.List`1[[Sitecore.Commerce.Core.Policy, Sitecore.Commerce.Core]], mscorlib","$values":[]}},{"$type":"Sitecore.Commerce.Plugin.Catalog.Category, Sitecore.Commerce.Plugin.Catalog","Description":"","SitecoreId":"56e3457d-b331-5cbb-d9ec-fd203acf1c67","ParentCatalogList":"59ddadc1-9b88-727e-9e14-3f6cf321ae0f","ParentCategoryList":"0bde885c-c3aa-7bf3-9cab-d93a2af168ac","ChildrenSellableItemList":"580b4d59-a8bb-b1aa-444b-2eac02b7c499|b8538140-e5ba-7a98-2ce0-a163250b44a2|e68aa9e1-17c3-979c-a342-eb1a4244715d|1fd573ea-7783-c1c2-e485-df0817714d9b|e20ca9e6-b960-8d67-234c-5767aaa5eabe|c7350f52-46aa-053e-8b55-b8ed87998963|ebc29fe6-4267-63a6-1937-0ba9d2e49d45","Components":{"$type":"System.Collections.Generic.List`1[[Sitecore.Commerce.Core.Component, Sitecore.Commerce.Core]], mscorlib","$values":[{"$type":"Sitecore.Commerce.Plugin.Catalog.CatalogsComponent, Sitecore.Commerce.Plugin.Catalog","Id":"126716b73335440e88dddfeebada4d6b","Name":"","Comments":"","Policies":{"$type":"System.Collections.Generic.List`1[[Sitecore.Commerce.Core.Policy, Sitecore.Commerce.Core]], mscorlib","$values":[]},"ChildComponents":{"$type":"System.Collections.Generic.List`1[[Sitecore.Commerce.Core.Component, Sitecore.Commerce.Core]], mscorlib","$values":[{"$type":"Sitecore.Commerce.Plugin.Catalog.CatalogComponent, Sitecore.Commerce.Plugin.Catalog","ChildCategories":{"$type":"System.Collections.Generic.List`1[[Sitecore.Commerce.Plugin.Catalog.Category, Sitecore.Commerce.Plugin.Catalog]], mscorlib","$values":[]},"CatalogLanguages":{"$type":"System.Collections.Generic.List`1[[Sitecore.Commerce.Core.Language, Sitecore.Commerce.Core]], mscorlib","$values":[]},"ItemDefinition":"","Id":"0df6151173a74af2bc1f397fc6593999","Name":"Habitat_Master","Comments":"","Policies":{"$type":"System.Collections.Generic.List`1[[Sitecore.Commerce.Core.Policy, Sitecore.Commerce.Core]], mscorlib","$values":[]},"ChildComponents":{"$type":"System.Collections.Generic.List`1[[Sitecore.Commerce.Core.Component, Sitecore.Commerce.Core]], mscorlib","$values":[]}}]}},{"$type":"Sitecore.Commerce.Core.MessagesComponent, Sitecore.Commerce.Core","Messages":{"$type":"System.Collections.Generic.List`1[[Sitecore.Commerce.Core.MessageModel, Sitecore.Commerce.Core]], mscorlib","$values":[{"$type":"Sitecore.Commerce.Core.MessageModel, Sitecore.Commerce.Core","Code":"MigrationMessage","Text":"Migrated from category with name='Smart Sports Equipment' in catalog 'Habitat_Master'","Id":"a870f0963b94425782827ee9c4bca817"}]},"Id":"bd922abfe0f447c493571d17601f1e2c","Name":"","Comments":"","Policies":{"$type":"System.Collections.Generic.List`1[[Sitecore.Commerce.Core.Policy, Sitecore.Commerce.Core]], mscorlib","$values":[]},"ChildComponents":{"$type":"System.Collections.Generic.List`1[[Sitecore.Commerce.Core.Component, Sitecore.Commerce.Core]], mscorlib","$values":[]}},{"$type":"Sitecore.Commerce.Core.LocalizedEntityComponent, Sitecore.Commerce.Core","Entity":{"$type":"Sitecore.Commerce.Core.EntityReference, Sitecore.Commerce.Core","Name":"","EntityTarget":"Entity-LocalizationEntity-7f4f207da60648c28e1df6a675bc76cd","Policies":{"$type":"System.Collections.Generic.List`1[[Sitecore.Commerce.Core.Policy, Sitecore.Commerce.Core]], mscorlib","$values":[]}},"Id":"8e5f09a6cdf94143b9340e7e0365e8ab","Name":"","Comments":"","Policies":{"$type":"System.Collections.Generic.List`1[[Sitecore.Commerce.Core.Policy, Sitecore.Commerce.Core]], mscorlib","$values":[]},"ChildComponents":{"$type":"System.Collections.Generic.List`1[[Sitecore.Commerce.Core.Component, Sitecore.Commerce.Core]], mscorlib","$values":[]}}]},"DateCreated":"2018-06-12T13:36:21.3682543+00:00","DateUpdated":"2017-02-14T22:24:25+00:00","DisplayName":"Smart Sports Equipment","FriendlyId":"Habitat_Master-Smart Sports Equipment","Id":"Entity-Category-Habitat_Master-Smart Sports Equipment","Version":0,"IsPersisted":false,"Name":"Smart Sports Equipment","Policies":{"$type":"System.Collections.Generic.List`1[[Sitecore.Commerce.Core.Policy, Sitecore.Commerce.Core]], mscorlib","$values":[]}}]}