{"$type":"System.Collections.Generic.List`1[[Sitecore.Commerce.Plugin.Catalog.Category, Sitecore.Commerce.Plugin.Catalog]], mscorlib","$values":[{"$type":"Sitecore.Commerce.Plugin.Catalog.Category, Sitecore.Commerce.Plugin.Catalog","Description":"","SitecoreId":"cde0bf20-688e-6452-2b7f-4d672a8e1707","ParentCatalogList":"59ddadc1-9b88-727e-9e14-3f6cf321ae0f","ParentCategoryList":"a0860c27-2a32-841f-7014-75b163b9471e","ChildrenSellableItemList":"68adafdd-66f5-8a76-c6c9-a70010375a7e|55a9bd63-4773-8c61-4844-232054cdfaa5|c64598ab-17d3-9125-3009-6e1de25994e5","Components":{"$type":"System.Collections.Generic.List`1[[Sitecore.Commerce.Core.Component, Sitecore.Commerce.Core]], mscorlib","$values":[{"$type":"Sitecore.Commerce.Plugin.Catalog.CatalogsComponent, Sitecore.Commerce.Plugin.Catalog","Id":"fc38003c593c45b482fb259a112cf96a","Name":"","Comments":"","Policies":{"$type":"System.Collections.Generic.List`1[[Sitecore.Commerce.Core.Policy, Sitecore.Commerce.Core]], mscorlib","$values":[]},"ChildComponents":{"$type":"System.Collections.Generic.List`1[[Sitecore.Commerce.Core.Component, Sitecore.Commerce.Core]], mscorlib","$values":[{"$type":"Sitecore.Commerce.Plugin.Catalog.CatalogComponent, Sitecore.Commerce.Plugin.Catalog","ChildCategories":{"$type":"System.Collections.Generic.List`1[[Sitecore.Commerce.Plugin.Catalog.Category, Sitecore.Commerce.Plugin.Catalog]], mscorlib","$values":[]},"CatalogLanguages":{"$type":"System.Collections.Generic.List`1[[Sitecore.Commerce.Core.Language, Sitecore.Commerce.Core]], mscorlib","$values":[]},"ItemDefinition":"","Id":"e3c2797d734043dca21d3ced41a8e69e","Name":"Habitat_Master","Comments":"","Policies":{"$type":"System.Collections.Generic.List`1[[Sitecore.Commerce.Core.Policy, Sitecore.Commerce.Core]], mscorlib","$values":[]},"ChildComponents":{"$type":"System.Collections.Generic.List`1[[Sitecore.Commerce.Core.Component, Sitecore.Commerce.Core]], mscorlib","$values":[]}}]}},{"$type":"Sitecore.Commerce.Core.MessagesComponent, Sitecore.Commerce.Core","Messages":{"$type":"System.Collections.Generic.List`1[[Sitecore.Commerce.Core.MessageModel, Sitecore.Commerce.Core]], mscorlib","$values":[{"$type":"Sitecore.Commerce.Core.MessageModel, Sitecore.Commerce.Core","Code":"MigrationMessage","Text":"Migrated from category with name='Car Audio Receiver Packages' in catalog 'Habitat_Master'","Id":"36b99379c81b4657b3ebf3e4fb0ca0ba"}]},"Id":"b983fff23c65435884b58a409410f24f","Name":"","Comments":"","Policies":{"$type":"System.Collections.Generic.List`1[[Sitecore.Commerce.Core.Policy, Sitecore.Commerce.Core]], mscorlib","$values":[]},"ChildComponents":{"$type":"System.Collections.Generic.List`1[[Sitecore.Commerce.Core.Component, Sitecore.Commerce.Core]], mscorlib","$values":[]}},{"$type":"Sitecore.Commerce.Core.LocalizedEntityComponent, Sitecore.Commerce.Core","Entity":{"$type":"Sitecore.Commerce.Core.EntityReference, Sitecore.Commerce.Core","Name":"","EntityTarget":"Entity-LocalizationEntity-33ec985aec1c494e87d91dc8bf536d50","Policies":{"$type":"System.Collections.Generic.List`1[[Sitecore.Commerce.Core.Policy, Sitecore.Commerce.Core]], mscorlib","$values":[]}},"Id":"ff2b8a84752a458d9e79dac8a9eb1a94","Name":"","Comments":"","Policies":{"$type":"System.Collections.Generic.List`1[[Sitecore.Commerce.Core.Policy, Sitecore.Commerce.Core]], mscorlib","$values":[]},"ChildComponents":{"$type":"System.Collections.Generic.List`1[[Sitecore.Commerce.Core.Component, Sitecore.Commerce.Core]], mscorlib","$values":[]}}]},"DateCreated":"2018-06-12T13:36:20.433166+00:00","DateUpdated":"2017-02-14T22:24:11+00:00","DisplayName":"Car Audio Receiver Packages","FriendlyId":"Habitat_Master-Car Audio Receiver Packages","Id":"Entity-Category-Habitat_Master-Car Audio Receiver Packages","Version":0,"IsPersisted":false,"Name":"Car Audio Receiver Packages","Policies":{"$type":"System.Collections.Generic.List`1[[Sitecore.Commerce.Core.Policy, Sitecore.Commerce.Core]], mscorlib","$values":[]}},{"$type":"Sitecore.Commerce.Plugin.Catalog.Category, Sitecore.Commerce.Plugin.Catalog","Description":"","SitecoreId":"5381ac75-377b-2bdb-1a3d-bcc4b730d6e7","ParentCatalogList":"59ddadc1-9b88-727e-9e14-3f6cf321ae0f","ParentCategoryList":"a0860c27-2a32-841f-7014-75b163b9471e","ChildrenSellableItemList":"81357ee9-b747-4df1-1c2c-ea8cf9b0e276|142826cc-69bf-87f5-ce96-8e801ff2985d|5ea4a681-a33a-ef00-9bdb-232d91c58785|2f32a878-0dd6-6823-daeb-51fcfdfc7585|c24248ca-20d9-2dd2-4902-2920d85c244f|e6c5b54d-398f-0e7d-91d4-7e6567ca80ba|ad89db97-e34e-6220-ea57-5df93f741657|736523bf-292c-5104-d2e9-a54654af4e6d|6e868ec1-3419-4a7b-b762-043bf73f926d","Components":{"$type":"System.Collections.Generic.List`1[[Sitecore.Commerce.Core.Component, Sitecore.Commerce.Core]], mscorlib","$values":[{"$type":"Sitecore.Commerce.Plugin.Catalog.CatalogsComponent, Sitecore.Commerce.Plugin.Catalog","Id":"6067e04a312f48c2bbf7675198c72440","Name":"","Comments":"","Policies":{"$type":"System.Collections.Generic.List`1[[Sitecore.Commerce.Core.Policy, Sitecore.Commerce.Core]], mscorlib","$values":[]},"ChildComponents":{"$type":"System.Collections.Generic.List`1[[Sitecore.Commerce.Core.Component, Sitecore.Commerce.Core]], mscorlib","$values":[{"$type":"Sitecore.Commerce.Plugin.Catalog.CatalogComponent, Sitecore.Commerce.Plugin.Catalog","ChildCategories":{"$type":"System.Collections.Generic.List`1[[Sitecore.Commerce.Plugin.Catalog.Category, Sitecore.Commerce.Plugin.Catalog]], mscorlib","$values":[]},"CatalogLanguages":{"$type":"System.Collections.Generic.List`1[[Sitecore.Commerce.Core.Language, Sitecore.Commerce.Core]], mscorlib","$values":[]},"ItemDefinition":"","Id":"0ac06b1c8dae40f1a1cd21bb70f6d375","Name":"Habitat_Master","Comments":"","Policies":{"$type":"System.Collections.Generic.List`1[[Sitecore.Commerce.Core.Policy, Sitecore.Commerce.Core]], mscorlib","$values":[]},"ChildComponents":{"$type":"System.Collections.Generic.List`1[[Sitecore.Commerce.Core.Component, Sitecore.Commerce.Core]], mscorlib","$values":[]}}]}},{"$type":"Sitecore.Commerce.Core.MessagesComponent, Sitecore.Commerce.Core","Messages":{"$type":"System.Collections.Generic.List`1[[Sitecore.Commerce.Core.MessageModel, Sitecore.Commerce.Core]], mscorlib","$values":[{"$type":"Sitecore.Commerce.Core.MessageModel, Sitecore.Commerce.Core","Code":"MigrationMessage","Text":"Migrated from category with name='Car Speakers' in catalog 'Habitat_Master'","Id":"3bd19e2cbe244a84b3df3fc29fa5778e"}]},"Id":"4a509f9bf6ec4bbda6f72fd7e01d7a47","Name":"","Comments":"","Policies":{"$type":"System.Collections.Generic.List`1[[Sitecore.Commerce.Core.Policy, Sitecore.Commerce.Core]], mscorlib","$values":[]},"ChildComponents":{"$type":"System.Collections.Generic.List`1[[Sitecore.Commerce.Core.Component, Sitecore.Commerce.Core]], mscorlib","$values":[]}},{"$type":"Sitecore.Commerce.Core.LocalizedEntityComponent, Sitecore.Commerce.Core","Entity":{"$type":"Sitecore.Commerce.Core.EntityReference, Sitecore.Commerce.Core","Name":"","EntityTarget":"Entity-LocalizationEntity-1f27252976314fff835fff0d163abeff","Policies":{"$type":"System.Collections.Generic.List`1[[Sitecore.Commerce.Core.Policy, Sitecore.Commerce.Core]], mscorlib","$values":[]}},"Id":"8ed904a50bd64a8dbc69c15a4d5cab83","Name":"","Comments":"","Policies":{"$type":"System.Collections.Generic.List`1[[Sitecore.Commerce.Core.Policy, Sitecore.Commerce.Core]], mscorlib","$values":[]},"ChildComponents":{"$type":"System.Collections.Generic.List`1[[Sitecore.Commerce.Core.Component, Sitecore.Commerce.Core]], mscorlib","$values":[]}}]},"DateCreated":"2018-06-12T13:36:20.4431774+00:00","DateUpdated":"2017-02-14T22:24:11+00:00","DisplayName":"Car Speakers","FriendlyId":"Habitat_Master-Car Speakers","Id":"Entity-Category-Habitat_Master-Car Speakers","Version":0,"IsPersisted":false,"Name":"Car Speakers","Policies":{"$type":"System.Collections.Generic.List`1[[Sitecore.Commerce.Core.Policy, Sitecore.Commerce.Core]], mscorlib","$values":[]}},{"$type":"Sitecore.Commerce.Plugin.Catalog.Category, Sitecore.Commerce.Plugin.Catalog","Description":"","SitecoreId":"fd8e2114-9ab2-bc7f-4dbc-f061b90bcdb1","ParentCatalogList":"59ddadc1-9b88-727e-9e14-3f6cf321ae0f","ParentCategoryList":"a0860c27-2a32-841f-7014-75b163b9471e","ChildrenSellableItemList":"6b52bc41-1c1e-c970-4056-68c3d513193b|a88c59d2-1c73-49bb-52a4-c0c9b1ba9b13|2aa94d83-d8fd-89e5-a4c2-c61fdf3c7b0f|19316161-0914-158e-aaf8-54d818aaf22e|dbb483aa-6135-6a4a-21f1-cc764cc58836","Components":{"$type":"System.Collections.Generic.List`1[[Sitecore.Commerce.Core.Component, Sitecore.Commerce.Core]], mscorlib","$values":[{"$type":"Sitecore.Commerce.Plugin.Catalog.CatalogsComponent, Sitecore.Commerce.Plugin.Catalog","Id":"63494f404a894a8cb1b1b5310fe7e28f","Name":"","Comments":"","Policies":{"$type":"System.Collections.Generic.List`1[[Sitecore.Commerce.Core.Policy, Sitecore.Commerce.Core]], mscorlib","$values":[]},"ChildComponents":{"$type":"System.Collections.Generic.List`1[[Sitecore.Commerce.Core.Component, Sitecore.Commerce.Core]], mscorlib","$values":[{"$type":"Sitecore.Commerce.Plugin.Catalog.CatalogComponent, Sitecore.Commerce.Plugin.Catalog","ChildCategories":{"$type":"System.Collections.Generic.List`1[[Sitecore.Commerce.Plugin.Catalog.Category, Sitecore.Commerce.Plugin.Catalog]], mscorlib","$values":[]},"CatalogLanguages":{"$type":"System.Collections.Generic.List`1[[Sitecore.Commerce.Core.Language, Sitecore.Commerce.Core]], mscorlib","$values":[]},"ItemDefinition":"","Id":"7693614c330848bba80d35788b579557","Name":"Habitat_Master","Comments":"","Policies":{"$type":"System.Collections.Generic.List`1[[Sitecore.Commerce.Core.Policy, Sitecore.Commerce.Core]], mscorlib","$values":[]},"ChildComponents":{"$type":"System.Collections.Generic.List`1[[Sitecore.Commerce.Core.Component, Sitecore.Commerce.Core]], mscorlib","$values":[]}}]}},{"$type":"Sitecore.Commerce.Core.MessagesComponent, Sitecore.Commerce.Core","Messages":{"$type":"System.Collections.Generic.List`1[[Sitecore.Commerce.Core.MessageModel, Sitecore.Commerce.Core]], mscorlib","$values":[{"$type":"Sitecore.Commerce.Core.MessageModel, Sitecore.Commerce.Core","Code":"MigrationMessage","Text":"Migrated from category with name='Amplifiers' in catalog 'Habitat_Master'","Id":"b93fa11019c048cb91b19d3547daee0e"}]},"Id":"61744a20336a44fcb3db090dec7af08f","Name":"","Comments":"","Policies":{"$type":"System.Collections.Generic.List`1[[Sitecore.Commerce.Core.Policy, Sitecore.Commerce.Core]], mscorlib","$values":[]},"ChildComponents":{"$type":"System.Collections.Generic.List`1[[Sitecore.Commerce.Core.Component, Sitecore.Commerce.Core]], mscorlib","$values":[]}},{"$type":"Sitecore.Commerce.Core.LocalizedEntityComponent, Sitecore.Commerce.Core","Entity":{"$type":"Sitecore.Commerce.Core.EntityReference, Sitecore.Commerce.Core","Name":"","EntityTarget":"Entity-LocalizationEntity-db4c2b27f0ec4f33a5e769c7f626cf86","Policies":{"$type":"System.Collections.Generic.List`1[[Sitecore.Commerce.Core.Policy, Sitecore.Commerce.Core]], mscorlib","$values":[]}},"Id":"af9b2cc071f44207adfc3a67d7a5b444","Name":"","Comments":"","Policies":{"$type":"System.Collections.Generic.List`1[[Sitecore.Commerce.Core.Policy, Sitecore.Commerce.Core]], mscorlib","$values":[]},"ChildComponents":{"$type":"System.Collections.Generic.List`1[[Sitecore.Commerce.Core.Component, Sitecore.Commerce.Core]], mscorlib","$values":[]}}]},"DateCreated":"2018-06-12T13:36:20.4831906+00:00","DateUpdated":"2017-02-14T22:24:11+00:00","DisplayName":"Amplifiers","FriendlyId":"Habitat_Master-Amplifiers","Id":"Entity-Category-Habitat_Master-Amplifiers","Version":0,"IsPersisted":false,"Name":"Amplifiers","Policies":{"$type":"System.Collections.Generic.List`1[[Sitecore.Commerce.Core.Policy, Sitecore.Commerce.Core]], mscorlib","$values":[]}},{"$type":"Sitecore.Commerce.Plugin.Catalog.Category, Sitecore.Commerce.Plugin.Catalog","Description":"","SitecoreId":"e9f2e3a7-0575-0632-b67e-5e65092230c3","ParentCatalogList":"59ddadc1-9b88-727e-9e14-3f6cf321ae0f","ParentCategoryList":"b893c063-6238-ed57-700d-72862c56038d","ChildrenCategoryList":"8deb6d8d-48b0-63b3-56c6-8115c39862ef|61f78e95-8d5f-24e9-4bdb-257144202d81|dd4484cb-6b5f-b647-a41b-f246ec72fdcf|9296eda1-89f4-5662-3679-b74ce5bbdd51|2257fa3a-4385-e528-3027-4494ef335348|a46cfe91-d7b9-0246-ccb6-827c71d1e80e|7a8bdb1c-2976-02d7-0541-bf45307ea54a|dc456a04-4709-48a5-fdbb-ead9bd1e957b|9bf95fed-d29e-e85d-5eee-94c7f378fa34|90deffb1-c749-6b99-342e-42c37c63375d","ChildrenSellableItemList":"46455327-796c-8125-b838-f6d7f678303d|44ead3af-7807-5285-5075-e87c0d3c2668|c10fd6ac-4461-4462-786f-57083d2e0bda|b600aac3-8d01-7803-a32b-56bf8b1ed368|b992a831-fb31-bd4d-e5d0-7ae5bc3e4505|86ec562d-8fd2-d38d-c97e-80f94b5d875d|7afee7e9-1189-a589-0151-6a036ac3d99e|3d0b1f86-c166-1e3d-2919-8eb93421c8c3|3e251e5e-adcb-2b03-d852-be96241d05f7|02861ca6-f9f6-6d19-52aa-79162236522b|3b0c92e7-8067-64d3-4088-0b557b6949fa|ddb03368-14a2-8d6b-3ed5-8270e910a344|16eaf2e1-9daa-b7a9-835f-51358e72058b|aebd1a52-fecc-cda8-efdf-cd00839e368f|315217c1-612c-f700-3261-1adce4efc642|83cd3a3c-ca9f-63df-d944-5c80ce026ecc|a2f03af0-a212-32d7-d4cf-cac04aede463|4ae10c3c-2aaf-0a5c-efe8-a98656964483|5983deab-9427-7026-a87d-9992258d7581|a8dc39d1-192c-c5f2-e276-3736e3fb0093|e9d5e2ef-8889-6b75-ca26-7fea56655811|c2dd4812-117b-bfcb-0a5e-8c95c89620a1|89fc47a8-c3fc-8480-4243-e6f3117db36e|36f2f3a9-4016-21d8-67ec-cc6a9c0f5bfb|1ec8a7ca-b749-07c0-c942-2eb99e7bbaed|4bbaf644-9ca4-1b0d-4dd5-0e12e40b9f77|8ef8b960-8b3b-0c5c-2158-5324ef9638f6|1d63fe4c-c319-4e93-558e-1fd66a677cfd|b9b873c9-15b1-a586-5905-48652db649c4|bcc9fb42-494c-4e72-64a8-c915cc67828a|1e51a86a-91fe-1eca-3cc6-bee7daaeb536|7b5b7f95-9b41-446d-5ae0-b02c9342a6fb|e5c42772-b2fd-dc3d-ab07-e53f9e68e80c|6a6aba07-e474-6abd-724c-f7a2df2adf78|140a251a-b663-e1d2-ab4d-fd99347c49fe|99a27a60-e865-e328-4ecd-73b5df962032|60c7886d-5aca-2d53-6999-a0a1881dd2ae|afed5a9a-a9e3-dfbb-d3ea-e0dd9544846b|0f297cd8-ba37-5c2c-51ce-9cee009907f9|a5d9ddc2-7166-9fbb-7c7b-e61c47e09f2b|1cb7ba40-e2c9-7802-bfd0-5211b9ebe59d|1f000d3a-7309-0f34-3471-2f1ff3b8ba00|ac52a737-d24e-ab04-ac8e-40c66de96468|675c6faf-3498-dab1-8dae-0cf390d69975|9e2f49c7-d8ec-a7d5-178e-f4f641911acd|8b60cf50-6a65-0387-e46c-ef2b7bcf1f73|0736ef8c-4e6b-b79c-d328-ffed1b87418d|8aebe114-66ed-1918-a829-3f5beec112bd|4123e467-fc5b-d9ed-d855-2a6b341d53c2|f461397d-f475-5e40-114a-e3341ad866e0|5341331f-934e-c0d7-3c3c-cdbc9ca4d398|4469d090-320d-9d51-efc3-20de29699e6e|9d100531-dd4e-b4a0-f951-e2f913c21f96|c6b3bffc-fcb0-a2b4-3a36-e3d20709f470|58051c31-a7f6-9001-e1df-eead0c77ba95|83f80412-c352-c14e-cb9f-52a3ad896981|1fa7a8a3-fcc2-cb2b-4181-d636ffa490db|4cbafc57-db7f-2e83-275d-eb834c486636|66b98407-efbe-99a5-8e2d-371b9d562bc9|445cc8f8-010d-d273-5f4b-2540fba23183|72b8809c-ff17-ef64-faf3-813e75e0d728|00676b07-8cea-a9db-ac20-da1314cb67da|59cf2a98-63d4-b502-9781-200a9b1b0a02|8897e068-c583-9e4a-a5f9-ff341685c54b|c73b2562-14c7-dba4-2b63-4f3881513e92|21daef3d-c5cb-8625-b929-175d1c3aef59|24d1827a-03be-62c6-2e56-c886b0b2864b|d563419b-db13-4e4e-5761-b39410598118|28a9aba4-7ffe-d6e5-a52e-32bad32b7a58|439e1f96-1dfd-9a12-192a-0ad81612fb13|80a320c7-86f8-323b-0098-f8b8f1860d23|3ca52e9f-66ab-0fb7-1802-a46a2d30c7c9|2b66aa95-a7b5-983e-9ceb-ce438f9ce230|de37c669-bb4f-757f-4eef-08a2849cbd2b|bf0fd865-ea09-f9f0-c463-4d542cd0f522|447a7a56-8892-c21b-67eb-7b1d529903f8|de88e946-a37b-0262-0784-91a129a75225|e9f8e2d7-8e81-5d0a-715d-556a1c96e393|0a4d6b2e-5a96-bcf1-9f57-b4c76d637bff|f0e89bd1-e49b-d862-caa4-0a9308846f84|410cfbd0-b55a-bbca-a029-1f931d242849|ec0e4cb6-43d2-d882-e8cb-8a3b42ccc6b2|1f0e4449-f5e2-661d-7946-54b2afdd95c3|15793178-e183-32fa-8460-e55a5cadf03a|8f6fbe76-b839-492d-22cf-79b71dc82a8f|f8c3f20b-8f3c-9010-a27f-e3d6b21ae9b4|777e88dd-fb1b-1659-f4ba-f3d60b9f143e|db442699-1c0b-51be-77e2-9db0c4d31329|00645b0b-2538-b4dd-d839-ec54e0c1bd0b|c7e24e9f-614a-f314-81be-58deada94fcc|341e6613-646f-f0b9-02f0-b3cb7eef6833","Components":{"$type":"System.Collections.Generic.List`1[[Sitecore.Commerce.Core.Component, Sitecore.Commerce.Core]], mscorlib","$values":[{"$type":"Sitecore.Commerce.Plugin.Catalog.CatalogsComponent, Sitecore.Commerce.Plugin.Catalog","Id":"6b32036052a24469bc22bdc23a255217","Name":"","Comments":"","Policies":{"$type":"System.Collections.Generic.List`1[[Sitecore.Commerce.Core.Policy, Sitecore.Commerce.Core]], mscorlib","$values":[]},"ChildComponents":{"$type":"System.Collections.Generic.List`1[[Sitecore.Commerce.Core.Component, Sitecore.Commerce.Core]], mscorlib","$values":[{"$type":"Sitecore.Commerce.Plugin.Catalog.CatalogComponent, Sitecore.Commerce.Plugin.Catalog","ChildCategories":{"$type":"System.Collections.Generic.List`1[[Sitecore.Commerce.Plugin.Catalog.Category, Sitecore.Commerce.Plugin.Catalog]], mscorlib","$values":[]},"CatalogLanguages":{"$type":"System.Collections.Generic.List`1[[Sitecore.Commerce.Core.Language, Sitecore.Commerce.Core]], mscorlib","$values":[]},"ItemDefinition":"","Id":"fcec52bb478b4ea7a92de9774eb207a7","Name":"Habitat_Master","Comments":"","Policies":{"$type":"System.Collections.Generic.List`1[[Sitecore.Commerce.Core.Policy, Sitecore.Commerce.Core]], mscorlib","$values":[]},"ChildComponents":{"$type":"System.Collections.Generic.List`1[[Sitecore.Commerce.Core.Component, Sitecore.Commerce.Core]], mscorlib","$values":[]}}]}},{"$type":"Sitecore.Commerce.Core.MessagesComponent, Sitecore.Commerce.Core","Messages":{"$type":"System.Collections.Generic.List`1[[Sitecore.Commerce.Core.MessageModel, Sitecore.Commerce.Core]], mscorlib","$values":[{"$type":"Sitecore.Commerce.Core.MessageModel, Sitecore.Commerce.Core","Code":"MigrationMessage","Text":"Migrated from category with name='Cameras' in catalog 'Habitat_Master'","Id":"a21a81a3e9034356ba86e471217baf4a"}]},"Id":"7d0cda7743e84a7ab2d99e818c272407","Name":"","Comments":"","Policies":{"$type":"System.Collections.Generic.List`1[[Sitecore.Commerce.Core.Policy, Sitecore.Commerce.Core]], mscorlib","$values":[]},"ChildComponents":{"$type":"System.Collections.Generic.List`1[[Sitecore.Commerce.Core.Component, Sitecore.Commerce.Core]], mscorlib","$values":[]}},{"$type":"Sitecore.Commerce.Core.LocalizedEntityComponent, Sitecore.Commerce.Core","Entity":{"$type":"Sitecore.Commerce.Core.EntityReference, Sitecore.Commerce.Core","Name":"","EntityTarget":"Entity-LocalizationEntity-bd717dbcd1184e79b6c3cde4f1d38e81","Policies":{"$type":"System.Collections.Generic.List`1[[Sitecore.Commerce.Core.Policy, Sitecore.Commerce.Core]], mscorlib","$values":[]}},"Id":"9aeaf305837e4cb38991d6650e28d1cc","Name":"","Comments":"","Policies":{"$type":"System.Collections.Generic.List`1[[Sitecore.Commerce.Core.Policy, Sitecore.Commerce.Core]], mscorlib","$values":[]},"ChildComponents":{"$type":"System.Collections.Generic.List`1[[Sitecore.Commerce.Core.Component, Sitecore.Commerce.Core]], mscorlib","$values":[]}}]},"DateCreated":"2018-06-12T13:36:20.5131738+00:00","DateUpdated":"2017-02-14T22:24:12+00:00","DisplayName":"Cameras","FriendlyId":"Habitat_Master-Cameras","Id":"Entity-Category-Habitat_Master-Cameras","Version":0,"IsPersisted":false,"Name":"Cameras","Policies":{"$type":"System.Collections.Generic.List`1[[Sitecore.Commerce.Core.Policy, Sitecore.Commerce.Core]], mscorlib","$values":[]}},{"$type":"Sitecore.Commerce.Plugin.Catalog.Category, Sitecore.Commerce.Plugin.Catalog","Description":"","SitecoreId":"8deb6d8d-48b0-63b3-56c6-8115c39862ef","ParentCatalogList":"59ddadc1-9b88-727e-9e14-3f6cf321ae0f","ParentCategoryList":"e9f2e3a7-0575-0632-b67e-5e65092230c3","ChildrenSellableItemList":"46455327-796c-8125-b838-f6d7f678303d|44ead3af-7807-5285-5075-e87c0d3c2668|c10fd6ac-4461-4462-786f-57083d2e0bda|b600aac3-8d01-7803-a32b-56bf8b1ed368","Components":{"$type":"System.Collections.Generic.List`1[[Sitecore.Commerce.Core.Component, Sitecore.Commerce.Core]], mscorlib","$values":[{"$type":"Sitecore.Commerce.Plugin.Catalog.CatalogsComponent, Sitecore.Commerce.Plugin.Catalog","Id":"fae40a317a024ee3bcee2e89efb4ae4d","Name":"","Comments":"","Policies":{"$type":"System.Collections.Generic.List`1[[Sitecore.Commerce.Core.Policy, Sitecore.Commerce.Core]], mscorlib","$values":[]},"ChildComponents":{"$type":"System.Collections.Generic.List`1[[Sitecore.Commerce.Core.Component, Sitecore.Commerce.Core]], mscorlib","$values":[{"$type":"Sitecore.Commerce.Plugin.Catalog.CatalogComponent, Sitecore.Commerce.Plugin.Catalog","ChildCategories":{"$type":"System.Collections.Generic.List`1[[Sitecore.Commerce.Plugin.Catalog.Category, Sitecore.Commerce.Plugin.Catalog]], mscorlib","$values":[]},"CatalogLanguages":{"$type":"System.Collections.Generic.List`1[[Sitecore.Commerce.Core.Language, Sitecore.Commerce.Core]], mscorlib","$values":[]},"ItemDefinition":"","Id":"15d97abcdd0c499ea7628d17f5aaba2b","Name":"Habitat_Master","Comments":"","Policies":{"$type":"System.Collections.Generic.List`1[[Sitecore.Commerce.Core.Policy, Sitecore.Commerce.Core]], mscorlib","$values":[]},"ChildComponents":{"$type":"System.Collections.Generic.List`1[[Sitecore.Commerce.Core.Component, Sitecore.Commerce.Core]], mscorlib","$values":[]}}]}},{"$type":"Sitecore.Commerce.Core.MessagesComponent, Sitecore.Commerce.Core","Messages":{"$type":"System.Collections.Generic.List`1[[Sitecore.Commerce.Core.MessageModel, Sitecore.Commerce.Core]], mscorlib","$values":[{"$type":"Sitecore.Commerce.Core.MessageModel, Sitecore.Commerce.Core","Code":"MigrationMessage","Text":"Migrated from category with name='Point and shoot' in catalog 'Habitat_Master'","Id":"aa21bd09762f400ca3baaf60f76cf380"}]},"Id":"c5a7bc5adfb547b199bac96c7e59a594","Name":"","Comments":"","Policies":{"$type":"System.Collections.Generic.List`1[[Sitecore.Commerce.Core.Policy, Sitecore.Commerce.Core]], mscorlib","$values":[]},"ChildComponents":{"$type":"System.Collections.Generic.List`1[[Sitecore.Commerce.Core.Component, Sitecore.Commerce.Core]], mscorlib","$values":[]}},{"$type":"Sitecore.Commerce.Core.LocalizedEntityComponent, Sitecore.Commerce.Core","Entity":{"$type":"Sitecore.Commerce.Core.EntityReference, Sitecore.Commerce.Core","Name":"","EntityTarget":"Entity-LocalizationEntity-9f4f22d966b34fb4a7a26c27dc6a5ed6","Policies":{"$type":"System.Collections.Generic.List`1[[Sitecore.Commerce.Core.Policy, Sitecore.Commerce.Core]], mscorlib","$values":[]}},"Id":"467d1b6dbf15406fae46ffdaa2897ae9","Name":"","Comments":"","Policies":{"$type":"System.Collections.Generic.List`1[[Sitecore.Commerce.Core.Policy, Sitecore.Commerce.Core]], mscorlib","$values":[]},"ChildComponents":{"$type":"System.Collections.Generic.List`1[[Sitecore.Commerce.Core.Component, Sitecore.Commerce.Core]], mscorlib","$values":[]}}]},"DateCreated":"2018-06-12T13:36:20.516173+00:00","DateUpdated":"2017-02-14T22:24:12+00:00","DisplayName":"Point and shoot","FriendlyId":"Habitat_Master-Point and shoot","Id":"Entity-Category-Habitat_Master-Point and shoot","Version":0,"IsPersisted":false,"Name":"Point and shoot","Policies":{"$type":"System.Collections.Generic.List`1[[Sitecore.Commerce.Core.Policy, Sitecore.Commerce.Core]], mscorlib","$values":[]}},{"$type":"Sitecore.Commerce.Plugin.Catalog.Category, Sitecore.Commerce.Plugin.Catalog","Description":"","SitecoreId":"61f78e95-8d5f-24e9-4bdb-257144202d81","ParentCatalogList":"59ddadc1-9b88-727e-9e14-3f6cf321ae0f","ParentCategoryList":"e9f2e3a7-0575-0632-b67e-5e65092230c3","ChildrenSellableItemList":"b992a831-fb31-bd4d-e5d0-7ae5bc3e4505|86ec562d-8fd2-d38d-c97e-80f94b5d875d|7afee7e9-1189-a589-0151-6a036ac3d99e|3d0b1f86-c166-1e3d-2919-8eb93421c8c3|3e251e5e-adcb-2b03-d852-be96241d05f7|02861ca6-f9f6-6d19-52aa-79162236522b|3b0c92e7-8067-64d3-4088-0b557b6949fa","Components":{"$type":"System.Collections.Generic.List`1[[Sitecore.Commerce.Core.Component, Sitecore.Commerce.Core]], mscorlib","$values":[{"$type":"Sitecore.Commerce.Plugin.Catalog.CatalogsComponent, Sitecore.Commerce.Plugin.Catalog","Id":"f427dd774bc74042b5793ee950ad8a14","Name":"","Comments":"","Policies":{"$type":"System.Collections.Generic.List`1[[Sitecore.Commerce.Core.Policy, Sitecore.Commerce.Core]], mscorlib","$values":[]},"ChildComponents":{"$type":"System.Collections.Generic.List`1[[Sitecore.Commerce.Core.Component, Sitecore.Commerce.Core]], mscorlib","$values":[{"$type":"Sitecore.Commerce.Plugin.Catalog.CatalogComponent, Sitecore.Commerce.Plugin.Catalog","ChildCategories":{"$type":"System.Collections.Generic.List`1[[Sitecore.Commerce.Plugin.Catalog.Category, Sitecore.Commerce.Plugin.Catalog]], mscorlib","$values":[]},"CatalogLanguages":{"$type":"System.Collections.Generic.List`1[[Sitecore.Commerce.Core.Language, Sitecore.Commerce.Core]], mscorlib","$values":[]},"ItemDefinition":"","Id":"09675b92306244339eb80845f58143f2","Name":"Habitat_Master","Comments":"","Policies":{"$type":"System.Collections.Generic.List`1[[Sitecore.Commerce.Core.Policy, Sitecore.Commerce.Core]], mscorlib","$values":[]},"ChildComponents":{"$type":"System.Collections.Generic.List`1[[Sitecore.Commerce.Core.Component, Sitecore.Commerce.Core]], mscorlib","$values":[]}}]}},{"$type":"Sitecore.Commerce.Core.MessagesComponent, Sitecore.Commerce.Core","Messages":{"$type":"System.Collections.Generic.List`1[[Sitecore.Commerce.Core.MessageModel, Sitecore.Commerce.Core]], mscorlib","$values":[{"$type":"Sitecore.Commerce.Core.MessageModel, Sitecore.Commerce.Core","Code":"MigrationMessage","Text":"Migrated from category with name='DSLR' in catalog 'Habitat_Master'","Id":"ba0308b1968e45d49210ad3e582ec308"}]},"Id":"4eb114ab88b3428eb7c82f782c219c62","Name":"","Comments":"","Policies":{"$type":"System.Collections.Generic.List`1[[Sitecore.Commerce.Core.Policy, Sitecore.Commerce.Core]], mscorlib","$values":[]},"ChildComponents":{"$type":"System.Collections.Generic.List`1[[Sitecore.Commerce.Core.Component, Sitecore.Commerce.Core]], mscorlib","$values":[]}},{"$type":"Sitecore.Commerce.Core.LocalizedEntityComponent, Sitecore.Commerce.Core","Entity":{"$type":"Sitecore.Commerce.Core.EntityReference, Sitecore.Commerce.Core","Name":"","EntityTarget":"Entity-LocalizationEntity-e333d26a91d64ab3893b622e9ae82f91","Policies":{"$type":"System.Collections.Generic.List`1[[Sitecore.Commerce.Core.Policy, Sitecore.Commerce.Core]], mscorlib","$values":[]}},"Id":"73a946499a94406f8a1ca38cc5338cb2","Name":"","Comments":"","Policies":{"$type":"System.Collections.Generic.List`1[[Sitecore.Commerce.Core.Policy, Sitecore.Commerce.Core]], mscorlib","$values":[]},"ChildComponents":{"$type":"System.Collections.Generic.List`1[[Sitecore.Commerce.Core.Component, Sitecore.Commerce.Core]], mscorlib","$values":[]}}]},"DateCreated":"2018-06-12T13:36:20.5231723+00:00","DateUpdated":"2017-02-14T22:24:12+00:00","DisplayName":"DSLR","FriendlyId":"Habitat_Master-DSLR","Id":"Entity-Category-Habitat_Master-DSLR","Version":0,"IsPersisted":false,"Name":"DSLR","Policies":{"$type":"System.Collections.Generic.List`1[[Sitecore.Commerce.Core.Policy, Sitecore.Commerce.Core]], mscorlib","$values":[]}},{"$type":"Sitecore.Commerce.Plugin.Catalog.Category, Sitecore.Commerce.Plugin.Catalog","Description":"","SitecoreId":"dd4484cb-6b5f-b647-a41b-f246ec72fdcf","ParentCatalogList":"59ddadc1-9b88-727e-9e14-3f6cf321ae0f","ParentCategoryList":"e9f2e3a7-0575-0632-b67e-5e65092230c3","ChildrenSellableItemList":"ddb03368-14a2-8d6b-3ed5-8270e910a344|16eaf2e1-9daa-b7a9-835f-51358e72058b|aebd1a52-fecc-cda8-efdf-cd00839e368f|315217c1-612c-f700-3261-1adce4efc642|83cd3a3c-ca9f-63df-d944-5c80ce026ecc|a2f03af0-a212-32d7-d4cf-cac04aede463","Components":{"$type":"System.Collections.Generic.List`1[[Sitecore.Commerce.Core.Component, Sitecore.Commerce.Core]], mscorlib","$values":[{"$type":"Sitecore.Commerce.Plugin.Catalog.CatalogsComponent, Sitecore.Commerce.Plugin.Catalog","Id":"7fb972d03065454f9aab1387b6200f46","Name":"","Comments":"","Policies":{"$type":"System.Collections.Generic.List`1[[Sitecore.Commerce.Core.Policy, Sitecore.Commerce.Core]], mscorlib","$values":[]},"ChildComponents":{"$type":"System.Collections.Generic.List`1[[Sitecore.Commerce.Core.Component, Sitecore.Commerce.Core]], mscorlib","$values":[{"$type":"Sitecore.Commerce.Plugin.Catalog.CatalogComponent, Sitecore.Commerce.Plugin.Catalog","ChildCategories":{"$type":"System.Collections.Generic.List`1[[Sitecore.Commerce.Plugin.Catalog.Category, Sitecore.Commerce.Plugin.Catalog]], mscorlib","$values":[]},"CatalogLanguages":{"$type":"System.Collections.Generic.List`1[[Sitecore.Commerce.Core.Language, Sitecore.Commerce.Core]], mscorlib","$values":[]},"ItemDefinition":"","Id":"e0c2f997cccb45c797399767964d4690","Name":"Habitat_Master","Comments":"","Policies":{"$type":"System.Collections.Generic.List`1[[Sitecore.Commerce.Core.Policy, Sitecore.Commerce.Core]], mscorlib","$values":[]},"ChildComponents":{"$type":"System.Collections.Generic.List`1[[Sitecore.Commerce.Core.Component, Sitecore.Commerce.Core]], mscorlib","$values":[]}}]}},{"$type":"Sitecore.Commerce.Core.MessagesComponent, Sitecore.Commerce.Core","Messages":{"$type":"System.Collections.Generic.List`1[[Sitecore.Commerce.Core.MessageModel, Sitecore.Commerce.Core]], mscorlib","$values":[{"$type":"Sitecore.Commerce.Core.MessageModel, Sitecore.Commerce.Core","Code":"MigrationMessage","Text":"Migrated from category with name='DSLR Bundles' in catalog 'Habitat_Master'","Id":"b9f0d99fb7cc45c5a7a81b93c8d2a0b2"}]},"Id":"75d3188cc9ab4af0b49241eb32f4a73f","Name":"","Comments":"","Policies":{"$type":"System.Collections.Generic.List`1[[Sitecore.Commerce.Core.Policy, Sitecore.Commerce.Core]], mscorlib","$values":[]},"ChildComponents":{"$type":"System.Collections.Generic.List`1[[Sitecore.Commerce.Core.Component, Sitecore.Commerce.Core]], mscorlib","$values":[]}},{"$type":"Sitecore.Commerce.Core.LocalizedEntityComponent, Sitecore.Commerce.Core","Entity":{"$type":"Sitecore.Commerce.Core.EntityReference, Sitecore.Commerce.Core","Name":"","EntityTarget":"Entity-LocalizationEntity-86ec070af79d47eda2c9dda48c234594","Policies":{"$type":"System.Collections.Generic.List`1[[Sitecore.Commerce.Core.Policy, Sitecore.Commerce.Core]], mscorlib","$values":[]}},"Id":"dcdafbbd86c54ae0a416d07bf7c4e992","Name":"","Comments":"","Policies":{"$type":"System.Collections.Generic.List`1[[Sitecore.Commerce.Core.Policy, Sitecore.Commerce.Core]], mscorlib","$values":[]},"ChildComponents":{"$type":"System.Collections.Generic.List`1[[Sitecore.Commerce.Core.Component, Sitecore.Commerce.Core]], mscorlib","$values":[]}}]},"DateCreated":"2018-06-12T13:36:20.540174+00:00","DateUpdated":"2017-02-14T22:24:12+00:00","DisplayName":"DSLR Bundles","FriendlyId":"Habitat_Master-DSLR Bundles","Id":"Entity-Category-Habitat_Master-DSLR Bundles","Version":0,"IsPersisted":false,"Name":"DSLR Bundles","Policies":{"$type":"System.Collections.Generic.List`1[[Sitecore.Commerce.Core.Policy, Sitecore.Commerce.Core]], mscorlib","$values":[]}},{"$type":"Sitecore.Commerce.Plugin.Catalog.Category, Sitecore.Commerce.Plugin.Catalog","Description":"","SitecoreId":"9296eda1-89f4-5662-3679-b74ce5bbdd51","ParentCatalogList":"59ddadc1-9b88-727e-9e14-3f6cf321ae0f","ParentCategoryList":"e9f2e3a7-0575-0632-b67e-5e65092230c3","ChildrenSellableItemList":"4ae10c3c-2aaf-0a5c-efe8-a98656964483|5983deab-9427-7026-a87d-9992258d7581|a8dc39d1-192c-c5f2-e276-3736e3fb0093","Components":{"$type":"System.Collections.Generic.List`1[[Sitecore.Commerce.Core.Component, Sitecore.Commerce.Core]], mscorlib","$values":[{"$type":"Sitecore.Commerce.Plugin.Catalog.CatalogsComponent, Sitecore.Commerce.Plugin.Catalog","Id":"85d997664ce3443499ad7f97f8f8de03","Name":"","Comments":"","Policies":{"$type":"System.Collections.Generic.List`1[[Sitecore.Commerce.Core.Policy, Sitecore.Commerce.Core]], mscorlib","$values":[]},"ChildComponents":{"$type":"System.Collections.Generic.List`1[[Sitecore.Commerce.Core.Component, Sitecore.Commerce.Core]], mscorlib","$values":[{"$type":"Sitecore.Commerce.Plugin.Catalog.CatalogComponent, Sitecore.Commerce.Plugin.Catalog","ChildCategories":{"$type":"System.Collections.Generic.List`1[[Sitecore.Commerce.Plugin.Catalog.Category, Sitecore.Commerce.Plugin.Catalog]], mscorlib","$values":[]},"CatalogLanguages":{"$type":"System.Collections.Generic.List`1[[Sitecore.Commerce.Core.Language, Sitecore.Commerce.Core]], mscorlib","$values":[]},"ItemDefinition":"","Id":"e7ea3a479b044c769ac70b67e984794e","Name":"Habitat_Master","Comments":"","Policies":{"$type":"System.Collections.Generic.List`1[[Sitecore.Commerce.Core.Policy, Sitecore.Commerce.Core]], mscorlib","$values":[]},"ChildComponents":{"$type":"System.Collections.Generic.List`1[[Sitecore.Commerce.Core.Component, Sitecore.Commerce.Core]], mscorlib","$values":[]}}]}},{"$type":"Sitecore.Commerce.Core.MessagesComponent, Sitecore.Commerce.Core","Messages":{"$type":"System.Collections.Generic.List`1[[Sitecore.Commerce.Core.MessageModel, Sitecore.Commerce.Core]], mscorlib","$values":[{"$type":"Sitecore.Commerce.Core.MessageModel, Sitecore.Commerce.Core","Code":"MigrationMessage","Text":"Migrated from category with name='Mirrorless Cameras' in catalog 'Habitat_Master'","Id":"55b8ec443890451f8bbc202741390ee2"}]},"Id":"93782d31ba2f4c74bd40c7e9e85a19b4","Name":"","Comments":"","Policies":{"$type":"System.Collections.Generic.List`1[[Sitecore.Commerce.Core.Policy, Sitecore.Commerce.Core]], mscorlib","$values":[]},"ChildComponents":{"$type":"System.Collections.Generic.List`1[[Sitecore.Commerce.Core.Component, Sitecore.Commerce.Core]], mscorlib","$values":[]}},{"$type":"Sitecore.Commerce.Core.LocalizedEntityComponent, Sitecore.Commerce.Core","Entity":{"$type":"Sitecore.Commerce.Core.EntityReference, Sitecore.Commerce.Core","Name":"","EntityTarget":"Entity-LocalizationEntity-c8b24ef5f28242628148ed03c7c10e6c","Policies":{"$type":"System.Collections.Generic.List`1[[Sitecore.Commerce.Core.Policy, Sitecore.Commerce.Core]], mscorlib","$values":[]}},"Id":"bbedeae27d9f4cb4b3775cfbc904fb0f","Name":"","Comments":"","Policies":{"$type":"System.Collections.Generic.List`1[[Sitecore.Commerce.Core.Policy, Sitecore.Commerce.Core]], mscorlib","$values":[]},"ChildComponents":{"$type":"System.Collections.Generic.List`1[[Sitecore.Commerce.Core.Component, Sitecore.Commerce.Core]], mscorlib","$values":[]}}]},"DateCreated":"2018-06-12T13:36:20.5521777+00:00","DateUpdated":"2017-02-14T22:24:13+00:00","DisplayName":"Mirrorless Cameras","FriendlyId":"Habitat_Master-Mirrorless Cameras","Id":"Entity-Category-Habitat_Master-Mirrorless Cameras","Version":0,"IsPersisted":false,"Name":"Mirrorless Cameras","Policies":{"$type":"System.Collections.Generic.List`1[[Sitecore.Commerce.Core.Policy, Sitecore.Commerce.Core]], mscorlib","$values":[]}},{"$type":"Sitecore.Commerce.Plugin.Catalog.Category, Sitecore.Commerce.Plugin.Catalog","Description":"","SitecoreId":"2257fa3a-4385-e528-3027-4494ef335348","ParentCatalogList":"59ddadc1-9b88-727e-9e14-3f6cf321ae0f","ParentCategoryList":"e9f2e3a7-0575-0632-b67e-5e65092230c3","ChildrenSellableItemList":"e9d5e2ef-8889-6b75-ca26-7fea56655811|c2dd4812-117b-bfcb-0a5e-8c95c89620a1|89fc47a8-c3fc-8480-4243-e6f3117db36e","Components":{"$type":"System.Collections.Generic.List`1[[Sitecore.Commerce.Core.Component, Sitecore.Commerce.Core]], mscorlib","$values":[{"$type":"Sitecore.Commerce.Plugin.Catalog.CatalogsComponent, Sitecore.Commerce.Plugin.Catalog","Id":"9f058cbcd60642ea87e3d5365de69a00","Name":"","Comments":"","Policies":{"$type":"System.Collections.Generic.List`1[[Sitecore.Commerce.Core.Policy, Sitecore.Commerce.Core]], mscorlib","$values":[]},"ChildComponents":{"$type":"System.Collections.Generic.List`1[[Sitecore.Commerce.Core.Component, Sitecore.Commerce.Core]], mscorlib","$values":[{"$type":"Sitecore.Commerce.Plugin.Catalog.CatalogComponent, Sitecore.Commerce.Plugin.Catalog","ChildCategories":{"$type":"System.Collections.Generic.List`1[[Sitecore.Commerce.Plugin.Catalog.Category, Sitecore.Commerce.Plugin.Catalog]], mscorlib","$values":[]},"CatalogLanguages":{"$type":"System.Collections.Generic.List`1[[Sitecore.Commerce.Core.Language, Sitecore.Commerce.Core]], mscorlib","$values":[]},"ItemDefinition":"","Id":"405e79da19fa413ba1a17ee8dc3d1dcf","Name":"Habitat_Master","Comments":"","Policies":{"$type":"System.Collections.Generic.List`1[[Sitecore.Commerce.Core.Policy, Sitecore.Commerce.Core]], mscorlib","$values":[]},"ChildComponents":{"$type":"System.Collections.Generic.List`1[[Sitecore.Commerce.Core.Component, Sitecore.Commerce.Core]], mscorlib","$values":[]}}]}},{"$type":"Sitecore.Commerce.Core.MessagesComponent, Sitecore.Commerce.Core","Messages":{"$type":"System.Collections.Generic.List`1[[Sitecore.Commerce.Core.MessageModel, Sitecore.Commerce.Core]], mscorlib","$values":[{"$type":"Sitecore.Commerce.Core.MessageModel, Sitecore.Commerce.Core","Code":"MigrationMessage","Text":"Migrated from category with name='Mirrorless Bundles' in catalog 'Habitat_Master'","Id":"56a818627db8421ca8a21f7bf546efc2"}]},"Id":"85355358a5934cb6851d1a17c2072333","Name":"","Comments":"","Policies":{"$type":"System.Collections.Generic.List`1[[Sitecore.Commerce.Core.Policy, Sitecore.Commerce.Core]], mscorlib","$values":[]},"ChildComponents":{"$type":"System.Collections.Generic.List`1[[Sitecore.Commerce.Core.Component, Sitecore.Commerce.Core]], mscorlib","$values":[]}},{"$type":"Sitecore.Commerce.Core.LocalizedEntityComponent, Sitecore.Commerce.Core","Entity":{"$type":"Sitecore.Commerce.Core.EntityReference, Sitecore.Commerce.Core","Name":"","EntityTarget":"Entity-LocalizationEntity-cf55451df8c54f558d338afa5819e4b6","Policies":{"$type":"System.Collections.Generic.List`1[[Sitecore.Commerce.Core.Policy, Sitecore.Commerce.Core]], mscorlib","$values":[]}},"Id":"eeacc2b09d204d1bbcde32bbac755b00","Name":"","Comments":"","Policies":{"$type":"System.Collections.Generic.List`1[[Sitecore.Commerce.Core.Policy, Sitecore.Commerce.Core]], mscorlib","$values":[]},"ChildComponents":{"$type":"System.Collections.Generic.List`1[[Sitecore.Commerce.Core.Component, Sitecore.Commerce.Core]], mscorlib","$values":[]}}]},"DateCreated":"2018-06-12T13:36:20.5601855+00:00","DateUpdated":"2017-02-14T22:24:13+00:00","DisplayName":"Mirrorless Bundles","FriendlyId":"Habitat_Master-Mirrorless Bundles","Id":"Entity-Category-Habitat_Master-Mirrorless Bundles","Version":0,"IsPersisted":false,"Name":"Mirrorless Bundles","Policies":{"$type":"System.Collections.Generic.List`1[[Sitecore.Commerce.Core.Policy, Sitecore.Commerce.Core]], mscorlib","$values":[]}},{"$type":"Sitecore.Commerce.Plugin.Catalog.Category, Sitecore.Commerce.Plugin.Catalog","Description":"","SitecoreId":"a46cfe91-d7b9-0246-ccb6-827c71d1e80e","ParentCatalogList":"59ddadc1-9b88-727e-9e14-3f6cf321ae0f","ParentCategoryList":"e9f2e3a7-0575-0632-b67e-5e65092230c3","ChildrenSellableItemList":"36f2f3a9-4016-21d8-67ec-cc6a9c0f5bfb|1ec8a7ca-b749-07c0-c942-2eb99e7bbaed|4bbaf644-9ca4-1b0d-4dd5-0e12e40b9f77|8ef8b960-8b3b-0c5c-2158-5324ef9638f6|1d63fe4c-c319-4e93-558e-1fd66a677cfd|b9b873c9-15b1-a586-5905-48652db649c4|bcc9fb42-494c-4e72-64a8-c915cc67828a|1e51a86a-91fe-1eca-3cc6-bee7daaeb536|7b5b7f95-9b41-446d-5ae0-b02c9342a6fb|e5c42772-b2fd-dc3d-ab07-e53f9e68e80c|6a6aba07-e474-6abd-724c-f7a2df2adf78|140a251a-b663-e1d2-ab4d-fd99347c49fe|99a27a60-e865-e328-4ecd-73b5df962032|60c7886d-5aca-2d53-6999-a0a1881dd2ae|afed5a9a-a9e3-dfbb-d3ea-e0dd9544846b","Components":{"$type":"System.Collections.Generic.List`1[[Sitecore.Commerce.Core.Component, Sitecore.Commerce.Core]], mscorlib","$values":[{"$type":"Sitecore.Commerce.Plugin.Catalog.CatalogsComponent, Sitecore.Commerce.Plugin.Catalog","Id":"d372b1765cc5428fb3b0a08f25e1a940","Name":"","Comments":"","Policies":{"$type":"System.Collections.Generic.List`1[[Sitecore.Commerce.Core.Policy, Sitecore.Commerce.Core]], mscorlib","$values":[]},"ChildComponents":{"$type":"System.Collections.Generic.List`1[[Sitecore.Commerce.Core.Component, Sitecore.Commerce.Core]], mscorlib","$values":[{"$type":"Sitecore.Commerce.Plugin.Catalog.CatalogComponent, Sitecore.Commerce.Plugin.Catalog","ChildCategories":{"$type":"System.Collections.Generic.List`1[[Sitecore.Commerce.Plugin.Catalog.Category, Sitecore.Commerce.Plugin.Catalog]], mscorlib","$values":[]},"CatalogLanguages":{"$type":"System.Collections.Generic.List`1[[Sitecore.Commerce.Core.Language, Sitecore.Commerce.Core]], mscorlib","$values":[]},"ItemDefinition":"","Id":"9a9e5f2381474a03ad3505a7c753107f","Name":"Habitat_Master","Comments":"","Policies":{"$type":"System.Collections.Generic.List`1[[Sitecore.Commerce.Core.Policy, Sitecore.Commerce.Core]], mscorlib","$values":[]},"ChildComponents":{"$type":"System.Collections.Generic.List`1[[Sitecore.Commerce.Core.Component, Sitecore.Commerce.Core]], mscorlib","$values":[]}}]}},{"$type":"Sitecore.Commerce.Core.MessagesComponent, Sitecore.Commerce.Core","Messages":{"$type":"System.Collections.Generic.List`1[[Sitecore.Commerce.Core.MessageModel, Sitecore.Commerce.Core]], mscorlib","$values":[{"$type":"Sitecore.Commerce.Core.MessageModel, Sitecore.Commerce.Core","Code":"MigrationMessage","Text":"Migrated from category with name='DSLR Lenses' in catalog 'Habitat_Master'","Id":"e07fb5c9cdca434e8b4a45519697c21d"}]},"Id":"4b98a72cf494447db0ee5b9179215f45","Name":"","Comments":"","Policies":{"$type":"System.Collections.Generic.List`1[[Sitecore.Commerce.Core.Policy, Sitecore.Commerce.Core]], mscorlib","$values":[]},"ChildComponents":{"$type":"System.Collections.Generic.List`1[[Sitecore.Commerce.Core.Component, Sitecore.Commerce.Core]], mscorlib","$values":[]}},{"$type":"Sitecore.Commerce.Core.LocalizedEntityComponent, Sitecore.Commerce.Core","Entity":{"$type":"Sitecore.Commerce.Core.EntityReference, Sitecore.Commerce.Core","Name":"","EntityTarget":"Entity-LocalizationEntity-ff9326e046244b7f8d76fdf0ae83f4cf","Policies":{"$type":"System.Collections.Generic.List`1[[Sitecore.Commerce.Core.Policy, Sitecore.Commerce.Core]], mscorlib","$values":[]}},"Id":"f6162c0cda8d4f04b1c5c469e61e9d30","Name":"","Comments":"","Policies":{"$type":"System.Collections.Generic.List`1[[Sitecore.Commerce.Core.Policy, Sitecore.Commerce.Core]], mscorlib","$values":[]},"ChildComponents":{"$type":"System.Collections.Generic.List`1[[Sitecore.Commerce.Core.Component, Sitecore.Commerce.Core]], mscorlib","$values":[]}}]},"DateCreated":"2018-06-12T13:36:20.5661771+00:00","DateUpdated":"2017-02-14T22:24:13+00:00","DisplayName":"DSLR Lenses","FriendlyId":"Habitat_Master-DSLR Lenses","Id":"Entity-Category-Habitat_Master-DSLR Lenses","Version":0,"IsPersisted":false,"Name":"DSLR Lenses","Policies":{"$type":"System.Collections.Generic.List`1[[Sitecore.Commerce.Core.Policy, Sitecore.Commerce.Core]], mscorlib","$values":[]}}]}