{"$type":"System.Collections.Generic.List`1[[Sitecore.Commerce.Plugin.Catalog.Category, Sitecore.Commerce.Plugin.Catalog]], mscorlib","$values":[{"$type":"Sitecore.Commerce.Plugin.Catalog.Category, Sitecore.Commerce.Plugin.Catalog","Description":"","SitecoreId":"91a2e033-4012-84a6-9ddd-2a152dec3a93","ParentCatalogList":"59ddadc1-9b88-727e-9e14-3f6cf321ae0f","ParentCategoryList":"0bde885c-c3aa-7bf3-9cab-d93a2af168ac","ChildrenSellableItemList":"ba43e783-0a8b-9993-426c-2c015afcf757|931257e3-c8c8-fe74-5e2c-aeb2da8605c3|549ae913-4e27-9136-1448-f375584f8341|c30e55d5-cb68-a6e5-ce53-33625862df45|32502e5d-b5f6-2de0-8d79-fe17bbd1a832","Components":{"$type":"System.Collections.Generic.List`1[[Sitecore.Commerce.Core.Component, Sitecore.Commerce.Core]], mscorlib","$values":[{"$type":"Sitecore.Commerce.Plugin.Catalog.CatalogsComponent, Sitecore.Commerce.Plugin.Catalog","Id":"00b88dc2948146f18168b07e0caffdfd","Name":"","Comments":"","Policies":{"$type":"System.Collections.Generic.List`1[[Sitecore.Commerce.Core.Policy, Sitecore.Commerce.Core]], mscorlib","$values":[]},"ChildComponents":{"$type":"System.Collections.Generic.List`1[[Sitecore.Commerce.Core.Component, Sitecore.Commerce.Core]], mscorlib","$values":[{"$type":"Sitecore.Commerce.Plugin.Catalog.CatalogComponent, Sitecore.Commerce.Plugin.Catalog","ChildCategories":{"$type":"System.Collections.Generic.List`1[[Sitecore.Commerce.Plugin.Catalog.Category, Sitecore.Commerce.Plugin.Catalog]], mscorlib","$values":[]},"CatalogLanguages":{"$type":"System.Collections.Generic.List`1[[Sitecore.Commerce.Core.Language, Sitecore.Commerce.Core]], mscorlib","$values":[]},"ItemDefinition":"","Id":"7f49e3530b7b4617b10786d76a64795c","Name":"Habitat_Master","Comments":"","Policies":{"$type":"System.Collections.Generic.List`1[[Sitecore.Commerce.Core.Policy, Sitecore.Commerce.Core]], mscorlib","$values":[]},"ChildComponents":{"$type":"System.Collections.Generic.List`1[[Sitecore.Commerce.Core.Component, Sitecore.Commerce.Core]], mscorlib","$values":[]}}]}},{"$type":"Sitecore.Commerce.Core.MessagesComponent, Sitecore.Commerce.Core","Messages":{"$type":"System.Collections.Generic.List`1[[Sitecore.Commerce.Core.MessageModel, Sitecore.Commerce.Core]], mscorlib","$values":[{"$type":"Sitecore.Commerce.Core.MessageModel, Sitecore.Commerce.Core","Code":"MigrationMessage","Text":"Migrated from category with name='Electric Tooth Brushes' in catalog 'Habitat_Master'","Id":"6478d6caa9544ba78ca37b7b4a27791f"}]},"Id":"ddc1e962243d42d69387e5c99d0fbad3","Name":"","Comments":"","Policies":{"$type":"System.Collections.Generic.List`1[[Sitecore.Commerce.Core.Policy, Sitecore.Commerce.Core]], mscorlib","$values":[]},"ChildComponents":{"$type":"System.Collections.Generic.List`1[[Sitecore.Commerce.Core.Component, Sitecore.Commerce.Core]], mscorlib","$values":[]}},{"$type":"Sitecore.Commerce.Core.LocalizedEntityComponent, Sitecore.Commerce.Core","Entity":{"$type":"Sitecore.Commerce.Core.EntityReference, Sitecore.Commerce.Core","Name":"","EntityTarget":"Entity-LocalizationEntity-791c1d32aec84dcfbd711a1da41c24f0","Policies":{"$type":"System.Collections.Generic.List`1[[Sitecore.Commerce.Core.Policy, Sitecore.Commerce.Core]], mscorlib","$values":[]}},"Id":"11cf70bfb06045328cd426730b44ec72","Name":"","Comments":"","Policies":{"$type":"System.Collections.Generic.List`1[[Sitecore.Commerce.Core.Policy, Sitecore.Commerce.Core]], mscorlib","$values":[]},"ChildComponents":{"$type":"System.Collections.Generic.List`1[[Sitecore.Commerce.Core.Component, Sitecore.Commerce.Core]], mscorlib","$values":[]}}]},"DateCreated":"2018-06-12T13:36:21.3982592+00:00","DateUpdated":"2017-02-14T22:24:25+00:00","DisplayName":"Electric Tooth Brushes","FriendlyId":"Habitat_Master-Electric Tooth Brushes","Id":"Entity-Category-Habitat_Master-Electric Tooth Brushes","Version":0,"IsPersisted":false,"Name":"Electric Tooth Brushes","Policies":{"$type":"System.Collections.Generic.List`1[[Sitecore.Commerce.Core.Policy, Sitecore.Commerce.Core]], mscorlib","$values":[]}},{"$type":"Sitecore.Commerce.Plugin.Catalog.Category, Sitecore.Commerce.Plugin.Catalog","Description":"","SitecoreId":"9008b511-7815-fda8-5a83-927bbf70cabf","ParentCatalogList":"59ddadc1-9b88-727e-9e14-3f6cf321ae0f","ParentCategoryList":"0bde885c-c3aa-7bf3-9cab-d93a2af168ac","ChildrenSellableItemList":"4390359d-ce17-a05d-0c41-e6dc213db146|0a4138cd-50f9-72ae-529a-af6ca4cab4cf","Components":{"$type":"System.Collections.Generic.List`1[[Sitecore.Commerce.Core.Component, Sitecore.Commerce.Core]], mscorlib","$values":[{"$type":"Sitecore.Commerce.Plugin.Catalog.CatalogsComponent, Sitecore.Commerce.Plugin.Catalog","Id":"efb7c012cb0a49d499737c4217ad6c63","Name":"","Comments":"","Policies":{"$type":"System.Collections.Generic.List`1[[Sitecore.Commerce.Core.Policy, Sitecore.Commerce.Core]], mscorlib","$values":[]},"ChildComponents":{"$type":"System.Collections.Generic.List`1[[Sitecore.Commerce.Core.Component, Sitecore.Commerce.Core]], mscorlib","$values":[{"$type":"Sitecore.Commerce.Plugin.Catalog.CatalogComponent, Sitecore.Commerce.Plugin.Catalog","ChildCategories":{"$type":"System.Collections.Generic.List`1[[Sitecore.Commerce.Plugin.Catalog.Category, Sitecore.Commerce.Plugin.Catalog]], mscorlib","$values":[]},"CatalogLanguages":{"$type":"System.Collections.Generic.List`1[[Sitecore.Commerce.Core.Language, Sitecore.Commerce.Core]], mscorlib","$values":[]},"ItemDefinition":"","Id":"3b15a8420c4d4f0e9eff3fb6bbeaa0c7","Name":"Habitat_Master","Comments":"","Policies":{"$type":"System.Collections.Generic.List`1[[Sitecore.Commerce.Core.Policy, Sitecore.Commerce.Core]], mscorlib","$values":[]},"ChildComponents":{"$type":"System.Collections.Generic.List`1[[Sitecore.Commerce.Core.Component, Sitecore.Commerce.Core]], mscorlib","$values":[]}}]}},{"$type":"Sitecore.Commerce.Core.MessagesComponent, Sitecore.Commerce.Core","Messages":{"$type":"System.Collections.Generic.List`1[[Sitecore.Commerce.Core.MessageModel, Sitecore.Commerce.Core]], mscorlib","$values":[{"$type":"Sitecore.Commerce.Core.MessageModel, Sitecore.Commerce.Core","Code":"MigrationMessage","Text":"Migrated from category with name='Digital Scales' in catalog 'Habitat_Master'","Id":"e0f7ba02d3184addb77ad187937b4518"}]},"Id":"839de1a1adb14e689df92af08105861e","Name":"","Comments":"","Policies":{"$type":"System.Collections.Generic.List`1[[Sitecore.Commerce.Core.Policy, Sitecore.Commerce.Core]], mscorlib","$values":[]},"ChildComponents":{"$type":"System.Collections.Generic.List`1[[Sitecore.Commerce.Core.Component, Sitecore.Commerce.Core]], mscorlib","$values":[]}},{"$type":"Sitecore.Commerce.Core.LocalizedEntityComponent, Sitecore.Commerce.Core","Entity":{"$type":"Sitecore.Commerce.Core.EntityReference, Sitecore.Commerce.Core","Name":"","EntityTarget":"Entity-LocalizationEntity-68165d1a2cc54f39b6513ddaddc86c52","Policies":{"$type":"System.Collections.Generic.List`1[[Sitecore.Commerce.Core.Policy, Sitecore.Commerce.Core]], mscorlib","$values":[]}},"Id":"8e20b0a4c9d646d9bbd72c4094722253","Name":"","Comments":"","Policies":{"$type":"System.Collections.Generic.List`1[[Sitecore.Commerce.Core.Policy, Sitecore.Commerce.Core]], mscorlib","$values":[]},"ChildComponents":{"$type":"System.Collections.Generic.List`1[[Sitecore.Commerce.Core.Component, Sitecore.Commerce.Core]], mscorlib","$values":[]}}]},"DateCreated":"2018-06-12T13:36:21.4112711+00:00","DateUpdated":"2017-02-14T22:24:25+00:00","DisplayName":"Digital Scales","FriendlyId":"Habitat_Master-Digital Scales","Id":"Entity-Category-Habitat_Master-Digital Scales","Version":0,"IsPersisted":false,"Name":"Digital Scales","Policies":{"$type":"System.Collections.Generic.List`1[[Sitecore.Commerce.Core.Policy, Sitecore.Commerce.Core]], mscorlib","$values":[]}},{"$type":"Sitecore.Commerce.Plugin.Catalog.Category, Sitecore.Commerce.Plugin.Catalog","Description":"","SitecoreId":"a63cb0d6-7a96-0b2f-9661-a2e553426fe3","ParentCatalogList":"59ddadc1-9b88-727e-9e14-3f6cf321ae0f","ParentCategoryList":"0bde885c-c3aa-7bf3-9cab-d93a2af168ac","ChildrenSellableItemList":"cd4336a2-5576-1b29-021f-32a027daa48e|2522b5c6-b311-4c6e-da52-2b55ed26cbae","Components":{"$type":"System.Collections.Generic.List`1[[Sitecore.Commerce.Core.Component, Sitecore.Commerce.Core]], mscorlib","$values":[{"$type":"Sitecore.Commerce.Plugin.Catalog.CatalogsComponent, Sitecore.Commerce.Plugin.Catalog","Id":"458c865bd2e741c692fb0918ca63ae03","Name":"","Comments":"","Policies":{"$type":"System.Collections.Generic.List`1[[Sitecore.Commerce.Core.Policy, Sitecore.Commerce.Core]], mscorlib","$values":[]},"ChildComponents":{"$type":"System.Collections.Generic.List`1[[Sitecore.Commerce.Core.Component, Sitecore.Commerce.Core]], mscorlib","$values":[{"$type":"Sitecore.Commerce.Plugin.Catalog.CatalogComponent, Sitecore.Commerce.Plugin.Catalog","ChildCategories":{"$type":"System.Collections.Generic.List`1[[Sitecore.Commerce.Plugin.Catalog.Category, Sitecore.Commerce.Plugin.Catalog]], mscorlib","$values":[]},"CatalogLanguages":{"$type":"System.Collections.Generic.List`1[[Sitecore.Commerce.Core.Language, Sitecore.Commerce.Core]], mscorlib","$values":[]},"ItemDefinition":"","Id":"31ff8d6447a447c593eea7318699bb50","Name":"Habitat_Master","Comments":"","Policies":{"$type":"System.Collections.Generic.List`1[[Sitecore.Commerce.Core.Policy, Sitecore.Commerce.Core]], mscorlib","$values":[]},"ChildComponents":{"$type":"System.Collections.Generic.List`1[[Sitecore.Commerce.Core.Component, Sitecore.Commerce.Core]], mscorlib","$values":[]}}]}},{"$type":"Sitecore.Commerce.Core.MessagesComponent, Sitecore.Commerce.Core","Messages":{"$type":"System.Collections.Generic.List`1[[Sitecore.Commerce.Core.MessageModel, Sitecore.Commerce.Core]], mscorlib","$values":[{"$type":"Sitecore.Commerce.Core.MessageModel, Sitecore.Commerce.Core","Code":"MigrationMessage","Text":"Migrated from category with name='Electric Shaver' in catalog 'Habitat_Master'","Id":"62a19d8489c2467e91a5ff60b6a84813"}]},"Id":"d5f8787ca268410d942f64626da47874","Name":"","Comments":"","Policies":{"$type":"System.Collections.Generic.List`1[[Sitecore.Commerce.Core.Policy, Sitecore.Commerce.Core]], mscorlib","$values":[]},"ChildComponents":{"$type":"System.Collections.Generic.List`1[[Sitecore.Commerce.Core.Component, Sitecore.Commerce.Core]], mscorlib","$values":[]}},{"$type":"Sitecore.Commerce.Core.LocalizedEntityComponent, Sitecore.Commerce.Core","Entity":{"$type":"Sitecore.Commerce.Core.EntityReference, Sitecore.Commerce.Core","Name":"","EntityTarget":"Entity-LocalizationEntity-029f82e51b854002b34c8f7e9ad10698","Policies":{"$type":"System.Collections.Generic.List`1[[Sitecore.Commerce.Core.Policy, Sitecore.Commerce.Core]], mscorlib","$values":[]}},"Id":"16323ee8eb2f4ce08126f5ca5d62c313","Name":"","Comments":"","Policies":{"$type":"System.Collections.Generic.List`1[[Sitecore.Commerce.Core.Policy, Sitecore.Commerce.Core]], mscorlib","$values":[]},"ChildComponents":{"$type":"System.Collections.Generic.List`1[[Sitecore.Commerce.Core.Component, Sitecore.Commerce.Core]], mscorlib","$values":[]}}]},"DateCreated":"2018-06-12T13:36:21.4152579+00:00","DateUpdated":"2017-02-14T22:24:26+00:00","DisplayName":"Electric Shaver","FriendlyId":"Habitat_Master-Electric Shaver","Id":"Entity-Category-Habitat_Master-Electric Shaver","Version":0,"IsPersisted":false,"Name":"Electric Shaver","Policies":{"$type":"System.Collections.Generic.List`1[[Sitecore.Commerce.Core.Policy, Sitecore.Commerce.Core]], mscorlib","$values":[]}},{"$type":"Sitecore.Commerce.Plugin.Catalog.Category, Sitecore.Commerce.Plugin.Catalog","Description":"","SitecoreId":"b52c9c73-fd59-42ae-ccee-9cbeb8de56fe","ParentCatalogList":"59ddadc1-9b88-727e-9e14-3f6cf321ae0f","ParentCategoryList":"0bde885c-c3aa-7bf3-9cab-d93a2af168ac","ChildrenSellableItemList":"bdb58646-a31c-9723-be78-d748a1f4567d|21562aa1-4559-11db-4961-6256ed391030","Components":{"$type":"System.Collections.Generic.List`1[[Sitecore.Commerce.Core.Component, Sitecore.Commerce.Core]], mscorlib","$values":[{"$type":"Sitecore.Commerce.Plugin.Catalog.CatalogsComponent, Sitecore.Commerce.Plugin.Catalog","Id":"4e317c7e06ab4150a99944fa23c5d015","Name":"","Comments":"","Policies":{"$type":"System.Collections.Generic.List`1[[Sitecore.Commerce.Core.Policy, Sitecore.Commerce.Core]], mscorlib","$values":[]},"ChildComponents":{"$type":"System.Collections.Generic.List`1[[Sitecore.Commerce.Core.Component, Sitecore.Commerce.Core]], mscorlib","$values":[{"$type":"Sitecore.Commerce.Plugin.Catalog.CatalogComponent, Sitecore.Commerce.Plugin.Catalog","ChildCategories":{"$type":"System.Collections.Generic.List`1[[Sitecore.Commerce.Plugin.Catalog.Category, Sitecore.Commerce.Plugin.Catalog]], mscorlib","$values":[]},"CatalogLanguages":{"$type":"System.Collections.Generic.List`1[[Sitecore.Commerce.Core.Language, Sitecore.Commerce.Core]], mscorlib","$values":[]},"ItemDefinition":"","Id":"5ba59a8652824e68bfa03cf36c3361ad","Name":"Habitat_Master","Comments":"","Policies":{"$type":"System.Collections.Generic.List`1[[Sitecore.Commerce.Core.Policy, Sitecore.Commerce.Core]], mscorlib","$values":[]},"ChildComponents":{"$type":"System.Collections.Generic.List`1[[Sitecore.Commerce.Core.Component, Sitecore.Commerce.Core]], mscorlib","$values":[]}}]}},{"$type":"Sitecore.Commerce.Core.MessagesComponent, Sitecore.Commerce.Core","Messages":{"$type":"System.Collections.Generic.List`1[[Sitecore.Commerce.Core.MessageModel, Sitecore.Commerce.Core]], mscorlib","$values":[{"$type":"Sitecore.Commerce.Core.MessageModel, Sitecore.Commerce.Core","Code":"MigrationMessage","Text":"Migrated from category with name='Women's Shavers' in catalog 'Habitat_Master'","Id":"f85d9e0168fb4338b3947c5984cb85a3"}]},"Id":"946fcfa559de455eaebd174457c30c2c","Name":"","Comments":"","Policies":{"$type":"System.Collections.Generic.List`1[[Sitecore.Commerce.Core.Policy, Sitecore.Commerce.Core]], mscorlib","$values":[]},"ChildComponents":{"$type":"System.Collections.Generic.List`1[[Sitecore.Commerce.Core.Component, Sitecore.Commerce.Core]], mscorlib","$values":[]}},{"$type":"Sitecore.Commerce.Core.LocalizedEntityComponent, Sitecore.Commerce.Core","Entity":{"$type":"Sitecore.Commerce.Core.EntityReference, Sitecore.Commerce.Core","Name":"","EntityTarget":"Entity-LocalizationEntity-c3541d14592b43c39c7e2c7df7e5f3c8","Policies":{"$type":"System.Collections.Generic.List`1[[Sitecore.Commerce.Core.Policy, Sitecore.Commerce.Core]], mscorlib","$values":[]}},"Id":"18db7a4d43e24f82b8e8e86394ba497c","Name":"","Comments":"","Policies":{"$type":"System.Collections.Generic.List`1[[Sitecore.Commerce.Core.Policy, Sitecore.Commerce.Core]], mscorlib","$values":[]},"ChildComponents":{"$type":"System.Collections.Generic.List`1[[Sitecore.Commerce.Core.Component, Sitecore.Commerce.Core]], mscorlib","$values":[]}}]},"DateCreated":"2018-06-12T13:36:21.4222645+00:00","DateUpdated":"2017-02-14T22:24:26+00:00","DisplayName":"Women's Shavers","FriendlyId":"Habitat_Master-Women s Shavers","Id":"Entity-Category-Habitat_Master-Women s Shavers","Version":0,"IsPersisted":false,"Name":"Women s Shavers","Policies":{"$type":"System.Collections.Generic.List`1[[Sitecore.Commerce.Core.Policy, Sitecore.Commerce.Core]], mscorlib","$values":[]}},{"$type":"Sitecore.Commerce.Plugin.Catalog.Category, Sitecore.Commerce.Plugin.Catalog","Description":"","SitecoreId":"57585cf7-7af6-f5e3-eb7e-a57736343091","ParentCatalogList":"59ddadc1-9b88-727e-9e14-3f6cf321ae0f","ParentCategoryList":"b893c063-6238-ed57-700d-72862c56038d","ChildrenCategoryList":"1499f924-0b9b-cf85-5e08-d27818403af3|55f51d90-4470-e795-16bc-e834bc763f22|aba4b3ff-cd06-a818-5e6f-ad87c177b668","ChildrenSellableItemList":"dc71bef6-9f75-78ce-d4dd-cc1a6a451682|d1a69155-cd4b-8efd-98a7-5d7d10ce5850|83d2a5ea-1683-9b63-bfb8-76fc3f3373e1|61dd5111-af1d-6a54-e336-10d9b9eb40e7|4bdf8a6b-8246-17d8-3878-2388b6e68bc4|a26b1e11-a4a6-2920-b16a-ff37419fa926|c53bccd4-2202-8cf6-b4b0-07066c95aff1|350b58c2-ecb7-0e3a-c85d-77e3549719b4|2253e12e-cb4a-d74f-6d22-19c523d3c484|42d7a53e-4888-aec9-6047-62bc5f897656|7be14296-1a9c-90c2-169a-5fca19867507|d75fc27d-3097-ffee-9141-e7689548e8e2|1298810a-459d-88a3-c786-64e7d36e58cc|8a453e3a-18bb-c899-848c-34ff87d6fdf7|750b803a-6db0-6c25-82a9-119cc3d23a26|94444b0c-e34e-77e0-c1c2-325e10726bcb|d7eabf3c-7eb8-6723-5e25-ae362164cbe8|7a922213-7b93-e0d1-5110-3005a203f2fe|cd5d49a9-7662-aad7-0c14-4e2d6b229dd6|29d71f9a-abf2-df9e-6f0f-9334294872d5|d305118f-41ff-da86-7109-532d48a939a7|c2da116b-7937-0a50-5cdf-281cfb087c6e|5fd13cb3-a5fb-d640-c17a-1b2c91392bea|fbe8ab6e-0fb6-35ac-d8e9-7dffee60d577","Components":{"$type":"System.Collections.Generic.List`1[[Sitecore.Commerce.Core.Component, Sitecore.Commerce.Core]], mscorlib","$values":[{"$type":"Sitecore.Commerce.Plugin.Catalog.CatalogsComponent, Sitecore.Commerce.Plugin.Catalog","Id":"2b222c7780c04e0e83891065b50c6a8e","Name":"","Comments":"","Policies":{"$type":"System.Collections.Generic.List`1[[Sitecore.Commerce.Core.Policy, Sitecore.Commerce.Core]], mscorlib","$values":[]},"ChildComponents":{"$type":"System.Collections.Generic.List`1[[Sitecore.Commerce.Core.Component, Sitecore.Commerce.Core]], mscorlib","$values":[{"$type":"Sitecore.Commerce.Plugin.Catalog.CatalogComponent, Sitecore.Commerce.Plugin.Catalog","ChildCategories":{"$type":"System.Collections.Generic.List`1[[Sitecore.Commerce.Plugin.Catalog.Category, Sitecore.Commerce.Plugin.Catalog]], mscorlib","$values":[]},"CatalogLanguages":{"$type":"System.Collections.Generic.List`1[[Sitecore.Commerce.Core.Language, Sitecore.Commerce.Core]], mscorlib","$values":[]},"ItemDefinition":"","Id":"3e00eb0a631142ecafc6a3b23f684da2","Name":"Habitat_Master","Comments":"","Policies":{"$type":"System.Collections.Generic.List`1[[Sitecore.Commerce.Core.Policy, Sitecore.Commerce.Core]], mscorlib","$values":[]},"ChildComponents":{"$type":"System.Collections.Generic.List`1[[Sitecore.Commerce.Core.Component, Sitecore.Commerce.Core]], mscorlib","$values":[]}}]}},{"$type":"Sitecore.Commerce.Core.MessagesComponent, Sitecore.Commerce.Core","Messages":{"$type":"System.Collections.Generic.List`1[[Sitecore.Commerce.Core.MessageModel, Sitecore.Commerce.Core]], mscorlib","$values":[{"$type":"Sitecore.Commerce.Core.MessageModel, Sitecore.Commerce.Core","Code":"MigrationMessage","Text":"Migrated from category with name='Home Theater' in catalog 'Habitat_Master'","Id":"1d770c6650a54207babe0d0955ab1927"}]},"Id":"ba0d6ae7fa314af68ce9e74d50350198","Name":"","Comments":"","Policies":{"$type":"System.Collections.Generic.List`1[[Sitecore.Commerce.Core.Policy, Sitecore.Commerce.Core]], mscorlib","$values":[]},"ChildComponents":{"$type":"System.Collections.Generic.List`1[[Sitecore.Commerce.Core.Component, Sitecore.Commerce.Core]], mscorlib","$values":[]}},{"$type":"Sitecore.Commerce.Core.LocalizedEntityComponent, Sitecore.Commerce.Core","Entity":{"$type":"Sitecore.Commerce.Core.EntityReference, Sitecore.Commerce.Core","Name":"","EntityTarget":"Entity-LocalizationEntity-fb165a430e7a460d8c791b120620aeb7","Policies":{"$type":"System.Collections.Generic.List`1[[Sitecore.Commerce.Core.Policy, Sitecore.Commerce.Core]], mscorlib","$values":[]}},"Id":"7c53e4639c124d848b7ed9dd90e2319d","Name":"","Comments":"","Policies":{"$type":"System.Collections.Generic.List`1[[Sitecore.Commerce.Core.Policy, Sitecore.Commerce.Core]], mscorlib","$values":[]},"ChildComponents":{"$type":"System.Collections.Generic.List`1[[Sitecore.Commerce.Core.Component, Sitecore.Commerce.Core]], mscorlib","$values":[]}}]},"DateCreated":"2018-06-12T13:36:21.4262594+00:00","DateUpdated":"2017-02-14T22:24:26+00:00","DisplayName":"Home Theater","FriendlyId":"Habitat_Master-Home Theater","Id":"Entity-Category-Habitat_Master-Home Theater","Version":0,"IsPersisted":false,"Name":"Home Theater","Policies":{"$type":"System.Collections.Generic.List`1[[Sitecore.Commerce.Core.Policy, Sitecore.Commerce.Core]], mscorlib","$values":[]}},{"$type":"Sitecore.Commerce.Plugin.Catalog.Category, Sitecore.Commerce.Plugin.Catalog","Description":"","SitecoreId":"1499f924-0b9b-cf85-5e08-d27818403af3","ParentCatalogList":"59ddadc1-9b88-727e-9e14-3f6cf321ae0f","ParentCategoryList":"57585cf7-7af6-f5e3-eb7e-a57736343091","ChildrenSellableItemList":"dc71bef6-9f75-78ce-d4dd-cc1a6a451682|d1a69155-cd4b-8efd-98a7-5d7d10ce5850|83d2a5ea-1683-9b63-bfb8-76fc3f3373e1|61dd5111-af1d-6a54-e336-10d9b9eb40e7|4bdf8a6b-8246-17d8-3878-2388b6e68bc4|a26b1e11-a4a6-2920-b16a-ff37419fa926|c53bccd4-2202-8cf6-b4b0-07066c95aff1|350b58c2-ecb7-0e3a-c85d-77e3549719b4|2253e12e-cb4a-d74f-6d22-19c523d3c484","Components":{"$type":"System.Collections.Generic.List`1[[Sitecore.Commerce.Core.Component, Sitecore.Commerce.Core]], mscorlib","$values":[{"$type":"Sitecore.Commerce.Plugin.Catalog.CatalogsComponent, Sitecore.Commerce.Plugin.Catalog","Id":"0109aabf717e499e8a1fca0403b02cf5","Name":"","Comments":"","Policies":{"$type":"System.Collections.Generic.List`1[[Sitecore.Commerce.Core.Policy, Sitecore.Commerce.Core]], mscorlib","$values":[]},"ChildComponents":{"$type":"System.Collections.Generic.List`1[[Sitecore.Commerce.Core.Component, Sitecore.Commerce.Core]], mscorlib","$values":[{"$type":"Sitecore.Commerce.Plugin.Catalog.CatalogComponent, Sitecore.Commerce.Plugin.Catalog","ChildCategories":{"$type":"System.Collections.Generic.List`1[[Sitecore.Commerce.Plugin.Catalog.Category, Sitecore.Commerce.Plugin.Catalog]], mscorlib","$values":[]},"CatalogLanguages":{"$type":"System.Collections.Generic.List`1[[Sitecore.Commerce.Core.Language, Sitecore.Commerce.Core]], mscorlib","$values":[]},"ItemDefinition":"","Id":"7a7380ee66ba4ac4bac3cd594c4f65b3","Name":"Habitat_Master","Comments":"","Policies":{"$type":"System.Collections.Generic.List`1[[Sitecore.Commerce.Core.Policy, Sitecore.Commerce.Core]], mscorlib","$values":[]},"ChildComponents":{"$type":"System.Collections.Generic.List`1[[Sitecore.Commerce.Core.Component, Sitecore.Commerce.Core]], mscorlib","$values":[]}}]}},{"$type":"Sitecore.Commerce.Core.MessagesComponent, Sitecore.Commerce.Core","Messages":{"$type":"System.Collections.Generic.List`1[[Sitecore.Commerce.Core.MessageModel, Sitecore.Commerce.Core]], mscorlib","$values":[{"$type":"Sitecore.Commerce.Core.MessageModel, Sitecore.Commerce.Core","Code":"MigrationMessage","Text":"Migrated from category with name='Home Theater In a Box' in catalog 'Habitat_Master'","Id":"09433ae93335484fbedfc48f9a089c2f"}]},"Id":"921849a36d934964aec3e1c78d1b1249","Name":"","Comments":"","Policies":{"$type":"System.Collections.Generic.List`1[[Sitecore.Commerce.Core.Policy, Sitecore.Commerce.Core]], mscorlib","$values":[]},"ChildComponents":{"$type":"System.Collections.Generic.List`1[[Sitecore.Commerce.Core.Component, Sitecore.Commerce.Core]], mscorlib","$values":[]}},{"$type":"Sitecore.Commerce.Core.LocalizedEntityComponent, Sitecore.Commerce.Core","Entity":{"$type":"Sitecore.Commerce.Core.EntityReference, Sitecore.Commerce.Core","Name":"","EntityTarget":"Entity-LocalizationEntity-a6b9011050864ffdad4cc20b0b349b5c","Policies":{"$type":"System.Collections.Generic.List`1[[Sitecore.Commerce.Core.Policy, Sitecore.Commerce.Core]], mscorlib","$values":[]}},"Id":"7d7a7aa7bfb14cb5aa14988229d27aa1","Name":"","Comments":"","Policies":{"$type":"System.Collections.Generic.List`1[[Sitecore.Commerce.Core.Policy, Sitecore.Commerce.Core]], mscorlib","$values":[]},"ChildComponents":{"$type":"System.Collections.Generic.List`1[[Sitecore.Commerce.Core.Component, Sitecore.Commerce.Core]], mscorlib","$values":[]}}]},"DateCreated":"2018-06-12T13:36:21.4292625+00:00","DateUpdated":"2017-02-14T22:24:26+00:00","DisplayName":"Home Theater In a Box","FriendlyId":"Habitat_Master-Home Theater In a Box","Id":"Entity-Category-Habitat_Master-Home Theater In a Box","Version":0,"IsPersisted":false,"Name":"Home Theater In a Box","Policies":{"$type":"System.Collections.Generic.List`1[[Sitecore.Commerce.Core.Policy, Sitecore.Commerce.Core]], mscorlib","$values":[]}},{"$type":"Sitecore.Commerce.Plugin.Catalog.Category, Sitecore.Commerce.Plugin.Catalog","Description":"","SitecoreId":"55f51d90-4470-e795-16bc-e834bc763f22","ParentCatalogList":"59ddadc1-9b88-727e-9e14-3f6cf321ae0f","ParentCategoryList":"57585cf7-7af6-f5e3-eb7e-a57736343091","ChildrenSellableItemList":"42d7a53e-4888-aec9-6047-62bc5f897656|7be14296-1a9c-90c2-169a-5fca19867507|d75fc27d-3097-ffee-9141-e7689548e8e2|1298810a-459d-88a3-c786-64e7d36e58cc|8a453e3a-18bb-c899-848c-34ff87d6fdf7|750b803a-6db0-6c25-82a9-119cc3d23a26|94444b0c-e34e-77e0-c1c2-325e10726bcb|d7eabf3c-7eb8-6723-5e25-ae362164cbe8","Components":{"$type":"System.Collections.Generic.List`1[[Sitecore.Commerce.Core.Component, Sitecore.Commerce.Core]], mscorlib","$values":[{"$type":"Sitecore.Commerce.Plugin.Catalog.CatalogsComponent, Sitecore.Commerce.Plugin.Catalog","Id":"c249d51b23f546c2a917d556be8beb0e","Name":"","Comments":"","Policies":{"$type":"System.Collections.Generic.List`1[[Sitecore.Commerce.Core.Policy, Sitecore.Commerce.Core]], mscorlib","$values":[]},"ChildComponents":{"$type":"System.Collections.Generic.List`1[[Sitecore.Commerce.Core.Component, Sitecore.Commerce.Core]], mscorlib","$values":[{"$type":"Sitecore.Commerce.Plugin.Catalog.CatalogComponent, Sitecore.Commerce.Plugin.Catalog","ChildCategories":{"$type":"System.Collections.Generic.List`1[[Sitecore.Commerce.Plugin.Catalog.Category, Sitecore.Commerce.Plugin.Catalog]], mscorlib","$values":[]},"CatalogLanguages":{"$type":"System.Collections.Generic.List`1[[Sitecore.Commerce.Core.Language, Sitecore.Commerce.Core]], mscorlib","$values":[]},"ItemDefinition":"","Id":"cb61c6b75ee74d1094986863077d173a","Name":"Habitat_Master","Comments":"","Policies":{"$type":"System.Collections.Generic.List`1[[Sitecore.Commerce.Core.Policy, Sitecore.Commerce.Core]], mscorlib","$values":[]},"ChildComponents":{"$type":"System.Collections.Generic.List`1[[Sitecore.Commerce.Core.Component, Sitecore.Commerce.Core]], mscorlib","$values":[]}}]}},{"$type":"Sitecore.Commerce.Core.MessagesComponent, Sitecore.Commerce.Core","Messages":{"$type":"System.Collections.Generic.List`1[[Sitecore.Commerce.Core.MessageModel, Sitecore.Commerce.Core]], mscorlib","$values":[{"$type":"Sitecore.Commerce.Core.MessageModel, Sitecore.Commerce.Core","Code":"MigrationMessage","Text":"Migrated from category with name='Home Theater Speaker Packages' in catalog 'Habitat_Master'","Id":"70b7e6a915dd45219ae30ffefe35b64c"}]},"Id":"a76d3c5b9f834dd892ce0247347bda18","Name":"","Comments":"","Policies":{"$type":"System.Collections.Generic.List`1[[Sitecore.Commerce.Core.Policy, Sitecore.Commerce.Core]], mscorlib","$values":[]},"ChildComponents":{"$type":"System.Collections.Generic.List`1[[Sitecore.Commerce.Core.Component, Sitecore.Commerce.Core]], mscorlib","$values":[]}},{"$type":"Sitecore.Commerce.Core.LocalizedEntityComponent, Sitecore.Commerce.Core","Entity":{"$type":"Sitecore.Commerce.Core.EntityReference, Sitecore.Commerce.Core","Name":"","EntityTarget":"Entity-LocalizationEntity-0572c726c780484e83a74ccb679087fc","Policies":{"$type":"System.Collections.Generic.List`1[[Sitecore.Commerce.Core.Policy, Sitecore.Commerce.Core]], mscorlib","$values":[]}},"Id":"1914eb62baef45019c97cf5b06305ce0","Name":"","Comments":"","Policies":{"$type":"System.Collections.Generic.List`1[[Sitecore.Commerce.Core.Policy, Sitecore.Commerce.Core]], mscorlib","$values":[]},"ChildComponents":{"$type":"System.Collections.Generic.List`1[[Sitecore.Commerce.Core.Component, Sitecore.Commerce.Core]], mscorlib","$values":[]}}]},"DateCreated":"2018-06-12T13:36:21.4472608+00:00","DateUpdated":"2017-02-14T22:24:26+00:00","DisplayName":"Home Theater Speaker Packages","FriendlyId":"Habitat_Master-Home Theater Speaker Packages","Id":"Entity-Category-Habitat_Master-Home Theater Speaker Packages","Version":0,"IsPersisted":false,"Name":"Home Theater Speaker Packages","Policies":{"$type":"System.Collections.Generic.List`1[[Sitecore.Commerce.Core.Policy, Sitecore.Commerce.Core]], mscorlib","$values":[]}},{"$type":"Sitecore.Commerce.Plugin.Catalog.Category, Sitecore.Commerce.Plugin.Catalog","Description":"","SitecoreId":"aba4b3ff-cd06-a818-5e6f-ad87c177b668","ParentCatalogList":"59ddadc1-9b88-727e-9e14-3f6cf321ae0f","ParentCategoryList":"57585cf7-7af6-f5e3-eb7e-a57736343091","ChildrenSellableItemList":"7a922213-7b93-e0d1-5110-3005a203f2fe|cd5d49a9-7662-aad7-0c14-4e2d6b229dd6|29d71f9a-abf2-df9e-6f0f-9334294872d5|d305118f-41ff-da86-7109-532d48a939a7|c2da116b-7937-0a50-5cdf-281cfb087c6e|5fd13cb3-a5fb-d640-c17a-1b2c91392bea|fbe8ab6e-0fb6-35ac-d8e9-7dffee60d577","Components":{"$type":"System.Collections.Generic.List`1[[Sitecore.Commerce.Core.Component, Sitecore.Commerce.Core]], mscorlib","$values":[{"$type":"Sitecore.Commerce.Plugin.Catalog.CatalogsComponent, Sitecore.Commerce.Plugin.Catalog","Id":"33ee4d981c404a6e8a17869fdbf217a6","Name":"","Comments":"","Policies":{"$type":"System.Collections.Generic.List`1[[Sitecore.Commerce.Core.Policy, Sitecore.Commerce.Core]], mscorlib","$values":[]},"ChildComponents":{"$type":"System.Collections.Generic.List`1[[Sitecore.Commerce.Core.Component, Sitecore.Commerce.Core]], mscorlib","$values":[{"$type":"Sitecore.Commerce.Plugin.Catalog.CatalogComponent, Sitecore.Commerce.Plugin.Catalog","ChildCategories":{"$type":"System.Collections.Generic.List`1[[Sitecore.Commerce.Plugin.Catalog.Category, Sitecore.Commerce.Plugin.Catalog]], mscorlib","$values":[]},"CatalogLanguages":{"$type":"System.Collections.Generic.List`1[[Sitecore.Commerce.Core.Language, Sitecore.Commerce.Core]], mscorlib","$values":[]},"ItemDefinition":"","Id":"67e054d3fff24b058944ad0d65dca668","Name":"Habitat_Master","Comments":"","Policies":{"$type":"System.Collections.Generic.List`1[[Sitecore.Commerce.Core.Policy, Sitecore.Commerce.Core]], mscorlib","$values":[]},"ChildComponents":{"$type":"System.Collections.Generic.List`1[[Sitecore.Commerce.Core.Component, Sitecore.Commerce.Core]], mscorlib","$values":[]}}]}},{"$type":"Sitecore.Commerce.Core.MessagesComponent, Sitecore.Commerce.Core","Messages":{"$type":"System.Collections.Generic.List`1[[Sitecore.Commerce.Core.MessageModel, Sitecore.Commerce.Core]], mscorlib","$values":[{"$type":"Sitecore.Commerce.Core.MessageModel, Sitecore.Commerce.Core","Code":"MigrationMessage","Text":"Migrated from category with name='Home Theater Receivers and Amplifiers' in catalog 'Habitat_Master'","Id":"75c50bc12e9c4f2583dafef5b3cfb872"}]},"Id":"af8a63286e744b229b4a2512cddbc19e","Name":"","Comments":"","Policies":{"$type":"System.Collections.Generic.List`1[[Sitecore.Commerce.Core.Policy, Sitecore.Commerce.Core]], mscorlib","$values":[]},"ChildComponents":{"$type":"System.Collections.Generic.List`1[[Sitecore.Commerce.Core.Component, Sitecore.Commerce.Core]], mscorlib","$values":[]}},{"$type":"Sitecore.Commerce.Core.LocalizedEntityComponent, Sitecore.Commerce.Core","Entity":{"$type":"Sitecore.Commerce.Core.EntityReference, Sitecore.Commerce.Core","Name":"","EntityTarget":"Entity-LocalizationEntity-e852b3698fe7487cad5f91129da44b71","Policies":{"$type":"System.Collections.Generic.List`1[[Sitecore.Commerce.Core.Policy, Sitecore.Commerce.Core]], mscorlib","$values":[]}},"Id":"5697573e01c44699bfc20f301ede73c4","Name":"","Comments":"","Policies":{"$type":"System.Collections.Generic.List`1[[Sitecore.Commerce.Core.Policy, Sitecore.Commerce.Core]], mscorlib","$values":[]},"ChildComponents":{"$type":"System.Collections.Generic.List`1[[Sitecore.Commerce.Core.Component, Sitecore.Commerce.Core]], mscorlib","$values":[]}}]},"DateCreated":"2018-06-12T13:36:21.4682732+00:00","DateUpdated":"2017-02-14T22:24:27+00:00","DisplayName":"Home Theater Receivers and Amplifiers","FriendlyId":"Habitat_Master-Home Theater Receivers and Amplifiers","Id":"Entity-Category-Habitat_Master-Home Theater Receivers and Amplifiers","Version":0,"IsPersisted":false,"Name":"Home Theater Receivers and Amplifiers","Policies":{"$type":"System.Collections.Generic.List`1[[Sitecore.Commerce.Core.Policy, Sitecore.Commerce.Core]], mscorlib","$values":[]}},{"$type":"Sitecore.Commerce.Plugin.Catalog.Category, Sitecore.Commerce.Plugin.Catalog","Description":"","SitecoreId":"8e456d84-4251-dba1-4b86-ce103dedcd02","ParentCatalogList":"59ddadc1-9b88-727e-9e14-3f6cf321ae0f","ParentCategoryList":"b893c063-6238-ed57-700d-72862c56038d","ChildrenCategoryList":"c2bfaf91-7825-4846-0ad3-0479cdf7b607|2cfd42ad-7e53-d5e5-66e6-43b47ec243ac|3198ffe4-83d3-a856-6964-62a6a2e9b488|2bb3dc73-126b-2819-a630-c91dd564ed68","ChildrenSellableItemList":"f8ed989e-bbb7-e321-a855-5cf5b7a3ab94|6f1315cf-d2aa-10a7-7e27-988b84656c27|a1c493ab-1fb5-8617-1050-d5977468e021|3883aecd-dd98-7840-4e32-539d8a130b53|306754c9-a39a-eb2b-e8c4-9b391145ceed|b8608a92-c842-110a-efdf-d2d8376ce7cd|b8e0a717-0e21-e245-e56d-80a872eaeff5|18056f53-d667-87e5-3b91-43f7c2f04446|e20f063f-5cd7-f018-b1b6-8f1d08e73ffd|ee848309-5353-220a-38a3-014beee11738|ba349a7d-2b04-b718-6d44-38cb801f261d|4d8ab438-8922-aa3e-3bca-81ffabd68ca0|ac8d258a-2696-c71e-75b4-baa62165073f|7e5e9368-32b0-0763-35ef-71c71e8ff616|bdd26d6c-3c54-33e7-e623-fc654444a5aa|6d8fb7a7-516b-5fd8-2e22-d0ff51191132|528fe976-ce08-4573-e8c5-d377d528fe3b|1bdc1612-167b-a4ea-e186-f6e5c5ffd0ec|4611566c-587e-64df-43f8-4c4033c6441a|af88fbec-fd51-6c74-7dc1-ed5476b8f941|7b679716-0a1a-2beb-af45-f900735b2470|4682a728-f866-5b74-f885-bccbb9ab476c|c6553043-9ec4-2769-629f-a1fcec3d527f|a48b10e7-1c42-55b5-44d2-0801c18b4d09|51e9a9bc-8385-86a6-bdb7-07b107a6a631|c1936d7b-12cb-2245-34f8-e7370d807007|d9b7fc37-4125-79cb-6e9b-2314b3e46554|30feb837-f83f-10d0-514a-dcec9bf8a21a|4a6404a3-139a-2aac-739e-d79779251607|cddca9d9-68f3-7da8-8166-bf7a26a476d2|817becb1-2193-76a6-e7ea-7e0d290bd711|fe67af6f-00e1-2fcc-2c31-a5637fb4032b|8cd98330-4d76-e0d4-ae90-741e151310fe|dabaf6b2-6f8b-5d8d-a9d1-fa1c33bb5ad8|5df5eb62-4226-249b-fe92-4e4bec2eb284|fc1fc8d4-f5f0-78b2-7564-68fe71a81a4d|25aecd4a-390d-9a7c-32fb-9d89b7759d26|bb06dc3f-6d74-abab-a4b3-729c5deb18a9|458cc8a9-7736-b414-a7f0-69347d6f37ff|e0f9dfc9-808c-4ba2-e975-af246f30655f|bf5c0bce-7ae3-f1d4-67fe-b039aff6ad13|7fcf80a8-67a2-c8a8-e0df-8267f1ddebaa|ebdde3ca-86c7-557c-34c1-4cd03e8d55ec|b0ee8c88-f1b7-50e0-4efd-30fbfed75901","Components":{"$type":"System.Collections.Generic.List`1[[Sitecore.Commerce.Core.Component, Sitecore.Commerce.Core]], mscorlib","$values":[{"$type":"Sitecore.Commerce.Plugin.Catalog.CatalogsComponent, Sitecore.Commerce.Plugin.Catalog","Id":"f0971eefd2c74265a34b585081beea54","Name":"","Comments":"","Policies":{"$type":"System.Collections.Generic.List`1[[Sitecore.Commerce.Core.Policy, Sitecore.Commerce.Core]], mscorlib","$values":[]},"ChildComponents":{"$type":"System.Collections.Generic.List`1[[Sitecore.Commerce.Core.Component, Sitecore.Commerce.Core]], mscorlib","$values":[{"$type":"Sitecore.Commerce.Plugin.Catalog.CatalogComponent, Sitecore.Commerce.Plugin.Catalog","ChildCategories":{"$type":"System.Collections.Generic.List`1[[Sitecore.Commerce.Plugin.Catalog.Category, Sitecore.Commerce.Plugin.Catalog]], mscorlib","$values":[]},"CatalogLanguages":{"$type":"System.Collections.Generic.List`1[[Sitecore.Commerce.Core.Language, Sitecore.Commerce.Core]], mscorlib","$values":[]},"ItemDefinition":"","Id":"66a8fe624df7471ea0557fa8ba10e680","Name":"Habitat_Master","Comments":"","Policies":{"$type":"System.Collections.Generic.List`1[[Sitecore.Commerce.Core.Policy, Sitecore.Commerce.Core]], mscorlib","$values":[]},"ChildComponents":{"$type":"System.Collections.Generic.List`1[[Sitecore.Commerce.Core.Component, Sitecore.Commerce.Core]], mscorlib","$values":[]}}]}},{"$type":"Sitecore.Commerce.Core.MessagesComponent, Sitecore.Commerce.Core","Messages":{"$type":"System.Collections.Generic.List`1[[Sitecore.Commerce.Core.MessageModel, Sitecore.Commerce.Core]], mscorlib","$values":[{"$type":"Sitecore.Commerce.Core.MessageModel, Sitecore.Commerce.Core","Code":"MigrationMessage","Text":"Migrated from category with name='Phones' in catalog 'Habitat_Master'","Id":"446fed9130184663a006e387c68f9ea9"}]},"Id":"d6da5fc044ed4a5fa5a6e34c8a92503f","Name":"","Comments":"","Policies":{"$type":"System.Collections.Generic.List`1[[Sitecore.Commerce.Core.Policy, Sitecore.Commerce.Core]], mscorlib","$values":[]},"ChildComponents":{"$type":"System.Collections.Generic.List`1[[Sitecore.Commerce.Core.Component, Sitecore.Commerce.Core]], mscorlib","$values":[]}},{"$type":"Sitecore.Commerce.Core.LocalizedEntityComponent, Sitecore.Commerce.Core","Entity":{"$type":"Sitecore.Commerce.Core.EntityReference, Sitecore.Commerce.Core","Name":"","EntityTarget":"Entity-LocalizationEntity-57871ac50596452fa2fce066fa71df0c","Policies":{"$type":"System.Collections.Generic.List`1[[Sitecore.Commerce.Core.Policy, Sitecore.Commerce.Core]], mscorlib","$values":[]}},"Id":"80bdb3a967f647d78f9b97c245ab9f10","Name":"","Comments":"","Policies":{"$type":"System.Collections.Generic.List`1[[Sitecore.Commerce.Core.Policy, Sitecore.Commerce.Core]], mscorlib","$values":[]},"ChildComponents":{"$type":"System.Collections.Generic.List`1[[Sitecore.Commerce.Core.Component, Sitecore.Commerce.Core]], mscorlib","$values":[]}}]},"DateCreated":"2018-06-12T13:36:21.5112703+00:00","DateUpdated":"2017-02-14T22:24:27+00:00","DisplayName":"Phones","FriendlyId":"Habitat_Master-Phones","Id":"Entity-Category-Habitat_Master-Phones","Version":0,"IsPersisted":false,"Name":"Phones","Policies":{"$type":"System.Collections.Generic.List`1[[Sitecore.Commerce.Core.Policy, Sitecore.Commerce.Core]], mscorlib","$values":[]}},{"$type":"Sitecore.Commerce.Plugin.Catalog.Category, Sitecore.Commerce.Plugin.Catalog","Description":"","SitecoreId":"c2bfaf91-7825-4846-0ad3-0479cdf7b607","ParentCatalogList":"59ddadc1-9b88-727e-9e14-3f6cf321ae0f","ParentCategoryList":"8e456d84-4251-dba1-4b86-ce103dedcd02","ChildrenSellableItemList":"f8ed989e-bbb7-e321-a855-5cf5b7a3ab94|6f1315cf-d2aa-10a7-7e27-988b84656c27|a1c493ab-1fb5-8617-1050-d5977468e021|3883aecd-dd98-7840-4e32-539d8a130b53|306754c9-a39a-eb2b-e8c4-9b391145ceed|b8608a92-c842-110a-efdf-d2d8376ce7cd|b8e0a717-0e21-e245-e56d-80a872eaeff5|18056f53-d667-87e5-3b91-43f7c2f04446|e20f063f-5cd7-f018-b1b6-8f1d08e73ffd|ee848309-5353-220a-38a3-014beee11738","Components":{"$type":"System.Collections.Generic.List`1[[Sitecore.Commerce.Core.Component, Sitecore.Commerce.Core]], mscorlib","$values":[{"$type":"Sitecore.Commerce.Plugin.Catalog.CatalogsComponent, Sitecore.Commerce.Plugin.Catalog","Id":"5ddd12bc64514b09addf017a68bdef69","Name":"","Comments":"","Policies":{"$type":"System.Collections.Generic.List`1[[Sitecore.Commerce.Core.Policy, Sitecore.Commerce.Core]], mscorlib","$values":[]},"ChildComponents":{"$type":"System.Collections.Generic.List`1[[Sitecore.Commerce.Core.Component, Sitecore.Commerce.Core]], mscorlib","$values":[{"$type":"Sitecore.Commerce.Plugin.Catalog.CatalogComponent, Sitecore.Commerce.Plugin.Catalog","ChildCategories":{"$type":"System.Collections.Generic.List`1[[Sitecore.Commerce.Plugin.Catalog.Category, Sitecore.Commerce.Plugin.Catalog]], mscorlib","$values":[]},"CatalogLanguages":{"$type":"System.Collections.Generic.List`1[[Sitecore.Commerce.Core.Language, Sitecore.Commerce.Core]], mscorlib","$values":[]},"ItemDefinition":"","Id":"a9a8d45245d44c7a88effc4dd714ed1f","Name":"Habitat_Master","Comments":"","Policies":{"$type":"System.Collections.Generic.List`1[[Sitecore.Commerce.Core.Policy, Sitecore.Commerce.Core]], mscorlib","$values":[]},"ChildComponents":{"$type":"System.Collections.Generic.List`1[[Sitecore.Commerce.Core.Component, Sitecore.Commerce.Core]], mscorlib","$values":[]}}]}},{"$type":"Sitecore.Commerce.Core.MessagesComponent, Sitecore.Commerce.Core","Messages":{"$type":"System.Collections.Generic.List`1[[Sitecore.Commerce.Core.MessageModel, Sitecore.Commerce.Core]], mscorlib","$values":[{"$type":"Sitecore.Commerce.Core.MessageModel, Sitecore.Commerce.Core","Code":"MigrationMessage","Text":"Migrated from category with name='Smartphones' in catalog 'Habitat_Master'","Id":"6cbfa5872e994e3ba9054163d43bb380"}]},"Id":"f04640f85e424f0d9275ae3193d8ee21","Name":"","Comments":"","Policies":{"$type":"System.Collections.Generic.List`1[[Sitecore.Commerce.Core.Policy, Sitecore.Commerce.Core]], mscorlib","$values":[]},"ChildComponents":{"$type":"System.Collections.Generic.List`1[[Sitecore.Commerce.Core.Component, Sitecore.Commerce.Core]], mscorlib","$values":[]}},{"$type":"Sitecore.Commerce.Core.LocalizedEntityComponent, Sitecore.Commerce.Core","Entity":{"$type":"Sitecore.Commerce.Core.EntityReference, Sitecore.Commerce.Core","Name":"","EntityTarget":"Entity-LocalizationEntity-f29a7b82cf8d4dac8ec3454f3b565b2e","Policies":{"$type":"System.Collections.Generic.List`1[[Sitecore.Commerce.Core.Policy, Sitecore.Commerce.Core]], mscorlib","$values":[]}},"Id":"8959d5737ad749b3a8c160a6d56a7bec","Name":"","Comments":"","Policies":{"$type":"System.Collections.Generic.List`1[[Sitecore.Commerce.Core.Policy, Sitecore.Commerce.Core]], mscorlib","$values":[]},"ChildComponents":{"$type":"System.Collections.Generic.List`1[[Sitecore.Commerce.Core.Component, Sitecore.Commerce.Core]], mscorlib","$values":[]}}]},"DateCreated":"2018-06-12T13:36:21.5122673+00:00","DateUpdated":"2017-02-14T22:24:27+00:00","DisplayName":"Smartphones","FriendlyId":"Habitat_Master-Smartphones","Id":"Entity-Category-Habitat_Master-Smartphones","Version":0,"IsPersisted":false,"Name":"Smartphones","Policies":{"$type":"System.Collections.Generic.List`1[[Sitecore.Commerce.Core.Policy, Sitecore.Commerce.Core]], mscorlib","$values":[]}}]}