{"$type":"System.Collections.Generic.List`1[[Sitecore.Commerce.Plugin.Catalog.Category, Sitecore.Commerce.Plugin.Catalog]], mscorlib","$values":[{"$type":"Sitecore.Commerce.Plugin.Catalog.Category, Sitecore.Commerce.Plugin.Catalog","Description":"","SitecoreId":"1a08462b-9089-cdd6-f751-6eb09c13d948","ParentCatalogList":"59ddadc1-9b88-727e-9e14-3f6cf321ae0f","ParentCategoryList":"994ec8cb-fe90-5071-a631-4458b1e83db3","ChildrenSellableItemList":"bf477d0c-e00c-6b02-f5be-62b332675120|bb515d29-4d7f-4699-1aa4-a4be54c69bad|711b562a-351c-f205-ac26-8e6c1bb69463|47d73126-e8ac-b27f-8a6d-225ea549e2f0|91b09876-d90a-4dcf-5ff5-72dbb63fbb54","Components":{"$type":"System.Collections.Generic.List`1[[Sitecore.Commerce.Core.Component, Sitecore.Commerce.Core]], mscorlib","$values":[{"$type":"Sitecore.Commerce.Plugin.Catalog.CatalogsComponent, Sitecore.Commerce.Plugin.Catalog","Id":"7267688ce0954ee48620b19ad4887bc7","Name":"","Comments":"","Policies":{"$type":"System.Collections.Generic.List`1[[Sitecore.Commerce.Core.Policy, Sitecore.Commerce.Core]], mscorlib","$values":[]},"ChildComponents":{"$type":"System.Collections.Generic.List`1[[Sitecore.Commerce.Core.Component, Sitecore.Commerce.Core]], mscorlib","$values":[{"$type":"Sitecore.Commerce.Plugin.Catalog.CatalogComponent, Sitecore.Commerce.Plugin.Catalog","ChildCategories":{"$type":"System.Collections.Generic.List`1[[Sitecore.Commerce.Plugin.Catalog.Category, Sitecore.Commerce.Plugin.Catalog]], mscorlib","$values":[]},"CatalogLanguages":{"$type":"System.Collections.Generic.List`1[[Sitecore.Commerce.Core.Language, Sitecore.Commerce.Core]], mscorlib","$values":[]},"ItemDefinition":"","Id":"1fe80124ba9145aeaeabc48d2e31ec01","Name":"Habitat_Master","Comments":"","Policies":{"$type":"System.Collections.Generic.List`1[[Sitecore.Commerce.Core.Policy, Sitecore.Commerce.Core]], mscorlib","$values":[]},"ChildComponents":{"$type":"System.Collections.Generic.List`1[[Sitecore.Commerce.Core.Component, Sitecore.Commerce.Core]], mscorlib","$values":[]}}]}},{"$type":"Sitecore.Commerce.Core.MessagesComponent, Sitecore.Commerce.Core","Messages":{"$type":"System.Collections.Generic.List`1[[Sitecore.Commerce.Core.MessageModel, Sitecore.Commerce.Core]], mscorlib","$values":[{"$type":"Sitecore.Commerce.Core.MessageModel, Sitecore.Commerce.Core","Code":"MigrationMessage","Text":"Migrated from category with name='Desktops' in catalog 'Habitat_Master'","Id":"8247dfff49bf463f85a6b26e69058365"}]},"Id":"3ee99f16f58f4edaab83606d2221452b","Name":"","Comments":"","Policies":{"$type":"System.Collections.Generic.List`1[[Sitecore.Commerce.Core.Policy, Sitecore.Commerce.Core]], mscorlib","$values":[]},"ChildComponents":{"$type":"System.Collections.Generic.List`1[[Sitecore.Commerce.Core.Component, Sitecore.Commerce.Core]], mscorlib","$values":[]}},{"$type":"Sitecore.Commerce.Core.LocalizedEntityComponent, Sitecore.Commerce.Core","Entity":{"$type":"Sitecore.Commerce.Core.EntityReference, Sitecore.Commerce.Core","Name":"","EntityTarget":"Entity-LocalizationEntity-1e9c8d97cc7c433ea338c9f47bf127e8","Policies":{"$type":"System.Collections.Generic.List`1[[Sitecore.Commerce.Core.Policy, Sitecore.Commerce.Core]], mscorlib","$values":[]}},"Id":"7fea4362a0c3435898fc4f33187e441a","Name":"","Comments":"","Policies":{"$type":"System.Collections.Generic.List`1[[Sitecore.Commerce.Core.Policy, Sitecore.Commerce.Core]], mscorlib","$values":[]},"ChildComponents":{"$type":"System.Collections.Generic.List`1[[Sitecore.Commerce.Core.Component, Sitecore.Commerce.Core]], mscorlib","$values":[]}}]},"DateCreated":"2018-06-12T13:36:20.8632076+00:00","DateUpdated":"2017-02-14T22:24:17+00:00","DisplayName":"Desktops","FriendlyId":"Habitat_Master-Desktops","Id":"Entity-Category-Habitat_Master-Desktops","Version":0,"IsPersisted":false,"Name":"Desktops","Policies":{"$type":"System.Collections.Generic.List`1[[Sitecore.Commerce.Core.Policy, Sitecore.Commerce.Core]], mscorlib","$values":[]}},{"$type":"Sitecore.Commerce.Plugin.Catalog.Category, Sitecore.Commerce.Plugin.Catalog","Description":"","SitecoreId":"64f0b62e-2b0b-c80f-97e5-626db9d3c6df","ParentCatalogList":"59ddadc1-9b88-727e-9e14-3f6cf321ae0f","ParentCategoryList":"994ec8cb-fe90-5071-a631-4458b1e83db3","ChildrenSellableItemList":"2b10f4c0-6909-aaa5-65ff-b5f65f40d0be|9ddd5b33-18fa-c6ca-3ca0-94c1c218690d|1e548ea1-5aca-896d-b8cb-77f084cf1f36|4833eb6b-a08e-4b16-8a74-c9385cd9258e|21ff5396-9669-7e1a-5653-8f452f1456d1|0579924a-66bf-0787-caf1-0f0f07ff17dd|d80e8919-c7d5-46da-7953-c304de042e62|55a80fc4-9dfe-c60a-42a0-631d875c502e","Components":{"$type":"System.Collections.Generic.List`1[[Sitecore.Commerce.Core.Component, Sitecore.Commerce.Core]], mscorlib","$values":[{"$type":"Sitecore.Commerce.Plugin.Catalog.CatalogsComponent, Sitecore.Commerce.Plugin.Catalog","Id":"e87e16d675264744b54c9a7c25001315","Name":"","Comments":"","Policies":{"$type":"System.Collections.Generic.List`1[[Sitecore.Commerce.Core.Policy, Sitecore.Commerce.Core]], mscorlib","$values":[]},"ChildComponents":{"$type":"System.Collections.Generic.List`1[[Sitecore.Commerce.Core.Component, Sitecore.Commerce.Core]], mscorlib","$values":[{"$type":"Sitecore.Commerce.Plugin.Catalog.CatalogComponent, Sitecore.Commerce.Plugin.Catalog","ChildCategories":{"$type":"System.Collections.Generic.List`1[[Sitecore.Commerce.Plugin.Catalog.Category, Sitecore.Commerce.Plugin.Catalog]], mscorlib","$values":[]},"CatalogLanguages":{"$type":"System.Collections.Generic.List`1[[Sitecore.Commerce.Core.Language, Sitecore.Commerce.Core]], mscorlib","$values":[]},"ItemDefinition":"","Id":"6b03a3e80f7c45a49870b8995f5b65cd","Name":"Habitat_Master","Comments":"","Policies":{"$type":"System.Collections.Generic.List`1[[Sitecore.Commerce.Core.Policy, Sitecore.Commerce.Core]], mscorlib","$values":[]},"ChildComponents":{"$type":"System.Collections.Generic.List`1[[Sitecore.Commerce.Core.Component, Sitecore.Commerce.Core]], mscorlib","$values":[]}}]}},{"$type":"Sitecore.Commerce.Core.MessagesComponent, Sitecore.Commerce.Core","Messages":{"$type":"System.Collections.Generic.List`1[[Sitecore.Commerce.Core.MessageModel, Sitecore.Commerce.Core]], mscorlib","$values":[{"$type":"Sitecore.Commerce.Core.MessageModel, Sitecore.Commerce.Core","Code":"MigrationMessage","Text":"Migrated from category with name='All-In-One' in catalog 'Habitat_Master'","Id":"24f2152c14274a98b952a62e85791872"}]},"Id":"7dc5e58db4384ba190e24d0efa603a7b","Name":"","Comments":"","Policies":{"$type":"System.Collections.Generic.List`1[[Sitecore.Commerce.Core.Policy, Sitecore.Commerce.Core]], mscorlib","$values":[]},"ChildComponents":{"$type":"System.Collections.Generic.List`1[[Sitecore.Commerce.Core.Component, Sitecore.Commerce.Core]], mscorlib","$values":[]}},{"$type":"Sitecore.Commerce.Core.LocalizedEntityComponent, Sitecore.Commerce.Core","Entity":{"$type":"Sitecore.Commerce.Core.EntityReference, Sitecore.Commerce.Core","Name":"","EntityTarget":"Entity-LocalizationEntity-cfa261fb6dbe458bb04492777b7d4186","Policies":{"$type":"System.Collections.Generic.List`1[[Sitecore.Commerce.Core.Policy, Sitecore.Commerce.Core]], mscorlib","$values":[]}},"Id":"a5f7a07d9b2e49cda80faf2be8fe50a4","Name":"","Comments":"","Policies":{"$type":"System.Collections.Generic.List`1[[Sitecore.Commerce.Core.Policy, Sitecore.Commerce.Core]], mscorlib","$values":[]},"ChildComponents":{"$type":"System.Collections.Generic.List`1[[Sitecore.Commerce.Core.Component, Sitecore.Commerce.Core]], mscorlib","$values":[]}}]},"DateCreated":"2018-06-12T13:36:20.8752088+00:00","DateUpdated":"2017-02-14T22:24:18+00:00","DisplayName":"All-In-One","FriendlyId":"Habitat_Master-All In One","Id":"Entity-Category-Habitat_Master-All In One","Version":0,"IsPersisted":false,"Name":"All In One","Policies":{"$type":"System.Collections.Generic.List`1[[Sitecore.Commerce.Core.Policy, Sitecore.Commerce.Core]], mscorlib","$values":[]}},{"$type":"Sitecore.Commerce.Plugin.Catalog.Category, Sitecore.Commerce.Plugin.Catalog","Description":"","SitecoreId":"1e660ba0-96b1-fb0f-7b08-d89957cf5920","ParentCatalogList":"59ddadc1-9b88-727e-9e14-3f6cf321ae0f","ParentCategoryList":"994ec8cb-fe90-5071-a631-4458b1e83db3","ChildrenSellableItemList":"92c1a0f3-be99-e61e-6e7b-410348a2761b|13b819b5-f1db-e510-8188-8ae61a910d9e|487dd191-e26f-8edd-366d-373130a4f1e2","Components":{"$type":"System.Collections.Generic.List`1[[Sitecore.Commerce.Core.Component, Sitecore.Commerce.Core]], mscorlib","$values":[{"$type":"Sitecore.Commerce.Plugin.Catalog.CatalogsComponent, Sitecore.Commerce.Plugin.Catalog","Id":"82aedef8849c4ff2a000edbe1dca11d3","Name":"","Comments":"","Policies":{"$type":"System.Collections.Generic.List`1[[Sitecore.Commerce.Core.Policy, Sitecore.Commerce.Core]], mscorlib","$values":[]},"ChildComponents":{"$type":"System.Collections.Generic.List`1[[Sitecore.Commerce.Core.Component, Sitecore.Commerce.Core]], mscorlib","$values":[{"$type":"Sitecore.Commerce.Plugin.Catalog.CatalogComponent, Sitecore.Commerce.Plugin.Catalog","ChildCategories":{"$type":"System.Collections.Generic.List`1[[Sitecore.Commerce.Plugin.Catalog.Category, Sitecore.Commerce.Plugin.Catalog]], mscorlib","$values":[]},"CatalogLanguages":{"$type":"System.Collections.Generic.List`1[[Sitecore.Commerce.Core.Language, Sitecore.Commerce.Core]], mscorlib","$values":[]},"ItemDefinition":"","Id":"47372ebb71e04455921d6416c23960de","Name":"Habitat_Master","Comments":"","Policies":{"$type":"System.Collections.Generic.List`1[[Sitecore.Commerce.Core.Policy, Sitecore.Commerce.Core]], mscorlib","$values":[]},"ChildComponents":{"$type":"System.Collections.Generic.List`1[[Sitecore.Commerce.Core.Component, Sitecore.Commerce.Core]], mscorlib","$values":[]}}]}},{"$type":"Sitecore.Commerce.Core.MessagesComponent, Sitecore.Commerce.Core","Messages":{"$type":"System.Collections.Generic.List`1[[Sitecore.Commerce.Core.MessageModel, Sitecore.Commerce.Core]], mscorlib","$values":[{"$type":"Sitecore.Commerce.Core.MessageModel, Sitecore.Commerce.Core","Code":"MigrationMessage","Text":"Migrated from category with name='Desktop Packages' in catalog 'Habitat_Master'","Id":"1edb1ec097984781b15441bc81c0afce"}]},"Id":"24ce95ea45d340d1964bf846d26c73dc","Name":"","Comments":"","Policies":{"$type":"System.Collections.Generic.List`1[[Sitecore.Commerce.Core.Policy, Sitecore.Commerce.Core]], mscorlib","$values":[]},"ChildComponents":{"$type":"System.Collections.Generic.List`1[[Sitecore.Commerce.Core.Component, Sitecore.Commerce.Core]], mscorlib","$values":[]}},{"$type":"Sitecore.Commerce.Core.LocalizedEntityComponent, Sitecore.Commerce.Core","Entity":{"$type":"Sitecore.Commerce.Core.EntityReference, Sitecore.Commerce.Core","Name":"","EntityTarget":"Entity-LocalizationEntity-a0b0aee4a13e43b6accec38012bec844","Policies":{"$type":"System.Collections.Generic.List`1[[Sitecore.Commerce.Core.Policy, Sitecore.Commerce.Core]], mscorlib","$values":[]}},"Id":"5ac8a2f5f4804218828793d448cdecc1","Name":"","Comments":"","Policies":{"$type":"System.Collections.Generic.List`1[[Sitecore.Commerce.Core.Policy, Sitecore.Commerce.Core]], mscorlib","$values":[]},"ChildComponents":{"$type":"System.Collections.Generic.List`1[[Sitecore.Commerce.Core.Component, Sitecore.Commerce.Core]], mscorlib","$values":[]}}]},"DateCreated":"2018-06-12T13:36:20.894207+00:00","DateUpdated":"2017-02-14T22:24:18+00:00","DisplayName":"Desktop Packages","FriendlyId":"Habitat_Master-Desktop Packages","Id":"Entity-Category-Habitat_Master-Desktop Packages","Version":0,"IsPersisted":false,"Name":"Desktop Packages","Policies":{"$type":"System.Collections.Generic.List`1[[Sitecore.Commerce.Core.Policy, Sitecore.Commerce.Core]], mscorlib","$values":[]}},{"$type":"Sitecore.Commerce.Plugin.Catalog.Category, Sitecore.Commerce.Plugin.Catalog","Description":"","SitecoreId":"8174413c-c733-69a0-d61b-6ca583c234d4","ParentCatalogList":"59ddadc1-9b88-727e-9e14-3f6cf321ae0f","ParentCategoryList":"b893c063-6238-ed57-700d-72862c56038d","ChildrenCategoryList":"32212d24-9dae-601c-6b39-670a4848e5d8|a4061541-80ef-738f-d600-e73a3b7c7d9e|3c7b1bd6-d364-e069-9f9b-1cc01d1d7b6c|9b96f91a-93bd-07b3-ff38-ee81dc3337cd","ChildrenSellableItemList":"ab0b7d24-e450-9629-d5ba-e1606d2857bc|428b5292-0ff7-732d-9dfc-b547aa435aba|91ff5b7f-c739-0f20-79ad-348494e6b307|34f3758f-bded-e682-6bdf-56525c8d66a8|82ae6c27-e68d-fbcf-ba5f-62ab8d59f6e3|0e3f44bb-4507-28af-6ca6-8cf39f0795ed|273b5fd2-4a31-4a8f-eb04-b798de37d56c|9facd458-a64a-1557-69a9-e44282adceca|074d2346-45ee-8b75-f4b5-2ee9c4d7333c|2a09a7eb-9d58-71e8-37fe-fcc5a36d1bcd|e524a3f9-294b-cd65-5e22-e6baa3d61a23|16b19964-1a8a-a8a9-7df7-64c6bdaaa579|0872ff01-b393-c09a-5614-8a2de2b9b43a|d486ffe1-49e7-d63e-fc8a-b2a6573a20a1|c0d743f5-464a-7c40-3901-a64373396e2c","Components":{"$type":"System.Collections.Generic.List`1[[Sitecore.Commerce.Core.Component, Sitecore.Commerce.Core]], mscorlib","$values":[{"$type":"Sitecore.Commerce.Plugin.Catalog.CatalogsComponent, Sitecore.Commerce.Plugin.Catalog","Id":"339f5b14036e491da4f97e830385ef5a","Name":"","Comments":"","Policies":{"$type":"System.Collections.Generic.List`1[[Sitecore.Commerce.Core.Policy, Sitecore.Commerce.Core]], mscorlib","$values":[]},"ChildComponents":{"$type":"System.Collections.Generic.List`1[[Sitecore.Commerce.Core.Component, Sitecore.Commerce.Core]], mscorlib","$values":[{"$type":"Sitecore.Commerce.Plugin.Catalog.CatalogComponent, Sitecore.Commerce.Plugin.Catalog","ChildCategories":{"$type":"System.Collections.Generic.List`1[[Sitecore.Commerce.Plugin.Catalog.Category, Sitecore.Commerce.Plugin.Catalog]], mscorlib","$values":[]},"CatalogLanguages":{"$type":"System.Collections.Generic.List`1[[Sitecore.Commerce.Core.Language, Sitecore.Commerce.Core]], mscorlib","$values":[]},"ItemDefinition":"","Id":"a574591b9e454b3c97da54020fa3371c","Name":"Habitat_Master","Comments":"","Policies":{"$type":"System.Collections.Generic.List`1[[Sitecore.Commerce.Core.Policy, Sitecore.Commerce.Core]], mscorlib","$values":[]},"ChildComponents":{"$type":"System.Collections.Generic.List`1[[Sitecore.Commerce.Core.Component, Sitecore.Commerce.Core]], mscorlib","$values":[]}}]}},{"$type":"Sitecore.Commerce.Core.MessagesComponent, Sitecore.Commerce.Core","Messages":{"$type":"System.Collections.Generic.List`1[[Sitecore.Commerce.Core.MessageModel, Sitecore.Commerce.Core]], mscorlib","$values":[{"$type":"Sitecore.Commerce.Core.MessageModel, Sitecore.Commerce.Core","Code":"MigrationMessage","Text":"Migrated from category with name='Connected home' in catalog 'Habitat_Master'","Id":"b8d8a1e29c1d4efea6b67d5b458191dd"}]},"Id":"f610105aad104821acd1499ba8dc09e4","Name":"","Comments":"","Policies":{"$type":"System.Collections.Generic.List`1[[Sitecore.Commerce.Core.Policy, Sitecore.Commerce.Core]], mscorlib","$values":[]},"ChildComponents":{"$type":"System.Collections.Generic.List`1[[Sitecore.Commerce.Core.Component, Sitecore.Commerce.Core]], mscorlib","$values":[]}},{"$type":"Sitecore.Commerce.Core.LocalizedEntityComponent, Sitecore.Commerce.Core","Entity":{"$type":"Sitecore.Commerce.Core.EntityReference, Sitecore.Commerce.Core","Name":"","EntityTarget":"Entity-LocalizationEntity-9e87b1a5cef44430a37b73596fcd382e","Policies":{"$type":"System.Collections.Generic.List`1[[Sitecore.Commerce.Core.Policy, Sitecore.Commerce.Core]], mscorlib","$values":[]}},"Id":"a486d8999670413988fd6353487e66f0","Name":"","Comments":"","Policies":{"$type":"System.Collections.Generic.List`1[[Sitecore.Commerce.Core.Policy, Sitecore.Commerce.Core]], mscorlib","$values":[]},"ChildComponents":{"$type":"System.Collections.Generic.List`1[[Sitecore.Commerce.Core.Component, Sitecore.Commerce.Core]], mscorlib","$values":[]}}]},"DateCreated":"2018-06-12T13:36:20.914231+00:00","DateUpdated":"2017-02-14T22:24:18+00:00","DisplayName":"Connected home","FriendlyId":"Habitat_Master-Connected home","Id":"Entity-Category-Habitat_Master-Connected home","Version":0,"IsPersisted":false,"Name":"Connected home","Policies":{"$type":"System.Collections.Generic.List`1[[Sitecore.Commerce.Core.Policy, Sitecore.Commerce.Core]], mscorlib","$values":[]}},{"$type":"Sitecore.Commerce.Plugin.Catalog.Category, Sitecore.Commerce.Plugin.Catalog","Description":"","SitecoreId":"32212d24-9dae-601c-6b39-670a4848e5d8","ParentCatalogList":"59ddadc1-9b88-727e-9e14-3f6cf321ae0f","ParentCategoryList":"8174413c-c733-69a0-d61b-6ca583c234d4","ChildrenSellableItemList":"ab0b7d24-e450-9629-d5ba-e1606d2857bc|428b5292-0ff7-732d-9dfc-b547aa435aba|91ff5b7f-c739-0f20-79ad-348494e6b307|34f3758f-bded-e682-6bdf-56525c8d66a8","Components":{"$type":"System.Collections.Generic.List`1[[Sitecore.Commerce.Core.Component, Sitecore.Commerce.Core]], mscorlib","$values":[{"$type":"Sitecore.Commerce.Plugin.Catalog.CatalogsComponent, Sitecore.Commerce.Plugin.Catalog","Id":"a281dd550852470b99baee87ad9cc867","Name":"","Comments":"","Policies":{"$type":"System.Collections.Generic.List`1[[Sitecore.Commerce.Core.Policy, Sitecore.Commerce.Core]], mscorlib","$values":[]},"ChildComponents":{"$type":"System.Collections.Generic.List`1[[Sitecore.Commerce.Core.Component, Sitecore.Commerce.Core]], mscorlib","$values":[{"$type":"Sitecore.Commerce.Plugin.Catalog.CatalogComponent, Sitecore.Commerce.Plugin.Catalog","ChildCategories":{"$type":"System.Collections.Generic.List`1[[Sitecore.Commerce.Plugin.Catalog.Category, Sitecore.Commerce.Plugin.Catalog]], mscorlib","$values":[]},"CatalogLanguages":{"$type":"System.Collections.Generic.List`1[[Sitecore.Commerce.Core.Language, Sitecore.Commerce.Core]], mscorlib","$values":[]},"ItemDefinition":"","Id":"93cf9fd9690148fdbb6b15b6d6a4ab6d","Name":"Habitat_Master","Comments":"","Policies":{"$type":"System.Collections.Generic.List`1[[Sitecore.Commerce.Core.Policy, Sitecore.Commerce.Core]], mscorlib","$values":[]},"ChildComponents":{"$type":"System.Collections.Generic.List`1[[Sitecore.Commerce.Core.Component, Sitecore.Commerce.Core]], mscorlib","$values":[]}}]}},{"$type":"Sitecore.Commerce.Core.MessagesComponent, Sitecore.Commerce.Core","Messages":{"$type":"System.Collections.Generic.List`1[[Sitecore.Commerce.Core.MessageModel, Sitecore.Commerce.Core]], mscorlib","$values":[{"$type":"Sitecore.Commerce.Core.MessageModel, Sitecore.Commerce.Core","Code":"MigrationMessage","Text":"Migrated from category with name='Thermostats' in catalog 'Habitat_Master'","Id":"a4393cf9259c4bbf820e9f165a3a3a68"}]},"Id":"d11fb1a8805f4a87844d18bd1f786fcd","Name":"","Comments":"","Policies":{"$type":"System.Collections.Generic.List`1[[Sitecore.Commerce.Core.Policy, Sitecore.Commerce.Core]], mscorlib","$values":[]},"ChildComponents":{"$type":"System.Collections.Generic.List`1[[Sitecore.Commerce.Core.Component, Sitecore.Commerce.Core]], mscorlib","$values":[]}},{"$type":"Sitecore.Commerce.Core.LocalizedEntityComponent, Sitecore.Commerce.Core","Entity":{"$type":"Sitecore.Commerce.Core.EntityReference, Sitecore.Commerce.Core","Name":"","EntityTarget":"Entity-LocalizationEntity-4a67fe181d0e4174ac83964fed86ea66","Policies":{"$type":"System.Collections.Generic.List`1[[Sitecore.Commerce.Core.Policy, Sitecore.Commerce.Core]], mscorlib","$values":[]}},"Id":"c1b2333dac9e4391a8253650e680a83d","Name":"","Comments":"","Policies":{"$type":"System.Collections.Generic.List`1[[Sitecore.Commerce.Core.Policy, Sitecore.Commerce.Core]], mscorlib","$values":[]},"ChildComponents":{"$type":"System.Collections.Generic.List`1[[Sitecore.Commerce.Core.Component, Sitecore.Commerce.Core]], mscorlib","$values":[]}}]},"DateCreated":"2018-06-12T13:36:20.9152109+00:00","DateUpdated":"2017-02-14T22:24:18+00:00","DisplayName":"Thermostats","FriendlyId":"Habitat_Master-Thermostats","Id":"Entity-Category-Habitat_Master-Thermostats","Version":0,"IsPersisted":false,"Name":"Thermostats","Policies":{"$type":"System.Collections.Generic.List`1[[Sitecore.Commerce.Core.Policy, Sitecore.Commerce.Core]], mscorlib","$values":[]}},{"$type":"Sitecore.Commerce.Plugin.Catalog.Category, Sitecore.Commerce.Plugin.Catalog","Description":"","SitecoreId":"a4061541-80ef-738f-d600-e73a3b7c7d9e","ParentCatalogList":"59ddadc1-9b88-727e-9e14-3f6cf321ae0f","ParentCategoryList":"8174413c-c733-69a0-d61b-6ca583c234d4","ChildrenSellableItemList":"82ae6c27-e68d-fbcf-ba5f-62ab8d59f6e3|0e3f44bb-4507-28af-6ca6-8cf39f0795ed|273b5fd2-4a31-4a8f-eb04-b798de37d56c|9facd458-a64a-1557-69a9-e44282adceca|074d2346-45ee-8b75-f4b5-2ee9c4d7333c","Components":{"$type":"System.Collections.Generic.List`1[[Sitecore.Commerce.Core.Component, Sitecore.Commerce.Core]], mscorlib","$values":[{"$type":"Sitecore.Commerce.Plugin.Catalog.CatalogsComponent, Sitecore.Commerce.Plugin.Catalog","Id":"b9d9194977134661bc42137b284f2c3f","Name":"","Comments":"","Policies":{"$type":"System.Collections.Generic.List`1[[Sitecore.Commerce.Core.Policy, Sitecore.Commerce.Core]], mscorlib","$values":[]},"ChildComponents":{"$type":"System.Collections.Generic.List`1[[Sitecore.Commerce.Core.Component, Sitecore.Commerce.Core]], mscorlib","$values":[{"$type":"Sitecore.Commerce.Plugin.Catalog.CatalogComponent, Sitecore.Commerce.Plugin.Catalog","ChildCategories":{"$type":"System.Collections.Generic.List`1[[Sitecore.Commerce.Plugin.Catalog.Category, Sitecore.Commerce.Plugin.Catalog]], mscorlib","$values":[]},"CatalogLanguages":{"$type":"System.Collections.Generic.List`1[[Sitecore.Commerce.Core.Language, Sitecore.Commerce.Core]], mscorlib","$values":[]},"ItemDefinition":"","Id":"6e097c1729124dd1bfe35ee262d2cf3a","Name":"Habitat_Master","Comments":"","Policies":{"$type":"System.Collections.Generic.List`1[[Sitecore.Commerce.Core.Policy, Sitecore.Commerce.Core]], mscorlib","$values":[]},"ChildComponents":{"$type":"System.Collections.Generic.List`1[[Sitecore.Commerce.Core.Component, Sitecore.Commerce.Core]], mscorlib","$values":[]}}]}},{"$type":"Sitecore.Commerce.Core.MessagesComponent, Sitecore.Commerce.Core","Messages":{"$type":"System.Collections.Generic.List`1[[Sitecore.Commerce.Core.MessageModel, Sitecore.Commerce.Core]], mscorlib","$values":[{"$type":"Sitecore.Commerce.Core.MessageModel, Sitecore.Commerce.Core","Code":"MigrationMessage","Text":"Migrated from category with name='Security Cameras' in catalog 'Habitat_Master'","Id":"ec329327d2bb43dcac97225d10d001ec"}]},"Id":"486fc5913731410c89102129f38892b9","Name":"","Comments":"","Policies":{"$type":"System.Collections.Generic.List`1[[Sitecore.Commerce.Core.Policy, Sitecore.Commerce.Core]], mscorlib","$values":[]},"ChildComponents":{"$type":"System.Collections.Generic.List`1[[Sitecore.Commerce.Core.Component, Sitecore.Commerce.Core]], mscorlib","$values":[]}},{"$type":"Sitecore.Commerce.Core.LocalizedEntityComponent, Sitecore.Commerce.Core","Entity":{"$type":"Sitecore.Commerce.Core.EntityReference, Sitecore.Commerce.Core","Name":"","EntityTarget":"Entity-LocalizationEntity-00cb064e45a847a2933a1c0d73eed39e","Policies":{"$type":"System.Collections.Generic.List`1[[Sitecore.Commerce.Core.Policy, Sitecore.Commerce.Core]], mscorlib","$values":[]}},"Id":"1d8dfc4284fa41168faef1bf5f7d5ef9","Name":"","Comments":"","Policies":{"$type":"System.Collections.Generic.List`1[[Sitecore.Commerce.Core.Policy, Sitecore.Commerce.Core]], mscorlib","$values":[]},"ChildComponents":{"$type":"System.Collections.Generic.List`1[[Sitecore.Commerce.Core.Component, Sitecore.Commerce.Core]], mscorlib","$values":[]}}]},"DateCreated":"2018-06-12T13:36:20.9252141+00:00","DateUpdated":"2017-02-14T22:24:18+00:00","DisplayName":"Security Cameras","FriendlyId":"Habitat_Master-Security Cameras","Id":"Entity-Category-Habitat_Master-Security Cameras","Version":0,"IsPersisted":false,"Name":"Security Cameras","Policies":{"$type":"System.Collections.Generic.List`1[[Sitecore.Commerce.Core.Policy, Sitecore.Commerce.Core]], mscorlib","$values":[]}},{"$type":"Sitecore.Commerce.Plugin.Catalog.Category, Sitecore.Commerce.Plugin.Catalog","Description":"","SitecoreId":"3c7b1bd6-d364-e069-9f9b-1cc01d1d7b6c","ParentCatalogList":"59ddadc1-9b88-727e-9e14-3f6cf321ae0f","ParentCategoryList":"8174413c-c733-69a0-d61b-6ca583c234d4","ChildrenSellableItemList":"2a09a7eb-9d58-71e8-37fe-fcc5a36d1bcd|e524a3f9-294b-cd65-5e22-e6baa3d61a23|16b19964-1a8a-a8a9-7df7-64c6bdaaa579","Components":{"$type":"System.Collections.Generic.List`1[[Sitecore.Commerce.Core.Component, Sitecore.Commerce.Core]], mscorlib","$values":[{"$type":"Sitecore.Commerce.Plugin.Catalog.CatalogsComponent, Sitecore.Commerce.Plugin.Catalog","Id":"e5e9ceec04db46eb9d087ce9c0eac823","Name":"","Comments":"","Policies":{"$type":"System.Collections.Generic.List`1[[Sitecore.Commerce.Core.Policy, Sitecore.Commerce.Core]], mscorlib","$values":[]},"ChildComponents":{"$type":"System.Collections.Generic.List`1[[Sitecore.Commerce.Core.Component, Sitecore.Commerce.Core]], mscorlib","$values":[{"$type":"Sitecore.Commerce.Plugin.Catalog.CatalogComponent, Sitecore.Commerce.Plugin.Catalog","ChildCategories":{"$type":"System.Collections.Generic.List`1[[Sitecore.Commerce.Plugin.Catalog.Category, Sitecore.Commerce.Plugin.Catalog]], mscorlib","$values":[]},"CatalogLanguages":{"$type":"System.Collections.Generic.List`1[[Sitecore.Commerce.Core.Language, Sitecore.Commerce.Core]], mscorlib","$values":[]},"ItemDefinition":"","Id":"1c8ff9c423ce4e3883eca5bb56104798","Name":"Habitat_Master","Comments":"","Policies":{"$type":"System.Collections.Generic.List`1[[Sitecore.Commerce.Core.Policy, Sitecore.Commerce.Core]], mscorlib","$values":[]},"ChildComponents":{"$type":"System.Collections.Generic.List`1[[Sitecore.Commerce.Core.Component, Sitecore.Commerce.Core]], mscorlib","$values":[]}}]}},{"$type":"Sitecore.Commerce.Core.MessagesComponent, Sitecore.Commerce.Core","Messages":{"$type":"System.Collections.Generic.List`1[[Sitecore.Commerce.Core.MessageModel, Sitecore.Commerce.Core]], mscorlib","$values":[{"$type":"Sitecore.Commerce.Core.MessageModel, Sitecore.Commerce.Core","Code":"MigrationMessage","Text":"Migrated from category with name='Appliance and Outlet Control' in catalog 'Habitat_Master'","Id":"4b16f7e497164686a73adea8cbfcdf6b"}]},"Id":"b458566a21aa4a83815de7646157b22b","Name":"","Comments":"","Policies":{"$type":"System.Collections.Generic.List`1[[Sitecore.Commerce.Core.Policy, Sitecore.Commerce.Core]], mscorlib","$values":[]},"ChildComponents":{"$type":"System.Collections.Generic.List`1[[Sitecore.Commerce.Core.Component, Sitecore.Commerce.Core]], mscorlib","$values":[]}},{"$type":"Sitecore.Commerce.Core.LocalizedEntityComponent, Sitecore.Commerce.Core","Entity":{"$type":"Sitecore.Commerce.Core.EntityReference, Sitecore.Commerce.Core","Name":"","EntityTarget":"Entity-LocalizationEntity-6893dacebf2f4d7bb8a7de01fa5c38e8","Policies":{"$type":"System.Collections.Generic.List`1[[Sitecore.Commerce.Core.Policy, Sitecore.Commerce.Core]], mscorlib","$values":[]}},"Id":"c1de855d4b544ce89223845ee8e8a1b0","Name":"","Comments":"","Policies":{"$type":"System.Collections.Generic.List`1[[Sitecore.Commerce.Core.Policy, Sitecore.Commerce.Core]], mscorlib","$values":[]},"ChildComponents":{"$type":"System.Collections.Generic.List`1[[Sitecore.Commerce.Core.Component, Sitecore.Commerce.Core]], mscorlib","$values":[]}}]},"DateCreated":"2018-06-12T13:36:20.9362174+00:00","DateUpdated":"2017-02-14T22:24:19+00:00","DisplayName":"Appliance and Outlet Control","FriendlyId":"Habitat_Master-Appliance and Outlet Control","Id":"Entity-Category-Habitat_Master-Appliance and Outlet Control","Version":0,"IsPersisted":false,"Name":"Appliance and Outlet Control","Policies":{"$type":"System.Collections.Generic.List`1[[Sitecore.Commerce.Core.Policy, Sitecore.Commerce.Core]], mscorlib","$values":[]}},{"$type":"Sitecore.Commerce.Plugin.Catalog.Category, Sitecore.Commerce.Plugin.Catalog","Description":"","SitecoreId":"9b96f91a-93bd-07b3-ff38-ee81dc3337cd","ParentCatalogList":"59ddadc1-9b88-727e-9e14-3f6cf321ae0f","ParentCategoryList":"8174413c-c733-69a0-d61b-6ca583c234d4","ChildrenSellableItemList":"0872ff01-b393-c09a-5614-8a2de2b9b43a|d486ffe1-49e7-d63e-fc8a-b2a6573a20a1|c0d743f5-464a-7c40-3901-a64373396e2c","Components":{"$type":"System.Collections.Generic.List`1[[Sitecore.Commerce.Core.Component, Sitecore.Commerce.Core]], mscorlib","$values":[{"$type":"Sitecore.Commerce.Plugin.Catalog.CatalogsComponent, Sitecore.Commerce.Plugin.Catalog","Id":"3406d716af114265b347647bd428f698","Name":"","Comments":"","Policies":{"$type":"System.Collections.Generic.List`1[[Sitecore.Commerce.Core.Policy, Sitecore.Commerce.Core]], mscorlib","$values":[]},"ChildComponents":{"$type":"System.Collections.Generic.List`1[[Sitecore.Commerce.Core.Component, Sitecore.Commerce.Core]], mscorlib","$values":[{"$type":"Sitecore.Commerce.Plugin.Catalog.CatalogComponent, Sitecore.Commerce.Plugin.Catalog","ChildCategories":{"$type":"System.Collections.Generic.List`1[[Sitecore.Commerce.Plugin.Catalog.Category, Sitecore.Commerce.Plugin.Catalog]], mscorlib","$values":[]},"CatalogLanguages":{"$type":"System.Collections.Generic.List`1[[Sitecore.Commerce.Core.Language, Sitecore.Commerce.Core]], mscorlib","$values":[]},"ItemDefinition":"","Id":"cd0d77f13cf94771a47719371dd379d1","Name":"Habitat_Master","Comments":"","Policies":{"$type":"System.Collections.Generic.List`1[[Sitecore.Commerce.Core.Policy, Sitecore.Commerce.Core]], mscorlib","$values":[]},"ChildComponents":{"$type":"System.Collections.Generic.List`1[[Sitecore.Commerce.Core.Component, Sitecore.Commerce.Core]], mscorlib","$values":[]}}]}},{"$type":"Sitecore.Commerce.Core.MessagesComponent, Sitecore.Commerce.Core","Messages":{"$type":"System.Collections.Generic.List`1[[Sitecore.Commerce.Core.MessageModel, Sitecore.Commerce.Core]], mscorlib","$values":[{"$type":"Sitecore.Commerce.Core.MessageModel, Sitecore.Commerce.Core","Code":"MigrationMessage","Text":"Migrated from category with name='Smart Locks' in catalog 'Habitat_Master'","Id":"0bbf54a8eda348d697f28e68cd5f6426"}]},"Id":"396f499614744aa5889f1590817afdd2","Name":"","Comments":"","Policies":{"$type":"System.Collections.Generic.List`1[[Sitecore.Commerce.Core.Policy, Sitecore.Commerce.Core]], mscorlib","$values":[]},"ChildComponents":{"$type":"System.Collections.Generic.List`1[[Sitecore.Commerce.Core.Component, Sitecore.Commerce.Core]], mscorlib","$values":[]}},{"$type":"Sitecore.Commerce.Core.LocalizedEntityComponent, Sitecore.Commerce.Core","Entity":{"$type":"Sitecore.Commerce.Core.EntityReference, Sitecore.Commerce.Core","Name":"","EntityTarget":"Entity-LocalizationEntity-c740c519778f400d8f494451d8f5ebb5","Policies":{"$type":"System.Collections.Generic.List`1[[Sitecore.Commerce.Core.Policy, Sitecore.Commerce.Core]], mscorlib","$values":[]}},"Id":"604ca29181be4442ab3aff07b7fa474c","Name":"","Comments":"","Policies":{"$type":"System.Collections.Generic.List`1[[Sitecore.Commerce.Core.Policy, Sitecore.Commerce.Core]], mscorlib","$values":[]},"ChildComponents":{"$type":"System.Collections.Generic.List`1[[Sitecore.Commerce.Core.Component, Sitecore.Commerce.Core]], mscorlib","$values":[]}}]},"DateCreated":"2018-06-12T13:36:20.9432128+00:00","DateUpdated":"2017-02-14T22:24:19+00:00","DisplayName":"Smart Locks","FriendlyId":"Habitat_Master-Smart Locks","Id":"Entity-Category-Habitat_Master-Smart Locks","Version":0,"IsPersisted":false,"Name":"Smart Locks","Policies":{"$type":"System.Collections.Generic.List`1[[Sitecore.Commerce.Core.Policy, Sitecore.Commerce.Core]], mscorlib","$values":[]}},{"$type":"Sitecore.Commerce.Plugin.Catalog.Category, Sitecore.Commerce.Plugin.Catalog","Description":"","SitecoreId":"c4623f4f-3167-0ef3-0b8d-d1884233ff53","ParentCatalogList":"59ddadc1-9b88-727e-9e14-3f6cf321ae0f","ParentCategoryList":"b893c063-6238-ed57-700d-72862c56038d","ChildrenCategoryList":"0a73a68b-09d3-170b-bcae-2ad8b74da488|b6c43dca-3178-a8b3-a6a3-62078a309da6|c3ae4b30-c20d-1f98-232f-e04ecce4d873|7199cb3b-5aa3-bc42-5d1b-1accf315d932","ChildrenSellableItemList":"507f8ed2-ce2d-f426-b211-6033f291bf62|7024fb0d-66d8-58ae-2a95-371e57d22db1|2d3c1fba-2de6-b81d-4357-29e34dac983d|47c395e8-b52e-5870-a4d3-25f28d750df0|4419fb53-d9d1-3dc7-6f46-0fe93d24d7b1|cb64d001-1fbe-59dd-efc2-318da7e1d409|64ee2477-4daf-1835-773a-d3d2516eac10|d34b293b-330d-b047-cf10-e7a1578126d4|23e8a97e-b2d6-146e-d962-b3e3bd6fd2db|fce774eb-e1e6-2cec-65db-021b47cdb24f|8ac9fb06-0473-a83b-3b35-c6ef46f1ed11|49e99bfe-7e3f-2ee3-00d3-17c8a9e25957|0d90bd3d-d37f-833d-29db-fe55636c3948|888f7102-287b-690b-9fb2-e0c4b1faa875|f2b0874d-3467-f796-f73f-e1e61d9d23bb|4c5bf625-bca5-ab00-de98-0338cf27cc04|3186cbf1-196c-5f4f-4ba5-d41e9e20f9f8|57e31714-635f-4232-964c-f405ff5424a2|4389608f-a7fa-78ab-c731-18f10e005b0f|984124ea-2714-f146-ea05-74692457c826|5cd6d5d2-b2f0-ff23-a31e-4ab5f93f60ee|9d744ed1-3039-2dae-aa3a-97a6e4e18fdc|744fd05a-43e6-bec7-d364-c258b8dafcae|cf52784e-44cb-d53c-13a6-8ba0464a45a0|c58e6717-ed3f-7b77-f6d1-b48560267936|489bd80f-6a05-98d4-b75f-f984bfe947f3|f1b42e8e-9c63-8a2c-1eae-1f18570b4e5f|5b6250f0-e30a-c1d8-ef7c-7c42ca211896|ecda7c6a-69b5-a90c-a942-7e208129cfd9|0aa3786e-0d7c-ca6c-56d5-279d15730b14|2648e3db-2926-f7c8-f1f4-5e2aa6ff7980|b65fb716-ce99-4fb6-45f1-4e46f2e849a7|da8a841f-ba5a-b3df-2295-3f09b5a58ad8|e3c5ca87-45a8-bc22-5824-a1a9c298bd53|f9506c8e-fde9-9f6b-a653-bcc5bc91b9f5|550118dc-e465-1494-944b-f705246e33a9|ab373121-14e4-293d-1a18-e6e584e2581c|e7e8c70d-5e10-80a4-2610-66468060d023|2dbbfff5-b934-1519-d6e0-af9471471a3a|d601d506-06ad-37df-6232-2f7a43bd5440|3f3db683-d2a0-eb62-21e5-caa4ff670f8d|5b3b2b0b-5856-d428-6fd9-f1c3601eeed5|b891488f-2d73-f299-5fd3-9f0c264a5061|78b946b8-b52a-8de3-297a-aea964685fb8|18fe58ed-5d47-b75f-4494-d73ef166c569|3f89d08d-1634-0fd6-c73f-297da605d6fa|23684343-fccc-b1fa-eba6-b99ae9c0254f|634a63a0-8e2f-f4ea-9a42-980834e1f50c|c7b0e909-fa6c-b9b9-d48e-396b95cb21ad|e37aff75-07ef-e920-3265-8aac9c381624|9fa4d628-1990-50d8-9739-53a10d839e0a|2e6c309a-fc36-e9b2-8b14-bc483fedc436|d11744b4-f059-24bd-85cb-ac2a8c024f86|b28ec849-0388-1aae-9913-455bdbf648b7|c867b273-7cc9-05ab-60e5-3299bf6a1e90|fce95338-71f1-84cf-7639-24619ed5bd4c|4c00e1a5-cad6-0fd5-817d-8ce9ba604c5d|35dcb2bd-d4f6-4ab5-89a2-382b843ac25b|ba4943ef-e3be-ef24-66e8-a9deaad90570|fb444154-f6c5-7321-255e-54f86987eedd|0e1fc0e0-9b9b-a432-191e-ffa3c4cb84dd|fa77157a-d39b-5042-262a-77043afdfde1|dd743c03-c97a-7f11-a167-70a84886e5c7|17e67904-1b7e-58fa-6604-30faff803d3c|5277ea60-d96c-62e5-67b0-4f571e7cf217|cc7daea5-4ac7-963b-a062-93c97109eeeb|fd05d43d-174f-3aa6-b558-96dabb51aa3d|4edc9345-1006-56fd-1d9f-31bc24609a2c|af53ef1f-9503-3b80-a2e6-a63d2c23e233|c7aa44d6-bd31-2a61-4189-64b520a881fd|23ad0751-59e1-c5f0-b49e-163f902e2a5a|b03abc86-c522-3750-46a8-18c59d7d0249|794162ac-2f91-0100-5eed-7d229f251a66|b2dff672-fd86-889b-0b9a-1afb4b78aaa6|178d53b0-43f8-d0aa-5b22-ce66687554a2|290b39f5-9938-17c7-88b9-ceba6a981ccd|a97b6a12-d2ee-a6b3-3a2a-e4a064729431|1a18112e-29ed-dfd5-e384-2727702e5e6c|66bf66ba-5262-3ff0-5fe3-5a3ed022bc65|bd6fafe9-1711-92b8-c7ee-025af2865987|54ba24b5-37d4-a2fd-7cdf-a89b59bf5832|fa7b9558-5cca-08d0-54db-afa21ce18f81|a6dda2ea-cb61-f64b-8acf-96eae4153293|140c8615-ec62-acf7-f399-acc1cc094667|0870a660-b1e0-be83-8528-8e7a136b4eda|80bf831c-b68d-3ab8-48ea-a5a59068f3cf|e74eccc5-1cbb-a984-1b40-7e0de9524712|42aaf399-4feb-6419-2cbb-54cba276d6cf|c0b4bffa-c232-a3be-54e3-a97dd8f0f7dc|1e5a4205-8f01-36ec-414c-f7ec49ae52ab|af182f96-2c66-413b-019a-23a872407a37|d8948a10-ffdf-7425-1cd1-ac4df70690eb|1e49c200-e732-f3bc-9711-8f643e0f3b13|72013579-a5ff-c8eb-ef24-c99129df048a|05ef55d1-4f51-70b4-ec09-831091f34163|439cc42a-5fcf-9d16-36cb-59711334c4cd|dfaadb11-3890-a79a-7f59-4aa60c0c519e|8f48e186-2de0-6396-9ea6-a49155fec45d|cd9e747a-f343-405c-a99b-93280009af3d|8d70acae-367c-4228-4830-ba64b2e4aa62|a3b3a4ce-6730-b76c-4571-9079ee6b2057|1de57fc5-9bc8-aadd-eee6-28a9ff4f2d0a|94b57729-a804-0037-a665-5afeb6f42596|d15a7cca-1004-3c3d-1369-e93e7465b436|7b45eab8-d168-cac1-a394-eb13b0e60510|a41b0f97-ee10-6d53-aee0-927a6ac3b664|b19d5afa-f60e-8cb3-85fe-10f54feb62be|f3e5489a-3b81-f3ed-6e10-e04d91bc8411|622eb3cb-6210-d446-4008-5b7a7b7b4667|96167f8b-a9b6-7246-1da3-68012bbf5baa|d21e0bff-c54c-4c4b-6048-255fcd1d5ac1|aa01e789-83e2-6324-8c90-bec0ec24749e|7af40f40-8f15-1fbd-e643-cf6290e8505d|40c24a90-7fca-2b9c-82f0-86cadc0b363d|5ef8a90c-c7e6-4500-7144-b3262668fbf5|c673c299-04a2-bc3d-411d-4a88f3d13a3e|13cbc0f1-7d9c-4cb6-6487-03dc72572066|58aa656f-ad4a-c05f-2a27-2e1225070a1d|9bacc4e6-0ce0-a79e-de28-041218c7dca5|181864f6-f864-5aa6-ca68-bcb8f10cb9be|de3dca90-eb21-74ef-3b7e-725e0e934a8f|e5526c4b-4e93-f350-7865-796fa779e23f","Components":{"$type":"System.Collections.Generic.List`1[[Sitecore.Commerce.Core.Component, Sitecore.Commerce.Core]], mscorlib","$values":[{"$type":"Sitecore.Commerce.Plugin.Catalog.CatalogsComponent, Sitecore.Commerce.Plugin.Catalog","Id":"6aa1435399f0479eadfe2fd629c70fe3","Name":"","Comments":"","Policies":{"$type":"System.Collections.Generic.List`1[[Sitecore.Commerce.Core.Policy, Sitecore.Commerce.Core]], mscorlib","$values":[]},"ChildComponents":{"$type":"System.Collections.Generic.List`1[[Sitecore.Commerce.Core.Component, Sitecore.Commerce.Core]], mscorlib","$values":[{"$type":"Sitecore.Commerce.Plugin.Catalog.CatalogComponent, Sitecore.Commerce.Plugin.Catalog","ChildCategories":{"$type":"System.Collections.Generic.List`1[[Sitecore.Commerce.Plugin.Catalog.Category, Sitecore.Commerce.Plugin.Catalog]], mscorlib","$values":[]},"CatalogLanguages":{"$type":"System.Collections.Generic.List`1[[Sitecore.Commerce.Core.Language, Sitecore.Commerce.Core]], mscorlib","$values":[]},"ItemDefinition":"","Id":"4439f9cb188340cc9ed1fe8699922b5d","Name":"Habitat_Master","Comments":"","Policies":{"$type":"System.Collections.Generic.List`1[[Sitecore.Commerce.Core.Policy, Sitecore.Commerce.Core]], mscorlib","$values":[]},"ChildComponents":{"$type":"System.Collections.Generic.List`1[[Sitecore.Commerce.Core.Component, Sitecore.Commerce.Core]], mscorlib","$values":[]}}]}},{"$type":"Sitecore.Commerce.Core.MessagesComponent, Sitecore.Commerce.Core","Messages":{"$type":"System.Collections.Generic.List`1[[Sitecore.Commerce.Core.MessageModel, Sitecore.Commerce.Core]], mscorlib","$values":[{"$type":"Sitecore.Commerce.Core.MessageModel, Sitecore.Commerce.Core","Code":"MigrationMessage","Text":"Migrated from category with name='Gaming' in catalog 'Habitat_Master'","Id":"c1f9d3ebd7eb42239e0a783cc861d948"}]},"Id":"0e7df0d3cab84f3dab422dc7a956b67c","Name":"","Comments":"","Policies":{"$type":"System.Collections.Generic.List`1[[Sitecore.Commerce.Core.Policy, Sitecore.Commerce.Core]], mscorlib","$values":[]},"ChildComponents":{"$type":"System.Collections.Generic.List`1[[Sitecore.Commerce.Core.Component, Sitecore.Commerce.Core]], mscorlib","$values":[]}},{"$type":"Sitecore.Commerce.Core.LocalizedEntityComponent, Sitecore.Commerce.Core","Entity":{"$type":"Sitecore.Commerce.Core.EntityReference, Sitecore.Commerce.Core","Name":"","EntityTarget":"Entity-LocalizationEntity-431b3e42595a4b1ab8d3489cbd937fad","Policies":{"$type":"System.Collections.Generic.List`1[[Sitecore.Commerce.Core.Policy, Sitecore.Commerce.Core]], mscorlib","$values":[]}},"Id":"bd87462bccce46eea6a50cf0b95642b0","Name":"","Comments":"","Policies":{"$type":"System.Collections.Generic.List`1[[Sitecore.Commerce.Core.Policy, Sitecore.Commerce.Core]], mscorlib","$values":[]},"ChildComponents":{"$type":"System.Collections.Generic.List`1[[Sitecore.Commerce.Core.Component, Sitecore.Commerce.Core]], mscorlib","$values":[]}}]},"DateCreated":"2018-06-12T13:36:20.9602153+00:00","DateUpdated":"2017-02-14T22:24:19+00:00","DisplayName":"Gaming","FriendlyId":"Habitat_Master-Gaming","Id":"Entity-Category-Habitat_Master-Gaming","Version":0,"IsPersisted":false,"Name":"Gaming","Policies":{"$type":"System.Collections.Generic.List`1[[Sitecore.Commerce.Core.Policy, Sitecore.Commerce.Core]], mscorlib","$values":[]}},{"$type":"Sitecore.Commerce.Plugin.Catalog.Category, Sitecore.Commerce.Plugin.Catalog","Description":"","SitecoreId":"0a73a68b-09d3-170b-bcae-2ad8b74da488","ParentCatalogList":"59ddadc1-9b88-727e-9e14-3f6cf321ae0f","ParentCategoryList":"c4623f4f-3167-0ef3-0b8d-d1884233ff53","ChildrenSellableItemList":"507f8ed2-ce2d-f426-b211-6033f291bf62|7024fb0d-66d8-58ae-2a95-371e57d22db1|2d3c1fba-2de6-b81d-4357-29e34dac983d","Components":{"$type":"System.Collections.Generic.List`1[[Sitecore.Commerce.Core.Component, Sitecore.Commerce.Core]], mscorlib","$values":[{"$type":"Sitecore.Commerce.Plugin.Catalog.CatalogsComponent, Sitecore.Commerce.Plugin.Catalog","Id":"883ac2cabf0743ac8521d1ca34a92d1d","Name":"","Comments":"","Policies":{"$type":"System.Collections.Generic.List`1[[Sitecore.Commerce.Core.Policy, Sitecore.Commerce.Core]], mscorlib","$values":[]},"ChildComponents":{"$type":"System.Collections.Generic.List`1[[Sitecore.Commerce.Core.Component, Sitecore.Commerce.Core]], mscorlib","$values":[{"$type":"Sitecore.Commerce.Plugin.Catalog.CatalogComponent, Sitecore.Commerce.Plugin.Catalog","ChildCategories":{"$type":"System.Collections.Generic.List`1[[Sitecore.Commerce.Plugin.Catalog.Category, Sitecore.Commerce.Plugin.Catalog]], mscorlib","$values":[]},"CatalogLanguages":{"$type":"System.Collections.Generic.List`1[[Sitecore.Commerce.Core.Language, Sitecore.Commerce.Core]], mscorlib","$values":[]},"ItemDefinition":"","Id":"a47a2c88bb2448bdbe7a4e03a947a409","Name":"Habitat_Master","Comments":"","Policies":{"$type":"System.Collections.Generic.List`1[[Sitecore.Commerce.Core.Policy, Sitecore.Commerce.Core]], mscorlib","$values":[]},"ChildComponents":{"$type":"System.Collections.Generic.List`1[[Sitecore.Commerce.Core.Component, Sitecore.Commerce.Core]], mscorlib","$values":[]}}]}},{"$type":"Sitecore.Commerce.Core.MessagesComponent, Sitecore.Commerce.Core","Messages":{"$type":"System.Collections.Generic.List`1[[Sitecore.Commerce.Core.MessageModel, Sitecore.Commerce.Core]], mscorlib","$values":[{"$type":"Sitecore.Commerce.Core.MessageModel, Sitecore.Commerce.Core","Code":"MigrationMessage","Text":"Migrated from category with name='Consoles' in catalog 'Habitat_Master'","Id":"62e8b5c58aa04d7980c2ba0d422d6b90"}]},"Id":"5428e9959ece4184bb22a77787e6cac0","Name":"","Comments":"","Policies":{"$type":"System.Collections.Generic.List`1[[Sitecore.Commerce.Core.Policy, Sitecore.Commerce.Core]], mscorlib","$values":[]},"ChildComponents":{"$type":"System.Collections.Generic.List`1[[Sitecore.Commerce.Core.Component, Sitecore.Commerce.Core]], mscorlib","$values":[]}},{"$type":"Sitecore.Commerce.Core.LocalizedEntityComponent, Sitecore.Commerce.Core","Entity":{"$type":"Sitecore.Commerce.Core.EntityReference, Sitecore.Commerce.Core","Name":"","EntityTarget":"Entity-LocalizationEntity-b106890ee1494edb8cd1333252317985","Policies":{"$type":"System.Collections.Generic.List`1[[Sitecore.Commerce.Core.Policy, Sitecore.Commerce.Core]], mscorlib","$values":[]}},"Id":"67cac2f667b94b2897fba8f389c0fab3","Name":"","Comments":"","Policies":{"$type":"System.Collections.Generic.List`1[[Sitecore.Commerce.Core.Policy, Sitecore.Commerce.Core]], mscorlib","$values":[]},"ChildComponents":{"$type":"System.Collections.Generic.List`1[[Sitecore.Commerce.Core.Component, Sitecore.Commerce.Core]], mscorlib","$values":[]}}]},"DateCreated":"2018-06-12T13:36:20.9612124+00:00","DateUpdated":"2017-02-14T22:24:19+00:00","DisplayName":"Consoles","FriendlyId":"Habitat_Master-Consoles","Id":"Entity-Category-Habitat_Master-Consoles","Version":0,"IsPersisted":false,"Name":"Consoles","Policies":{"$type":"System.Collections.Generic.List`1[[Sitecore.Commerce.Core.Policy, Sitecore.Commerce.Core]], mscorlib","$values":[]}}]}