{"$type":"System.Collections.Generic.List`1[[Sitecore.Commerce.Plugin.Catalog.Category, Sitecore.Commerce.Plugin.Catalog]], mscorlib","$values":[{"$type":"Sitecore.Commerce.Plugin.Catalog.Category, Sitecore.Commerce.Plugin.Catalog","Description":"","SitecoreId":"7a8bdb1c-2976-02d7-0541-bf45307ea54a","ParentCatalogList":"59ddadc1-9b88-727e-9e14-3f6cf321ae0f","ParentCategoryList":"e9f2e3a7-0575-0632-b67e-5e65092230c3","ChildrenSellableItemList":"0f297cd8-ba37-5c2c-51ce-9cee009907f9|a5d9ddc2-7166-9fbb-7c7b-e61c47e09f2b|1cb7ba40-e2c9-7802-bfd0-5211b9ebe59d|1f000d3a-7309-0f34-3471-2f1ff3b8ba00|ac52a737-d24e-ab04-ac8e-40c66de96468|675c6faf-3498-dab1-8dae-0cf390d69975|9e2f49c7-d8ec-a7d5-178e-f4f641911acd|8b60cf50-6a65-0387-e46c-ef2b7bcf1f73|0736ef8c-4e6b-b79c-d328-ffed1b87418d|8aebe114-66ed-1918-a829-3f5beec112bd|4123e467-fc5b-d9ed-d855-2a6b341d53c2|f461397d-f475-5e40-114a-e3341ad866e0|5341331f-934e-c0d7-3c3c-cdbc9ca4d398","Components":{"$type":"System.Collections.Generic.List`1[[Sitecore.Commerce.Core.Component, Sitecore.Commerce.Core]], mscorlib","$values":[{"$type":"Sitecore.Commerce.Plugin.Catalog.CatalogsComponent, Sitecore.Commerce.Plugin.Catalog","Id":"449916dc12634c79929a8dcefc00c5bf","Name":"","Comments":"","Policies":{"$type":"System.Collections.Generic.List`1[[Sitecore.Commerce.Core.Policy, Sitecore.Commerce.Core]], mscorlib","$values":[]},"ChildComponents":{"$type":"System.Collections.Generic.List`1[[Sitecore.Commerce.Core.Component, Sitecore.Commerce.Core]], mscorlib","$values":[{"$type":"Sitecore.Commerce.Plugin.Catalog.CatalogComponent, Sitecore.Commerce.Plugin.Catalog","ChildCategories":{"$type":"System.Collections.Generic.List`1[[Sitecore.Commerce.Plugin.Catalog.Category, Sitecore.Commerce.Plugin.Catalog]], mscorlib","$values":[]},"CatalogLanguages":{"$type":"System.Collections.Generic.List`1[[Sitecore.Commerce.Core.Language, Sitecore.Commerce.Core]], mscorlib","$values":[]},"ItemDefinition":"","Id":"3b34504f24754ca6afccc036f68ea698","Name":"Habitat_Master","Comments":"","Policies":{"$type":"System.Collections.Generic.List`1[[Sitecore.Commerce.Core.Policy, Sitecore.Commerce.Core]], mscorlib","$values":[]},"ChildComponents":{"$type":"System.Collections.Generic.List`1[[Sitecore.Commerce.Core.Component, Sitecore.Commerce.Core]], mscorlib","$values":[]}}]}},{"$type":"Sitecore.Commerce.Core.MessagesComponent, Sitecore.Commerce.Core","Messages":{"$type":"System.Collections.Generic.List`1[[Sitecore.Commerce.Core.MessageModel, Sitecore.Commerce.Core]], mscorlib","$values":[{"$type":"Sitecore.Commerce.Core.MessageModel, Sitecore.Commerce.Core","Code":"MigrationMessage","Text":"Migrated from category with name='Camcorders' in catalog 'Habitat_Master'","Id":"c215728fb91e41cbaca3dbb8cce736ed"}]},"Id":"27c0e88ce03d46e68956809f9fe589eb","Name":"","Comments":"","Policies":{"$type":"System.Collections.Generic.List`1[[Sitecore.Commerce.Core.Policy, Sitecore.Commerce.Core]], mscorlib","$values":[]},"ChildComponents":{"$type":"System.Collections.Generic.List`1[[Sitecore.Commerce.Core.Component, Sitecore.Commerce.Core]], mscorlib","$values":[]}},{"$type":"Sitecore.Commerce.Core.LocalizedEntityComponent, Sitecore.Commerce.Core","Entity":{"$type":"Sitecore.Commerce.Core.EntityReference, Sitecore.Commerce.Core","Name":"","EntityTarget":"Entity-LocalizationEntity-0738f04ec664416ebb23301d44a186e6","Policies":{"$type":"System.Collections.Generic.List`1[[Sitecore.Commerce.Core.Policy, Sitecore.Commerce.Core]], mscorlib","$values":[]}},"Id":"d8c364e28eb44803a230b01cec5ac9c7","Name":"","Comments":"","Policies":{"$type":"System.Collections.Generic.List`1[[Sitecore.Commerce.Core.Policy, Sitecore.Commerce.Core]], mscorlib","$values":[]},"ChildComponents":{"$type":"System.Collections.Generic.List`1[[Sitecore.Commerce.Core.Component, Sitecore.Commerce.Core]], mscorlib","$values":[]}}]},"DateCreated":"2018-06-12T13:36:20.6002479+00:00","DateUpdated":"2017-02-14T22:24:13+00:00","DisplayName":"Camcorders","FriendlyId":"Habitat_Master-Camcorders","Id":"Entity-Category-Habitat_Master-Camcorders","Version":0,"IsPersisted":false,"Name":"Camcorders","Policies":{"$type":"System.Collections.Generic.List`1[[Sitecore.Commerce.Core.Policy, Sitecore.Commerce.Core]], mscorlib","$values":[]}},{"$type":"Sitecore.Commerce.Plugin.Catalog.Category, Sitecore.Commerce.Plugin.Catalog","Description":"","SitecoreId":"dc456a04-4709-48a5-fdbb-ead9bd1e957b","ParentCatalogList":"59ddadc1-9b88-727e-9e14-3f6cf321ae0f","ParentCategoryList":"e9f2e3a7-0575-0632-b67e-5e65092230c3","ChildrenSellableItemList":"4469d090-320d-9d51-efc3-20de29699e6e|9d100531-dd4e-b4a0-f951-e2f913c21f96|c6b3bffc-fcb0-a2b4-3a36-e3d20709f470|58051c31-a7f6-9001-e1df-eead0c77ba95|83f80412-c352-c14e-cb9f-52a3ad896981|1fa7a8a3-fcc2-cb2b-4181-d636ffa490db|4cbafc57-db7f-2e83-275d-eb834c486636","Components":{"$type":"System.Collections.Generic.List`1[[Sitecore.Commerce.Core.Component, Sitecore.Commerce.Core]], mscorlib","$values":[{"$type":"Sitecore.Commerce.Plugin.Catalog.CatalogsComponent, Sitecore.Commerce.Plugin.Catalog","Id":"3e78ea2f348f4d9da5129cf7da3c6a28","Name":"","Comments":"","Policies":{"$type":"System.Collections.Generic.List`1[[Sitecore.Commerce.Core.Policy, Sitecore.Commerce.Core]], mscorlib","$values":[]},"ChildComponents":{"$type":"System.Collections.Generic.List`1[[Sitecore.Commerce.Core.Component, Sitecore.Commerce.Core]], mscorlib","$values":[{"$type":"Sitecore.Commerce.Plugin.Catalog.CatalogComponent, Sitecore.Commerce.Plugin.Catalog","ChildCategories":{"$type":"System.Collections.Generic.List`1[[Sitecore.Commerce.Plugin.Catalog.Category, Sitecore.Commerce.Plugin.Catalog]], mscorlib","$values":[]},"CatalogLanguages":{"$type":"System.Collections.Generic.List`1[[Sitecore.Commerce.Core.Language, Sitecore.Commerce.Core]], mscorlib","$values":[]},"ItemDefinition":"","Id":"922faa2c7efc49669aa411ebc25371e5","Name":"Habitat_Master","Comments":"","Policies":{"$type":"System.Collections.Generic.List`1[[Sitecore.Commerce.Core.Policy, Sitecore.Commerce.Core]], mscorlib","$values":[]},"ChildComponents":{"$type":"System.Collections.Generic.List`1[[Sitecore.Commerce.Core.Component, Sitecore.Commerce.Core]], mscorlib","$values":[]}}]}},{"$type":"Sitecore.Commerce.Core.MessagesComponent, Sitecore.Commerce.Core","Messages":{"$type":"System.Collections.Generic.List`1[[Sitecore.Commerce.Core.MessageModel, Sitecore.Commerce.Core]], mscorlib","$values":[{"$type":"Sitecore.Commerce.Core.MessageModel, Sitecore.Commerce.Core","Code":"MigrationMessage","Text":"Migrated from category with name='Drones' in catalog 'Habitat_Master'","Id":"471ec0395a48481c96507acdaa3bdaa9"}]},"Id":"c7b3921c3a6c4e949ef568ef75e221f1","Name":"","Comments":"","Policies":{"$type":"System.Collections.Generic.List`1[[Sitecore.Commerce.Core.Policy, Sitecore.Commerce.Core]], mscorlib","$values":[]},"ChildComponents":{"$type":"System.Collections.Generic.List`1[[Sitecore.Commerce.Core.Component, Sitecore.Commerce.Core]], mscorlib","$values":[]}},{"$type":"Sitecore.Commerce.Core.LocalizedEntityComponent, Sitecore.Commerce.Core","Entity":{"$type":"Sitecore.Commerce.Core.EntityReference, Sitecore.Commerce.Core","Name":"","EntityTarget":"Entity-LocalizationEntity-3a7230dd40a042b48c2a2875698aae8d","Policies":{"$type":"System.Collections.Generic.List`1[[Sitecore.Commerce.Core.Policy, Sitecore.Commerce.Core]], mscorlib","$values":[]}},"Id":"20b623ae57184acc9c29be11a5b1845f","Name":"","Comments":"","Policies":{"$type":"System.Collections.Generic.List`1[[Sitecore.Commerce.Core.Policy, Sitecore.Commerce.Core]], mscorlib","$values":[]},"ChildComponents":{"$type":"System.Collections.Generic.List`1[[Sitecore.Commerce.Core.Component, Sitecore.Commerce.Core]], mscorlib","$values":[]}}]},"DateCreated":"2018-06-12T13:36:20.6311867+00:00","DateUpdated":"2017-02-14T22:24:14+00:00","DisplayName":"Drones","FriendlyId":"Habitat_Master-Drones","Id":"Entity-Category-Habitat_Master-Drones","Version":0,"IsPersisted":false,"Name":"Drones","Policies":{"$type":"System.Collections.Generic.List`1[[Sitecore.Commerce.Core.Policy, Sitecore.Commerce.Core]], mscorlib","$values":[]}},{"$type":"Sitecore.Commerce.Plugin.Catalog.Category, Sitecore.Commerce.Plugin.Catalog","Description":"","SitecoreId":"9bf95fed-d29e-e85d-5eee-94c7f378fa34","ParentCatalogList":"59ddadc1-9b88-727e-9e14-3f6cf321ae0f","ParentCategoryList":"e9f2e3a7-0575-0632-b67e-5e65092230c3","ChildrenSellableItemList":"66b98407-efbe-99a5-8e2d-371b9d562bc9|445cc8f8-010d-d273-5f4b-2540fba23183|72b8809c-ff17-ef64-faf3-813e75e0d728|00676b07-8cea-a9db-ac20-da1314cb67da|59cf2a98-63d4-b502-9781-200a9b1b0a02|8897e068-c583-9e4a-a5f9-ff341685c54b|c73b2562-14c7-dba4-2b63-4f3881513e92|21daef3d-c5cb-8625-b929-175d1c3aef59|24d1827a-03be-62c6-2e56-c886b0b2864b|d563419b-db13-4e4e-5761-b39410598118|28a9aba4-7ffe-d6e5-a52e-32bad32b7a58|439e1f96-1dfd-9a12-192a-0ad81612fb13|80a320c7-86f8-323b-0098-f8b8f1860d23|3ca52e9f-66ab-0fb7-1802-a46a2d30c7c9|2b66aa95-a7b5-983e-9ceb-ce438f9ce230|de37c669-bb4f-757f-4eef-08a2849cbd2b|bf0fd865-ea09-f9f0-c463-4d542cd0f522|447a7a56-8892-c21b-67eb-7b1d529903f8|de88e946-a37b-0262-0784-91a129a75225|e9f8e2d7-8e81-5d0a-715d-556a1c96e393|0a4d6b2e-5a96-bcf1-9f57-b4c76d637bff|f0e89bd1-e49b-d862-caa4-0a9308846f84|410cfbd0-b55a-bbca-a029-1f931d242849|ec0e4cb6-43d2-d882-e8cb-8a3b42ccc6b2|1f0e4449-f5e2-661d-7946-54b2afdd95c3|15793178-e183-32fa-8460-e55a5cadf03a|8f6fbe76-b839-492d-22cf-79b71dc82a8f|f8c3f20b-8f3c-9010-a27f-e3d6b21ae9b4|777e88dd-fb1b-1659-f4ba-f3d60b9f143e|db442699-1c0b-51be-77e2-9db0c4d31329|00645b0b-2538-b4dd-d839-ec54e0c1bd0b","Components":{"$type":"System.Collections.Generic.List`1[[Sitecore.Commerce.Core.Component, Sitecore.Commerce.Core]], mscorlib","$values":[{"$type":"Sitecore.Commerce.Plugin.Catalog.CatalogsComponent, Sitecore.Commerce.Plugin.Catalog","Id":"d7ee65c414a643f380972bf03294cde0","Name":"","Comments":"","Policies":{"$type":"System.Collections.Generic.List`1[[Sitecore.Commerce.Core.Policy, Sitecore.Commerce.Core]], mscorlib","$values":[]},"ChildComponents":{"$type":"System.Collections.Generic.List`1[[Sitecore.Commerce.Core.Component, Sitecore.Commerce.Core]], mscorlib","$values":[{"$type":"Sitecore.Commerce.Plugin.Catalog.CatalogComponent, Sitecore.Commerce.Plugin.Catalog","ChildCategories":{"$type":"System.Collections.Generic.List`1[[Sitecore.Commerce.Plugin.Catalog.Category, Sitecore.Commerce.Plugin.Catalog]], mscorlib","$values":[]},"CatalogLanguages":{"$type":"System.Collections.Generic.List`1[[Sitecore.Commerce.Core.Language, Sitecore.Commerce.Core]], mscorlib","$values":[]},"ItemDefinition":"","Id":"c79e65572c534fe0af231b223dc688ec","Name":"Habitat_Master","Comments":"","Policies":{"$type":"System.Collections.Generic.List`1[[Sitecore.Commerce.Core.Policy, Sitecore.Commerce.Core]], mscorlib","$values":[]},"ChildComponents":{"$type":"System.Collections.Generic.List`1[[Sitecore.Commerce.Core.Component, Sitecore.Commerce.Core]], mscorlib","$values":[]}}]}},{"$type":"Sitecore.Commerce.Core.MessagesComponent, Sitecore.Commerce.Core","Messages":{"$type":"System.Collections.Generic.List`1[[Sitecore.Commerce.Core.MessageModel, Sitecore.Commerce.Core]], mscorlib","$values":[{"$type":"Sitecore.Commerce.Core.MessageModel, Sitecore.Commerce.Core","Code":"MigrationMessage","Text":"Migrated from category with name='Camera Accessories' in catalog 'Habitat_Master'","Id":"9a1a657441f6422ea3de8f41f37f5840"}]},"Id":"1dad9684eb804739b3bc6df933c76999","Name":"","Comments":"","Policies":{"$type":"System.Collections.Generic.List`1[[Sitecore.Commerce.Core.Policy, Sitecore.Commerce.Core]], mscorlib","$values":[]},"ChildComponents":{"$type":"System.Collections.Generic.List`1[[Sitecore.Commerce.Core.Component, Sitecore.Commerce.Core]], mscorlib","$values":[]}},{"$type":"Sitecore.Commerce.Core.LocalizedEntityComponent, Sitecore.Commerce.Core","Entity":{"$type":"Sitecore.Commerce.Core.EntityReference, Sitecore.Commerce.Core","Name":"","EntityTarget":"Entity-LocalizationEntity-fb82ba9e45194200b6c66e10efae75af","Policies":{"$type":"System.Collections.Generic.List`1[[Sitecore.Commerce.Core.Policy, Sitecore.Commerce.Core]], mscorlib","$values":[]}},"Id":"7fcd5670ffe045fd82292027fc11b552","Name":"","Comments":"","Policies":{"$type":"System.Collections.Generic.List`1[[Sitecore.Commerce.Core.Policy, Sitecore.Commerce.Core]], mscorlib","$values":[]},"ChildComponents":{"$type":"System.Collections.Generic.List`1[[Sitecore.Commerce.Core.Component, Sitecore.Commerce.Core]], mscorlib","$values":[]}}]},"DateCreated":"2018-06-12T13:36:20.6591899+00:00","DateUpdated":"2017-02-14T22:24:14+00:00","DisplayName":"Camera Accessories","FriendlyId":"Habitat_Master-Camera Accessories","Id":"Entity-Category-Habitat_Master-Camera Accessories","Version":0,"IsPersisted":false,"Name":"Camera Accessories","Policies":{"$type":"System.Collections.Generic.List`1[[Sitecore.Commerce.Core.Policy, Sitecore.Commerce.Core]], mscorlib","$values":[]}},{"$type":"Sitecore.Commerce.Plugin.Catalog.Category, Sitecore.Commerce.Plugin.Catalog","Description":"","SitecoreId":"90deffb1-c749-6b99-342e-42c37c63375d","ParentCatalogList":"59ddadc1-9b88-727e-9e14-3f6cf321ae0f","ParentCategoryList":"e9f2e3a7-0575-0632-b67e-5e65092230c3","ChildrenSellableItemList":"c7e24e9f-614a-f314-81be-58deada94fcc|341e6613-646f-f0b9-02f0-b3cb7eef6833|20bb91f2-6be5-652a-72c1-a785bde859c9|75ba9a8f-a42e-8608-f0a8-3e8ce5f8f265|b4b20247-f1df-d3b7-a240-38a6eac0e62b|2f1dab86-66af-3a1f-e38f-17bb3b8f1563|039346c9-234c-1577-c733-1d9c8e5e3fcf|8beee4bf-4394-70d9-fcd3-3000bb50520e|c6900f4f-c1c2-28a5-0c36-e9463d7a3925|0e89b0e6-b8aa-0019-a33e-260073e3f4dd|f2003d41-f55a-d0d3-8ae4-9953b1922bfa|a60d0b1f-66c8-88f3-dce9-ad292df4694b|592ffa85-3ede-2c62-95e8-341abe7ab8a0","Components":{"$type":"System.Collections.Generic.List`1[[Sitecore.Commerce.Core.Component, Sitecore.Commerce.Core]], mscorlib","$values":[{"$type":"Sitecore.Commerce.Plugin.Catalog.CatalogsComponent, Sitecore.Commerce.Plugin.Catalog","Id":"410bf0e519d14bac854d816d6c952839","Name":"","Comments":"","Policies":{"$type":"System.Collections.Generic.List`1[[Sitecore.Commerce.Core.Policy, Sitecore.Commerce.Core]], mscorlib","$values":[]},"ChildComponents":{"$type":"System.Collections.Generic.List`1[[Sitecore.Commerce.Core.Component, Sitecore.Commerce.Core]], mscorlib","$values":[{"$type":"Sitecore.Commerce.Plugin.Catalog.CatalogComponent, Sitecore.Commerce.Plugin.Catalog","ChildCategories":{"$type":"System.Collections.Generic.List`1[[Sitecore.Commerce.Plugin.Catalog.Category, Sitecore.Commerce.Plugin.Catalog]], mscorlib","$values":[]},"CatalogLanguages":{"$type":"System.Collections.Generic.List`1[[Sitecore.Commerce.Core.Language, Sitecore.Commerce.Core]], mscorlib","$values":[]},"ItemDefinition":"","Id":"96bb85b112704994b685da40cb7264f5","Name":"Habitat_Master","Comments":"","Policies":{"$type":"System.Collections.Generic.List`1[[Sitecore.Commerce.Core.Policy, Sitecore.Commerce.Core]], mscorlib","$values":[]},"ChildComponents":{"$type":"System.Collections.Generic.List`1[[Sitecore.Commerce.Core.Component, Sitecore.Commerce.Core]], mscorlib","$values":[]}}]}},{"$type":"Sitecore.Commerce.Core.MessagesComponent, Sitecore.Commerce.Core","Messages":{"$type":"System.Collections.Generic.List`1[[Sitecore.Commerce.Core.MessageModel, Sitecore.Commerce.Core]], mscorlib","$values":[{"$type":"Sitecore.Commerce.Core.MessageModel, Sitecore.Commerce.Core","Code":"MigrationMessage","Text":"Migrated from category with name='Warranties and Services' in catalog 'Habitat_Master'","Id":"893701b9214343e6b3fc22bf74a751ad"}]},"Id":"21d022333b9542cc935404cfcb3aa01f","Name":"","Comments":"","Policies":{"$type":"System.Collections.Generic.List`1[[Sitecore.Commerce.Core.Policy, Sitecore.Commerce.Core]], mscorlib","$values":[]},"ChildComponents":{"$type":"System.Collections.Generic.List`1[[Sitecore.Commerce.Core.Component, Sitecore.Commerce.Core]], mscorlib","$values":[]}},{"$type":"Sitecore.Commerce.Core.LocalizedEntityComponent, Sitecore.Commerce.Core","Entity":{"$type":"Sitecore.Commerce.Core.EntityReference, Sitecore.Commerce.Core","Name":"","EntityTarget":"Entity-LocalizationEntity-35396d5fea5644e8a4538872c58e4461","Policies":{"$type":"System.Collections.Generic.List`1[[Sitecore.Commerce.Core.Policy, Sitecore.Commerce.Core]], mscorlib","$values":[]}},"Id":"8383c758d6f349439af4645170fdee09","Name":"","Comments":"","Policies":{"$type":"System.Collections.Generic.List`1[[Sitecore.Commerce.Core.Policy, Sitecore.Commerce.Core]], mscorlib","$values":[]},"ChildComponents":{"$type":"System.Collections.Generic.List`1[[Sitecore.Commerce.Core.Component, Sitecore.Commerce.Core]], mscorlib","$values":[]}}]},"DateCreated":"2018-06-12T13:36:20.7241943+00:00","DateUpdated":"2017-02-14T22:24:15+00:00","DisplayName":"Warranties and Services","FriendlyId":"Habitat_Master-Warranties and Services","Id":"Entity-Category-Habitat_Master-Warranties and Services","Version":0,"IsPersisted":false,"Name":"Warranties and Services","Policies":{"$type":"System.Collections.Generic.List`1[[Sitecore.Commerce.Core.Policy, Sitecore.Commerce.Core]], mscorlib","$values":[]}},{"$type":"Sitecore.Commerce.Plugin.Catalog.Category, Sitecore.Commerce.Plugin.Catalog","Description":"","SitecoreId":"994ec8cb-fe90-5071-a631-4458b1e83db3","ParentCatalogList":"59ddadc1-9b88-727e-9e14-3f6cf321ae0f","ParentCategoryList":"b893c063-6238-ed57-700d-72862c56038d","ChildrenCategoryList":"d7f45dfb-f7c0-ddca-a689-b402eacdddcd|d3b75bfd-df0f-723a-d9ea-1fd1209cbc41|f9c1fbf9-0a17-4723-5ba4-f97ab9ee1969|91c3f435-581a-facc-378e-78f7cc4c05e2|b035e970-3358-9bc3-9964-26fc663eb941|1a08462b-9089-cdd6-f751-6eb09c13d948|64f0b62e-2b0b-c80f-97e5-626db9d3c6df|1e660ba0-96b1-fb0f-7b08-d89957cf5920","ChildrenSellableItemList":"50df105f-4261-0e11-5934-0f902b1181ae|8dcb7d40-0134-fc8b-b905-bf7d5eff11a0|fd296f24-900c-0a1f-686f-cf13a127016e|a59ade41-926b-ab04-640a-3e609cba4423|39ced455-f74f-4c8d-18ed-146876c69c4d|7af175a9-fcf8-e23e-c31a-92fbdca357cb|7afe9362-61d1-2fd8-335e-24e99da61849|4f1b464e-28e4-7d75-c161-b2e52ad728b6|92a7d2cc-91ad-5223-26ba-cb88c8612c71|ce6e1ae4-bdd4-0097-2b28-1a5602b14407|09f503ba-d8f9-74bc-91c5-047c61243577|f5cd0a2e-bb1d-f6ab-6c96-925a4d4be610|3624a3b9-67ec-54f9-a2c6-a08b794fb935|251e2d19-1cd9-51d2-d34d-a1ccd5c0baa2|12e1623e-91ab-a77b-141a-48094ce79493|dfa5fce3-41b1-45d5-aa8f-9a9ecd40a113|bf77cc91-9cff-0716-9df8-a933e5a2522c|f141cb94-d0b4-df81-9e1b-97c6f8a5fa36|f62d3f0a-8805-f874-a309-fea9584e0628|9035f78f-c12c-2fd0-1728-8a5d3bea5c91|8013bd3a-fc82-d19e-e743-d12dd6bc2e0a|fb617148-72ec-099d-ff1d-4c9be802bbb3|cc64146d-8217-9bd1-aa1a-a0848453a8af|c6ccf94e-7c87-da1d-a515-e96f022b84b9|b4cb59e3-603f-b754-02dd-929fc8716815|8d67a004-259a-478a-cdcc-1fbf41842411|7cf78cac-e8ac-e653-112b-ab606a889cf6|dd273d02-a496-6e40-608d-dda380bc2407|3428ea36-a47b-5717-3837-ed295c9a2e42|d4e07b4e-13ba-c202-f519-0a787e71379b|8811a85a-9f27-0242-fb1c-b90426706742|a4a293d6-27b7-6ed6-da09-585478ae5b52|fe4e613f-a712-8cea-bf0b-98e6ec48b900|a39d158f-828f-611b-c029-08842b3a88e5|f92320b9-db7b-9ac6-14e9-68ee9f3832d5|3c56fa06-f978-bc65-ff85-5bcdd2ec1c70|17ff768f-aa59-c7c8-e6fe-3fe3e8a0fe9a|0831c154-10d8-416d-ff52-a32585d1ac21|eeec172a-c7ea-118e-17a0-a0cf94651a43|44a7d362-a0fe-898e-4e94-6da034b33e10|576fa50a-2b1f-808a-103e-36a5ed292332|6ccb1d18-76b8-1dfb-dc52-384ca3e5348e|23f443c9-dd26-5959-21a1-7ca3a4137604|b2d74163-bafd-1432-d857-22575e0324f6|f1e55329-78d7-2980-974a-7c68f64408be|48ddafe3-ab81-dd1d-a85c-85a66edeabeb|75c16e98-e71b-d88c-91c7-3d6ac0fb0275|7b5dda2f-be7f-41b8-860b-153ede91727a|cf2923f6-aea3-c6bf-b20e-e21a6cba16b2|59f4429f-d5a0-ee0f-f382-81c80080a781|bf477d0c-e00c-6b02-f5be-62b332675120|bb515d29-4d7f-4699-1aa4-a4be54c69bad|711b562a-351c-f205-ac26-8e6c1bb69463|47d73126-e8ac-b27f-8a6d-225ea549e2f0|91b09876-d90a-4dcf-5ff5-72dbb63fbb54|2b10f4c0-6909-aaa5-65ff-b5f65f40d0be|9ddd5b33-18fa-c6ca-3ca0-94c1c218690d|1e548ea1-5aca-896d-b8cb-77f084cf1f36|4833eb6b-a08e-4b16-8a74-c9385cd9258e|21ff5396-9669-7e1a-5653-8f452f1456d1|0579924a-66bf-0787-caf1-0f0f07ff17dd|d80e8919-c7d5-46da-7953-c304de042e62|55a80fc4-9dfe-c60a-42a0-631d875c502e|92c1a0f3-be99-e61e-6e7b-410348a2761b|13b819b5-f1db-e510-8188-8ae61a910d9e|487dd191-e26f-8edd-366d-373130a4f1e2|20bb91f2-6be5-652a-72c1-a785bde859c9","Components":{"$type":"System.Collections.Generic.List`1[[Sitecore.Commerce.Core.Component, Sitecore.Commerce.Core]], mscorlib","$values":[{"$type":"Sitecore.Commerce.Plugin.Catalog.CatalogsComponent, Sitecore.Commerce.Plugin.Catalog","Id":"155296be68ef4bb0adc7d45ab5cb02ba","Name":"","Comments":"","Policies":{"$type":"System.Collections.Generic.List`1[[Sitecore.Commerce.Core.Policy, Sitecore.Commerce.Core]], mscorlib","$values":[]},"ChildComponents":{"$type":"System.Collections.Generic.List`1[[Sitecore.Commerce.Core.Component, Sitecore.Commerce.Core]], mscorlib","$values":[{"$type":"Sitecore.Commerce.Plugin.Catalog.CatalogComponent, Sitecore.Commerce.Plugin.Catalog","ChildCategories":{"$type":"System.Collections.Generic.List`1[[Sitecore.Commerce.Plugin.Catalog.Category, Sitecore.Commerce.Plugin.Catalog]], mscorlib","$values":[]},"CatalogLanguages":{"$type":"System.Collections.Generic.List`1[[Sitecore.Commerce.Core.Language, Sitecore.Commerce.Core]], mscorlib","$values":[]},"ItemDefinition":"","Id":"a1f6d39f4e404391a29f820be0ad35d9","Name":"Habitat_Master","Comments":"","Policies":{"$type":"System.Collections.Generic.List`1[[Sitecore.Commerce.Core.Policy, Sitecore.Commerce.Core]], mscorlib","$values":[]},"ChildComponents":{"$type":"System.Collections.Generic.List`1[[Sitecore.Commerce.Core.Component, Sitecore.Commerce.Core]], mscorlib","$values":[]}}]}},{"$type":"Sitecore.Commerce.Core.MessagesComponent, Sitecore.Commerce.Core","Messages":{"$type":"System.Collections.Generic.List`1[[Sitecore.Commerce.Core.MessageModel, Sitecore.Commerce.Core]], mscorlib","$values":[{"$type":"Sitecore.Commerce.Core.MessageModel, Sitecore.Commerce.Core","Code":"MigrationMessage","Text":"Migrated from category with name='Computers and Tablets' in catalog 'Habitat_Master'","Id":"2dadc937e0894183aaee67c173d55e6e"}]},"Id":"5a074cdedff44ddf8d86e4ba71efaa76","Name":"","Comments":"","Policies":{"$type":"System.Collections.Generic.List`1[[Sitecore.Commerce.Core.Policy, Sitecore.Commerce.Core]], mscorlib","$values":[]},"ChildComponents":{"$type":"System.Collections.Generic.List`1[[Sitecore.Commerce.Core.Component, Sitecore.Commerce.Core]], mscorlib","$values":[]}},{"$type":"Sitecore.Commerce.Core.LocalizedEntityComponent, Sitecore.Commerce.Core","Entity":{"$type":"Sitecore.Commerce.Core.EntityReference, Sitecore.Commerce.Core","Name":"","EntityTarget":"Entity-LocalizationEntity-0462c4ff9c4b4956983ada2c221cccd4","Policies":{"$type":"System.Collections.Generic.List`1[[Sitecore.Commerce.Core.Policy, Sitecore.Commerce.Core]], mscorlib","$values":[]}},"Id":"2eb91ca2abf143e88a3337f8f7be2ffa","Name":"","Comments":"","Policies":{"$type":"System.Collections.Generic.List`1[[Sitecore.Commerce.Core.Policy, Sitecore.Commerce.Core]], mscorlib","$values":[]},"ChildComponents":{"$type":"System.Collections.Generic.List`1[[Sitecore.Commerce.Core.Component, Sitecore.Commerce.Core]], mscorlib","$values":[]}}]},"DateCreated":"2018-06-12T13:36:20.7331949+00:00","DateUpdated":"2017-02-14T22:24:15+00:00","DisplayName":"Computers and Tablets","FriendlyId":"Habitat_Master-Computers and Tablets","Id":"Entity-Category-Habitat_Master-Computers and Tablets","Version":0,"IsPersisted":false,"Name":"Computers and Tablets","Policies":{"$type":"System.Collections.Generic.List`1[[Sitecore.Commerce.Core.Policy, Sitecore.Commerce.Core]], mscorlib","$values":[]}},{"$type":"Sitecore.Commerce.Plugin.Catalog.Category, Sitecore.Commerce.Plugin.Catalog","Description":"","SitecoreId":"d7f45dfb-f7c0-ddca-a689-b402eacdddcd","ParentCatalogList":"59ddadc1-9b88-727e-9e14-3f6cf321ae0f","ParentCategoryList":"994ec8cb-fe90-5071-a631-4458b1e83db3","ChildrenSellableItemList":"50df105f-4261-0e11-5934-0f902b1181ae|8dcb7d40-0134-fc8b-b905-bf7d5eff11a0|fd296f24-900c-0a1f-686f-cf13a127016e|a59ade41-926b-ab04-640a-3e609cba4423|39ced455-f74f-4c8d-18ed-146876c69c4d|7af175a9-fcf8-e23e-c31a-92fbdca357cb|7afe9362-61d1-2fd8-335e-24e99da61849|4f1b464e-28e4-7d75-c161-b2e52ad728b6|92a7d2cc-91ad-5223-26ba-cb88c8612c71|ce6e1ae4-bdd4-0097-2b28-1a5602b14407|09f503ba-d8f9-74bc-91c5-047c61243577","Components":{"$type":"System.Collections.Generic.List`1[[Sitecore.Commerce.Core.Component, Sitecore.Commerce.Core]], mscorlib","$values":[{"$type":"Sitecore.Commerce.Plugin.Catalog.CatalogsComponent, Sitecore.Commerce.Plugin.Catalog","Id":"66b2e2084f0641eaa190d2315246e0d6","Name":"","Comments":"","Policies":{"$type":"System.Collections.Generic.List`1[[Sitecore.Commerce.Core.Policy, Sitecore.Commerce.Core]], mscorlib","$values":[]},"ChildComponents":{"$type":"System.Collections.Generic.List`1[[Sitecore.Commerce.Core.Component, Sitecore.Commerce.Core]], mscorlib","$values":[{"$type":"Sitecore.Commerce.Plugin.Catalog.CatalogComponent, Sitecore.Commerce.Plugin.Catalog","ChildCategories":{"$type":"System.Collections.Generic.List`1[[Sitecore.Commerce.Plugin.Catalog.Category, Sitecore.Commerce.Plugin.Catalog]], mscorlib","$values":[]},"CatalogLanguages":{"$type":"System.Collections.Generic.List`1[[Sitecore.Commerce.Core.Language, Sitecore.Commerce.Core]], mscorlib","$values":[]},"ItemDefinition":"","Id":"c80668f94fe64e3eb8e736e9797bdd8a","Name":"Habitat_Master","Comments":"","Policies":{"$type":"System.Collections.Generic.List`1[[Sitecore.Commerce.Core.Policy, Sitecore.Commerce.Core]], mscorlib","$values":[]},"ChildComponents":{"$type":"System.Collections.Generic.List`1[[Sitecore.Commerce.Core.Component, Sitecore.Commerce.Core]], mscorlib","$values":[]}}]}},{"$type":"Sitecore.Commerce.Core.MessagesComponent, Sitecore.Commerce.Core","Messages":{"$type":"System.Collections.Generic.List`1[[Sitecore.Commerce.Core.MessageModel, Sitecore.Commerce.Core]], mscorlib","$values":[{"$type":"Sitecore.Commerce.Core.MessageModel, Sitecore.Commerce.Core","Code":"MigrationMessage","Text":"Migrated from category with name='Laptops' in catalog 'Habitat_Master'","Id":"3e70f8daf9aa41988e849e1c094f2b32"}]},"Id":"12e4adf2982841649d173548fc3889e9","Name":"","Comments":"","Policies":{"$type":"System.Collections.Generic.List`1[[Sitecore.Commerce.Core.Policy, Sitecore.Commerce.Core]], mscorlib","$values":[]},"ChildComponents":{"$type":"System.Collections.Generic.List`1[[Sitecore.Commerce.Core.Component, Sitecore.Commerce.Core]], mscorlib","$values":[]}},{"$type":"Sitecore.Commerce.Core.LocalizedEntityComponent, Sitecore.Commerce.Core","Entity":{"$type":"Sitecore.Commerce.Core.EntityReference, Sitecore.Commerce.Core","Name":"","EntityTarget":"Entity-LocalizationEntity-75cdce39661d43cbb5300db342b749d7","Policies":{"$type":"System.Collections.Generic.List`1[[Sitecore.Commerce.Core.Policy, Sitecore.Commerce.Core]], mscorlib","$values":[]}},"Id":"246bf694b66c4b82974be963639d13c4","Name":"","Comments":"","Policies":{"$type":"System.Collections.Generic.List`1[[Sitecore.Commerce.Core.Policy, Sitecore.Commerce.Core]], mscorlib","$values":[]},"ChildComponents":{"$type":"System.Collections.Generic.List`1[[Sitecore.Commerce.Core.Component, Sitecore.Commerce.Core]], mscorlib","$values":[]}}]},"DateCreated":"2018-06-12T13:36:20.7351915+00:00","DateUpdated":"2017-02-14T22:24:15+00:00","DisplayName":"Laptops","FriendlyId":"Habitat_Master-Laptops","Id":"Entity-Category-Habitat_Master-Laptops","Version":0,"IsPersisted":false,"Name":"Laptops","Policies":{"$type":"System.Collections.Generic.List`1[[Sitecore.Commerce.Core.Policy, Sitecore.Commerce.Core]], mscorlib","$values":[]}},{"$type":"Sitecore.Commerce.Plugin.Catalog.Category, Sitecore.Commerce.Plugin.Catalog","Description":"","SitecoreId":"d3b75bfd-df0f-723a-d9ea-1fd1209cbc41","ParentCatalogList":"59ddadc1-9b88-727e-9e14-3f6cf321ae0f","ParentCategoryList":"994ec8cb-fe90-5071-a631-4458b1e83db3","ChildrenSellableItemList":"f5cd0a2e-bb1d-f6ab-6c96-925a4d4be610|3624a3b9-67ec-54f9-a2c6-a08b794fb935|251e2d19-1cd9-51d2-d34d-a1ccd5c0baa2|12e1623e-91ab-a77b-141a-48094ce79493|dfa5fce3-41b1-45d5-aa8f-9a9ecd40a113|bf77cc91-9cff-0716-9df8-a933e5a2522c|f141cb94-d0b4-df81-9e1b-97c6f8a5fa36|f62d3f0a-8805-f874-a309-fea9584e0628","Components":{"$type":"System.Collections.Generic.List`1[[Sitecore.Commerce.Core.Component, Sitecore.Commerce.Core]], mscorlib","$values":[{"$type":"Sitecore.Commerce.Plugin.Catalog.CatalogsComponent, Sitecore.Commerce.Plugin.Catalog","Id":"77ce20f90c0843f79b1bd2cf9e16a3a4","Name":"","Comments":"","Policies":{"$type":"System.Collections.Generic.List`1[[Sitecore.Commerce.Core.Policy, Sitecore.Commerce.Core]], mscorlib","$values":[]},"ChildComponents":{"$type":"System.Collections.Generic.List`1[[Sitecore.Commerce.Core.Component, Sitecore.Commerce.Core]], mscorlib","$values":[{"$type":"Sitecore.Commerce.Plugin.Catalog.CatalogComponent, Sitecore.Commerce.Plugin.Catalog","ChildCategories":{"$type":"System.Collections.Generic.List`1[[Sitecore.Commerce.Plugin.Catalog.Category, Sitecore.Commerce.Plugin.Catalog]], mscorlib","$values":[]},"CatalogLanguages":{"$type":"System.Collections.Generic.List`1[[Sitecore.Commerce.Core.Language, Sitecore.Commerce.Core]], mscorlib","$values":[]},"ItemDefinition":"","Id":"906def92e5e1456c913c7c54c1e8492a","Name":"Habitat_Master","Comments":"","Policies":{"$type":"System.Collections.Generic.List`1[[Sitecore.Commerce.Core.Policy, Sitecore.Commerce.Core]], mscorlib","$values":[]},"ChildComponents":{"$type":"System.Collections.Generic.List`1[[Sitecore.Commerce.Core.Component, Sitecore.Commerce.Core]], mscorlib","$values":[]}}]}},{"$type":"Sitecore.Commerce.Core.MessagesComponent, Sitecore.Commerce.Core","Messages":{"$type":"System.Collections.Generic.List`1[[Sitecore.Commerce.Core.MessageModel, Sitecore.Commerce.Core]], mscorlib","$values":[{"$type":"Sitecore.Commerce.Core.MessageModel, Sitecore.Commerce.Core","Code":"MigrationMessage","Text":"Migrated from category with name='2-in-1' in catalog 'Habitat_Master'","Id":"d8a58ffbaed7414ba0acd0c11e45b1d5"}]},"Id":"2488675a581f41c5bd2804329879166c","Name":"","Comments":"","Policies":{"$type":"System.Collections.Generic.List`1[[Sitecore.Commerce.Core.Policy, Sitecore.Commerce.Core]], mscorlib","$values":[]},"ChildComponents":{"$type":"System.Collections.Generic.List`1[[Sitecore.Commerce.Core.Component, Sitecore.Commerce.Core]], mscorlib","$values":[]}},{"$type":"Sitecore.Commerce.Core.LocalizedEntityComponent, Sitecore.Commerce.Core","Entity":{"$type":"Sitecore.Commerce.Core.EntityReference, Sitecore.Commerce.Core","Name":"","EntityTarget":"Entity-LocalizationEntity-f2769792efb14d4b9065619ad77bc3f3","Policies":{"$type":"System.Collections.Generic.List`1[[Sitecore.Commerce.Core.Policy, Sitecore.Commerce.Core]], mscorlib","$values":[]}},"Id":"17ec64867ebb4a049f515133fd36a28b","Name":"","Comments":"","Policies":{"$type":"System.Collections.Generic.List`1[[Sitecore.Commerce.Core.Policy, Sitecore.Commerce.Core]], mscorlib","$values":[]},"ChildComponents":{"$type":"System.Collections.Generic.List`1[[Sitecore.Commerce.Core.Component, Sitecore.Commerce.Core]], mscorlib","$values":[]}}]},"DateCreated":"2018-06-12T13:36:20.7621986+00:00","DateUpdated":"2017-02-14T22:24:16+00:00","DisplayName":"2-in-1","FriendlyId":"Habitat_Master-2 in 1","Id":"Entity-Category-Habitat_Master-2 in 1","Version":0,"IsPersisted":false,"Name":"2 in 1","Policies":{"$type":"System.Collections.Generic.List`1[[Sitecore.Commerce.Core.Policy, Sitecore.Commerce.Core]], mscorlib","$values":[]}},{"$type":"Sitecore.Commerce.Plugin.Catalog.Category, Sitecore.Commerce.Plugin.Catalog","Description":"","SitecoreId":"f9c1fbf9-0a17-4723-5ba4-f97ab9ee1969","ParentCatalogList":"59ddadc1-9b88-727e-9e14-3f6cf321ae0f","ParentCategoryList":"994ec8cb-fe90-5071-a631-4458b1e83db3","ChildrenSellableItemList":"9035f78f-c12c-2fd0-1728-8a5d3bea5c91|8013bd3a-fc82-d19e-e743-d12dd6bc2e0a|fb617148-72ec-099d-ff1d-4c9be802bbb3|cc64146d-8217-9bd1-aa1a-a0848453a8af|c6ccf94e-7c87-da1d-a515-e96f022b84b9|b4cb59e3-603f-b754-02dd-929fc8716815|8d67a004-259a-478a-cdcc-1fbf41842411|7cf78cac-e8ac-e653-112b-ab606a889cf6|dd273d02-a496-6e40-608d-dda380bc2407|3428ea36-a47b-5717-3837-ed295c9a2e42|d4e07b4e-13ba-c202-f519-0a787e71379b|8811a85a-9f27-0242-fb1c-b90426706742|a4a293d6-27b7-6ed6-da09-585478ae5b52|fe4e613f-a712-8cea-bf0b-98e6ec48b900|a39d158f-828f-611b-c029-08842b3a88e5|f92320b9-db7b-9ac6-14e9-68ee9f3832d5|3c56fa06-f978-bc65-ff85-5bcdd2ec1c70|17ff768f-aa59-c7c8-e6fe-3fe3e8a0fe9a|0831c154-10d8-416d-ff52-a32585d1ac21|eeec172a-c7ea-118e-17a0-a0cf94651a43|44a7d362-a0fe-898e-4e94-6da034b33e10|576fa50a-2b1f-808a-103e-36a5ed292332","Components":{"$type":"System.Collections.Generic.List`1[[Sitecore.Commerce.Core.Component, Sitecore.Commerce.Core]], mscorlib","$values":[{"$type":"Sitecore.Commerce.Plugin.Catalog.CatalogsComponent, Sitecore.Commerce.Plugin.Catalog","Id":"8f12b7f6803b4f059849efe3231f291f","Name":"","Comments":"","Policies":{"$type":"System.Collections.Generic.List`1[[Sitecore.Commerce.Core.Policy, Sitecore.Commerce.Core]], mscorlib","$values":[]},"ChildComponents":{"$type":"System.Collections.Generic.List`1[[Sitecore.Commerce.Core.Component, Sitecore.Commerce.Core]], mscorlib","$values":[{"$type":"Sitecore.Commerce.Plugin.Catalog.CatalogComponent, Sitecore.Commerce.Plugin.Catalog","ChildCategories":{"$type":"System.Collections.Generic.List`1[[Sitecore.Commerce.Plugin.Catalog.Category, Sitecore.Commerce.Plugin.Catalog]], mscorlib","$values":[]},"CatalogLanguages":{"$type":"System.Collections.Generic.List`1[[Sitecore.Commerce.Core.Language, Sitecore.Commerce.Core]], mscorlib","$values":[]},"ItemDefinition":"","Id":"24a717a48bc5498498abf42759f0803e","Name":"Habitat_Master","Comments":"","Policies":{"$type":"System.Collections.Generic.List`1[[Sitecore.Commerce.Core.Policy, Sitecore.Commerce.Core]], mscorlib","$values":[]},"ChildComponents":{"$type":"System.Collections.Generic.List`1[[Sitecore.Commerce.Core.Component, Sitecore.Commerce.Core]], mscorlib","$values":[]}}]}},{"$type":"Sitecore.Commerce.Core.MessagesComponent, Sitecore.Commerce.Core","Messages":{"$type":"System.Collections.Generic.List`1[[Sitecore.Commerce.Core.MessageModel, Sitecore.Commerce.Core]], mscorlib","$values":[{"$type":"Sitecore.Commerce.Core.MessageModel, Sitecore.Commerce.Core","Code":"MigrationMessage","Text":"Migrated from category with name='Tablets' in catalog 'Habitat_Master'","Id":"68222ac0b3cf4aa6be1addaaedb326e2"}]},"Id":"4a34a55ebdda4e6d84360b89a51ceaaa","Name":"","Comments":"","Policies":{"$type":"System.Collections.Generic.List`1[[Sitecore.Commerce.Core.Policy, Sitecore.Commerce.Core]], mscorlib","$values":[]},"ChildComponents":{"$type":"System.Collections.Generic.List`1[[Sitecore.Commerce.Core.Component, Sitecore.Commerce.Core]], mscorlib","$values":[]}},{"$type":"Sitecore.Commerce.Core.LocalizedEntityComponent, Sitecore.Commerce.Core","Entity":{"$type":"Sitecore.Commerce.Core.EntityReference, Sitecore.Commerce.Core","Name":"","EntityTarget":"Entity-LocalizationEntity-b3b1194241bb47b281d8015811c6970c","Policies":{"$type":"System.Collections.Generic.List`1[[Sitecore.Commerce.Core.Policy, Sitecore.Commerce.Core]], mscorlib","$values":[]}},"Id":"32198745a20c4e3d992fdad35534fb37","Name":"","Comments":"","Policies":{"$type":"System.Collections.Generic.List`1[[Sitecore.Commerce.Core.Policy, Sitecore.Commerce.Core]], mscorlib","$values":[]},"ChildComponents":{"$type":"System.Collections.Generic.List`1[[Sitecore.Commerce.Core.Component, Sitecore.Commerce.Core]], mscorlib","$values":[]}}]},"DateCreated":"2018-06-12T13:36:20.7822336+00:00","DateUpdated":"2017-02-14T22:24:16+00:00","DisplayName":"Tablets","FriendlyId":"Habitat_Master-Tablets","Id":"Entity-Category-Habitat_Master-Tablets","Version":0,"IsPersisted":false,"Name":"Tablets","Policies":{"$type":"System.Collections.Generic.List`1[[Sitecore.Commerce.Core.Policy, Sitecore.Commerce.Core]], mscorlib","$values":[]}},{"$type":"Sitecore.Commerce.Plugin.Catalog.Category, Sitecore.Commerce.Plugin.Catalog","Description":"","SitecoreId":"91c3f435-581a-facc-378e-78f7cc4c05e2","ParentCatalogList":"59ddadc1-9b88-727e-9e14-3f6cf321ae0f","ParentCategoryList":"994ec8cb-fe90-5071-a631-4458b1e83db3","ChildrenSellableItemList":"6ccb1d18-76b8-1dfb-dc52-384ca3e5348e|23f443c9-dd26-5959-21a1-7ca3a4137604|b2d74163-bafd-1432-d857-22575e0324f6|f1e55329-78d7-2980-974a-7c68f64408be|48ddafe3-ab81-dd1d-a85c-85a66edeabeb","Components":{"$type":"System.Collections.Generic.List`1[[Sitecore.Commerce.Core.Component, Sitecore.Commerce.Core]], mscorlib","$values":[{"$type":"Sitecore.Commerce.Plugin.Catalog.CatalogsComponent, Sitecore.Commerce.Plugin.Catalog","Id":"26f29898abdb430c8a1523c6290b9417","Name":"","Comments":"","Policies":{"$type":"System.Collections.Generic.List`1[[Sitecore.Commerce.Core.Policy, Sitecore.Commerce.Core]], mscorlib","$values":[]},"ChildComponents":{"$type":"System.Collections.Generic.List`1[[Sitecore.Commerce.Core.Component, Sitecore.Commerce.Core]], mscorlib","$values":[{"$type":"Sitecore.Commerce.Plugin.Catalog.CatalogComponent, Sitecore.Commerce.Plugin.Catalog","ChildCategories":{"$type":"System.Collections.Generic.List`1[[Sitecore.Commerce.Plugin.Catalog.Category, Sitecore.Commerce.Plugin.Catalog]], mscorlib","$values":[]},"CatalogLanguages":{"$type":"System.Collections.Generic.List`1[[Sitecore.Commerce.Core.Language, Sitecore.Commerce.Core]], mscorlib","$values":[]},"ItemDefinition":"","Id":"5f2d17c93e4c4e79b4020b7178da80fd","Name":"Habitat_Master","Comments":"","Policies":{"$type":"System.Collections.Generic.List`1[[Sitecore.Commerce.Core.Policy, Sitecore.Commerce.Core]], mscorlib","$values":[]},"ChildComponents":{"$type":"System.Collections.Generic.List`1[[Sitecore.Commerce.Core.Component, Sitecore.Commerce.Core]], mscorlib","$values":[]}}]}},{"$type":"Sitecore.Commerce.Core.MessagesComponent, Sitecore.Commerce.Core","Messages":{"$type":"System.Collections.Generic.List`1[[Sitecore.Commerce.Core.MessageModel, Sitecore.Commerce.Core]], mscorlib","$values":[{"$type":"Sitecore.Commerce.Core.MessageModel, Sitecore.Commerce.Core","Code":"MigrationMessage","Text":"Migrated from category with name='eReaders' in catalog 'Habitat_Master'","Id":"580de000168941a3a56208b7fa62e9b4"}]},"Id":"74aaefa5434a43048079940b73a8be44","Name":"","Comments":"","Policies":{"$type":"System.Collections.Generic.List`1[[Sitecore.Commerce.Core.Policy, Sitecore.Commerce.Core]], mscorlib","$values":[]},"ChildComponents":{"$type":"System.Collections.Generic.List`1[[Sitecore.Commerce.Core.Component, Sitecore.Commerce.Core]], mscorlib","$values":[]}},{"$type":"Sitecore.Commerce.Core.LocalizedEntityComponent, Sitecore.Commerce.Core","Entity":{"$type":"Sitecore.Commerce.Core.EntityReference, Sitecore.Commerce.Core","Name":"","EntityTarget":"Entity-LocalizationEntity-af002b7381d340709a4b0ccec91cbbc0","Policies":{"$type":"System.Collections.Generic.List`1[[Sitecore.Commerce.Core.Policy, Sitecore.Commerce.Core]], mscorlib","$values":[]}},"Id":"cd48d775e7894e268c96621b02085ae0","Name":"","Comments":"","Policies":{"$type":"System.Collections.Generic.List`1[[Sitecore.Commerce.Core.Policy, Sitecore.Commerce.Core]], mscorlib","$values":[]},"ChildComponents":{"$type":"System.Collections.Generic.List`1[[Sitecore.Commerce.Core.Component, Sitecore.Commerce.Core]], mscorlib","$values":[]}}]},"DateCreated":"2018-06-12T13:36:20.8402046+00:00","DateUpdated":"2017-02-14T22:24:17+00:00","DisplayName":"eReaders","FriendlyId":"Habitat_Master-eReaders","Id":"Entity-Category-Habitat_Master-eReaders","Version":0,"IsPersisted":false,"Name":"eReaders","Policies":{"$type":"System.Collections.Generic.List`1[[Sitecore.Commerce.Core.Policy, Sitecore.Commerce.Core]], mscorlib","$values":[]}},{"$type":"Sitecore.Commerce.Plugin.Catalog.Category, Sitecore.Commerce.Plugin.Catalog","Description":"","SitecoreId":"b035e970-3358-9bc3-9964-26fc663eb941","ParentCatalogList":"59ddadc1-9b88-727e-9e14-3f6cf321ae0f","ParentCategoryList":"994ec8cb-fe90-5071-a631-4458b1e83db3","ChildrenSellableItemList":"75c16e98-e71b-d88c-91c7-3d6ac0fb0275|7b5dda2f-be7f-41b8-860b-153ede91727a|cf2923f6-aea3-c6bf-b20e-e21a6cba16b2|59f4429f-d5a0-ee0f-f382-81c80080a781","Components":{"$type":"System.Collections.Generic.List`1[[Sitecore.Commerce.Core.Component, Sitecore.Commerce.Core]], mscorlib","$values":[{"$type":"Sitecore.Commerce.Plugin.Catalog.CatalogsComponent, Sitecore.Commerce.Plugin.Catalog","Id":"6d1d4e560b584d019a906cdc5642a22f","Name":"","Comments":"","Policies":{"$type":"System.Collections.Generic.List`1[[Sitecore.Commerce.Core.Policy, Sitecore.Commerce.Core]], mscorlib","$values":[]},"ChildComponents":{"$type":"System.Collections.Generic.List`1[[Sitecore.Commerce.Core.Component, Sitecore.Commerce.Core]], mscorlib","$values":[{"$type":"Sitecore.Commerce.Plugin.Catalog.CatalogComponent, Sitecore.Commerce.Plugin.Catalog","ChildCategories":{"$type":"System.Collections.Generic.List`1[[Sitecore.Commerce.Plugin.Catalog.Category, Sitecore.Commerce.Plugin.Catalog]], mscorlib","$values":[]},"CatalogLanguages":{"$type":"System.Collections.Generic.List`1[[Sitecore.Commerce.Core.Language, Sitecore.Commerce.Core]], mscorlib","$values":[]},"ItemDefinition":"","Id":"4042bf8757cf45c39c705d135ab5031a","Name":"Habitat_Master","Comments":"","Policies":{"$type":"System.Collections.Generic.List`1[[Sitecore.Commerce.Core.Policy, Sitecore.Commerce.Core]], mscorlib","$values":[]},"ChildComponents":{"$type":"System.Collections.Generic.List`1[[Sitecore.Commerce.Core.Component, Sitecore.Commerce.Core]], mscorlib","$values":[]}}]}},{"$type":"Sitecore.Commerce.Core.MessagesComponent, Sitecore.Commerce.Core","Messages":{"$type":"System.Collections.Generic.List`1[[Sitecore.Commerce.Core.MessageModel, Sitecore.Commerce.Core]], mscorlib","$values":[{"$type":"Sitecore.Commerce.Core.MessageModel, Sitecore.Commerce.Core","Code":"MigrationMessage","Text":"Migrated from category with name='Kid’s Tablets' in catalog 'Habitat_Master'","Id":"6fdbe015a7644f9c868d6bf60c120d36"}]},"Id":"fb85009b947f4884acb031fc2333dbf3","Name":"","Comments":"","Policies":{"$type":"System.Collections.Generic.List`1[[Sitecore.Commerce.Core.Policy, Sitecore.Commerce.Core]], mscorlib","$values":[]},"ChildComponents":{"$type":"System.Collections.Generic.List`1[[Sitecore.Commerce.Core.Component, Sitecore.Commerce.Core]], mscorlib","$values":[]}},{"$type":"Sitecore.Commerce.Core.LocalizedEntityComponent, Sitecore.Commerce.Core","Entity":{"$type":"Sitecore.Commerce.Core.EntityReference, Sitecore.Commerce.Core","Name":"","EntityTarget":"Entity-LocalizationEntity-d3b8da7d80ce43a8b5fc4bc9402d61ee","Policies":{"$type":"System.Collections.Generic.List`1[[Sitecore.Commerce.Core.Policy, Sitecore.Commerce.Core]], mscorlib","$values":[]}},"Id":"1742351b520b4dbca43cc41bd11d5a95","Name":"","Comments":"","Policies":{"$type":"System.Collections.Generic.List`1[[Sitecore.Commerce.Core.Policy, Sitecore.Commerce.Core]], mscorlib","$values":[]},"ChildComponents":{"$type":"System.Collections.Generic.List`1[[Sitecore.Commerce.Core.Component, Sitecore.Commerce.Core]], mscorlib","$values":[]}}]},"DateCreated":"2018-06-12T13:36:20.8522044+00:00","DateUpdated":"2017-02-14T22:24:17+00:00","DisplayName":"Kid’s Tablets","FriendlyId":"Habitat_Master-Kid s Tablets","Id":"Entity-Category-Habitat_Master-Kid s Tablets","Version":0,"IsPersisted":false,"Name":"Kid s Tablets","Policies":{"$type":"System.Collections.Generic.List`1[[Sitecore.Commerce.Core.Policy, Sitecore.Commerce.Core]], mscorlib","$values":[]}}]}