{"$type":"System.Collections.Generic.List`1[[Sitecore.Commerce.Plugin.Catalog.Category, Sitecore.Commerce.Plugin.Catalog]], mscorlib","$values":[{"$type":"Sitecore.Commerce.Plugin.Catalog.Category, Sitecore.Commerce.Plugin.Catalog","Description":"","SitecoreId":"b893c063-6238-ed57-700d-72862c56038d","CatalogToEntityList":"59ddadc1-9b88-727e-9e14-3f6cf321ae0f","ParentCatalogList":"59ddadc1-9b88-727e-9e14-3f6cf321ae0f","ChildrenCategoryList":"06f5147b-9e24-fa33-20fb-d4b7d8d21392|a0860c27-2a32-841f-7014-75b163b9471e|e9f2e3a7-0575-0632-b67e-5e65092230c3|994ec8cb-fe90-5071-a631-4458b1e83db3|8174413c-c733-69a0-d61b-6ca583c234d4|c4623f4f-3167-0ef3-0b8d-d1884233ff53|6caac735-ab5e-f522-7e4a-7be69ae08c74|0bde885c-c3aa-7bf3-9cab-d93a2af168ac|57585cf7-7af6-f5e3-eb7e-a57736343091|8e456d84-4251-dba1-4b86-ce103dedcd02|9c13fb93-c115-34ea-e2a1-6d4f315591ed","Components":{"$type":"System.Collections.Generic.List`1[[Sitecore.Commerce.Core.Component, Sitecore.Commerce.Core]], mscorlib","$values":[{"$type":"Sitecore.Commerce.Plugin.Catalog.CatalogsComponent, Sitecore.Commerce.Plugin.Catalog","Id":"83094839b1134cc298abcd725edf885d","Name":"","Comments":"","Policies":{"$type":"System.Collections.Generic.List`1[[Sitecore.Commerce.Core.Policy, Sitecore.Commerce.Core]], mscorlib","$values":[]},"ChildComponents":{"$type":"System.Collections.Generic.List`1[[Sitecore.Commerce.Core.Component, Sitecore.Commerce.Core]], mscorlib","$values":[{"$type":"Sitecore.Commerce.Plugin.Catalog.CatalogComponent, Sitecore.Commerce.Plugin.Catalog","ChildCategories":{"$type":"System.Collections.Generic.List`1[[Sitecore.Commerce.Plugin.Catalog.Category, Sitecore.Commerce.Plugin.Catalog]], mscorlib","$values":[]},"CatalogLanguages":{"$type":"System.Collections.Generic.List`1[[Sitecore.Commerce.Core.Language, Sitecore.Commerce.Core]], mscorlib","$values":[]},"ItemDefinition":"","Id":"dbe7ee867d834d6aacbcd26afe0ced5b","Name":"Habitat_Master","Comments":"","Policies":{"$type":"System.Collections.Generic.List`1[[Sitecore.Commerce.Core.Policy, Sitecore.Commerce.Core]], mscorlib","$values":[]},"ChildComponents":{"$type":"System.Collections.Generic.List`1[[Sitecore.Commerce.Core.Component, Sitecore.Commerce.Core]], mscorlib","$values":[]}}]}},{"$type":"Sitecore.Commerce.Core.MessagesComponent, Sitecore.Commerce.Core","Messages":{"$type":"System.Collections.Generic.List`1[[Sitecore.Commerce.Core.MessageModel, Sitecore.Commerce.Core]], mscorlib","$values":[{"$type":"Sitecore.Commerce.Core.MessageModel, Sitecore.Commerce.Core","Code":"MigrationMessage","Text":"Migrated from category with name='Departments' in catalog 'Habitat_Master'","Id":"fbb64551f80f42e29ffe6029579a1b62"}]},"Id":"96a94a016f294f238fd7ebf968a0cd0d","Name":"","Comments":"","Policies":{"$type":"System.Collections.Generic.List`1[[Sitecore.Commerce.Core.Policy, Sitecore.Commerce.Core]], mscorlib","$values":[]},"ChildComponents":{"$type":"System.Collections.Generic.List`1[[Sitecore.Commerce.Core.Component, Sitecore.Commerce.Core]], mscorlib","$values":[]}},{"$type":"Sitecore.Commerce.Core.LocalizedEntityComponent, Sitecore.Commerce.Core","Entity":{"$type":"Sitecore.Commerce.Core.EntityReference, Sitecore.Commerce.Core","Name":"","EntityTarget":"Entity-LocalizationEntity-327e9a953f764f9fbfbf6e463395834b","Policies":{"$type":"System.Collections.Generic.List`1[[Sitecore.Commerce.Core.Policy, Sitecore.Commerce.Core]], mscorlib","$values":[]}},"Id":"4698020b91c44328af514563ee08b191","Name":"","Comments":"","Policies":{"$type":"System.Collections.Generic.List`1[[Sitecore.Commerce.Core.Policy, Sitecore.Commerce.Core]], mscorlib","$values":[]},"ChildComponents":{"$type":"System.Collections.Generic.List`1[[Sitecore.Commerce.Core.Component, Sitecore.Commerce.Core]], mscorlib","$values":[]}}]},"DateCreated":"2018-06-12T13:36:19.8061033+00:00","DateUpdated":"2017-02-14T21:46:24+00:00","DisplayName":"Departments","FriendlyId":"Habitat_Master-Departments","Id":"Entity-Category-Habitat_Master-Departments","Version":0,"IsPersisted":false,"Name":"Departments","Policies":{"$type":"System.Collections.Generic.List`1[[Sitecore.Commerce.Core.Policy, Sitecore.Commerce.Core]], mscorlib","$values":[]}},{"$type":"Sitecore.Commerce.Plugin.Catalog.Category, Sitecore.Commerce.Plugin.Catalog","Description":"","SitecoreId":"c1114488-2d5f-39c7-5e16-42f64d5f2d4a","CatalogToEntityList":"59ddadc1-9b88-727e-9e14-3f6cf321ae0f","ParentCatalogList":"59ddadc1-9b88-727e-9e14-3f6cf321ae0f","ChildrenCategoryList":"e5e9207c-58cd-0735-2a79-b5d2b199ea7a|f84e5567-a37a-36b3-d2df-edb8730eb259","Components":{"$type":"System.Collections.Generic.List`1[[Sitecore.Commerce.Core.Component, Sitecore.Commerce.Core]], mscorlib","$values":[{"$type":"Sitecore.Commerce.Plugin.Catalog.CatalogsComponent, Sitecore.Commerce.Plugin.Catalog","Id":"9396f1eb4eac43fe8e16813eab5a974c","Name":"","Comments":"","Policies":{"$type":"System.Collections.Generic.List`1[[Sitecore.Commerce.Core.Policy, Sitecore.Commerce.Core]], mscorlib","$values":[]},"ChildComponents":{"$type":"System.Collections.Generic.List`1[[Sitecore.Commerce.Core.Component, Sitecore.Commerce.Core]], mscorlib","$values":[{"$type":"Sitecore.Commerce.Plugin.Catalog.CatalogComponent, Sitecore.Commerce.Plugin.Catalog","ChildCategories":{"$type":"System.Collections.Generic.List`1[[Sitecore.Commerce.Plugin.Catalog.Category, Sitecore.Commerce.Plugin.Catalog]], mscorlib","$values":[]},"CatalogLanguages":{"$type":"System.Collections.Generic.List`1[[Sitecore.Commerce.Core.Language, Sitecore.Commerce.Core]], mscorlib","$values":[]},"ItemDefinition":"","Id":"748f5b7f1c924ba6ab21e44e7a7c87ed","Name":"Habitat_Master","Comments":"","Policies":{"$type":"System.Collections.Generic.List`1[[Sitecore.Commerce.Core.Policy, Sitecore.Commerce.Core]], mscorlib","$values":[]},"ChildComponents":{"$type":"System.Collections.Generic.List`1[[Sitecore.Commerce.Core.Component, Sitecore.Commerce.Core]], mscorlib","$values":[]}}]}},{"$type":"Sitecore.Commerce.Core.MessagesComponent, Sitecore.Commerce.Core","Messages":{"$type":"System.Collections.Generic.List`1[[Sitecore.Commerce.Core.MessageModel, Sitecore.Commerce.Core]], mscorlib","$values":[{"$type":"Sitecore.Commerce.Core.MessageModel, Sitecore.Commerce.Core","Code":"MigrationMessage","Text":"Migrated from category with name='Assortments' in catalog 'Habitat_Master'","Id":"b5e11302c04f4e68a078072cd7988ef1"}]},"Id":"ef98a178253c444cb41924b7a36a51e9","Name":"","Comments":"","Policies":{"$type":"System.Collections.Generic.List`1[[Sitecore.Commerce.Core.Policy, Sitecore.Commerce.Core]], mscorlib","$values":[]},"ChildComponents":{"$type":"System.Collections.Generic.List`1[[Sitecore.Commerce.Core.Component, Sitecore.Commerce.Core]], mscorlib","$values":[]}},{"$type":"Sitecore.Commerce.Core.LocalizedEntityComponent, Sitecore.Commerce.Core","Entity":{"$type":"Sitecore.Commerce.Core.EntityReference, Sitecore.Commerce.Core","Name":"","EntityTarget":"Entity-LocalizationEntity-976589f1ebc94287aeb1fd19348d3caf","Policies":{"$type":"System.Collections.Generic.List`1[[Sitecore.Commerce.Core.Policy, Sitecore.Commerce.Core]], mscorlib","$values":[]}},"Id":"2a6ff9b172c540928d78b2a9542c6f15","Name":"","Comments":"","Policies":{"$type":"System.Collections.Generic.List`1[[Sitecore.Commerce.Core.Policy, Sitecore.Commerce.Core]], mscorlib","$values":[]},"ChildComponents":{"$type":"System.Collections.Generic.List`1[[Sitecore.Commerce.Core.Component, Sitecore.Commerce.Core]], mscorlib","$values":[]}}]},"DateCreated":"2018-06-12T13:36:19.8751049+00:00","DateUpdated":"2017-02-14T21:46:25+00:00","DisplayName":"Assortments","FriendlyId":"Habitat_Master-Assortments","Id":"Entity-Category-Habitat_Master-Assortments","Version":0,"IsPersisted":false,"Name":"Assortments","Policies":{"$type":"System.Collections.Generic.List`1[[Sitecore.Commerce.Core.Policy, Sitecore.Commerce.Core]], mscorlib","$values":[]}},{"$type":"Sitecore.Commerce.Plugin.Catalog.Category, Sitecore.Commerce.Plugin.Catalog","Description":"","SitecoreId":"e5e9207c-58cd-0735-2a79-b5d2b199ea7a","ParentCatalogList":"59ddadc1-9b88-727e-9e14-3f6cf321ae0f","ParentCategoryList":"c1114488-2d5f-39c7-5e16-42f64d5f2d4a","ChildrenSellableItemList":"2495594a-9914-4d13-9ffd-aff5484ac57c|16eaf2e1-9daa-b7a9-835f-51358e72058b|92a7d2cc-91ad-5223-26ba-cb88c8612c71|ab0b7d24-e450-9629-d5ba-e1606d2857bc|428b5292-0ff7-732d-9dfc-b547aa435aba|507f8ed2-ce2d-f426-b211-6033f291bf62|73ad9c55-def7-c1ff-5efc-cb3e9c74d101|8fd88e39-5060-b596-dd58-662f127e9c50|1298810a-459d-88a3-c786-64e7d36e58cc|b8608a92-c842-110a-efdf-d2d8376ce7cd|50bcae09-fd1b-4d94-10eb-f91d7667d77d","Components":{"$type":"System.Collections.Generic.List`1[[Sitecore.Commerce.Core.Component, Sitecore.Commerce.Core]], mscorlib","$values":[{"$type":"Sitecore.Commerce.Plugin.Catalog.CatalogsComponent, Sitecore.Commerce.Plugin.Catalog","Id":"08e6afba6d6544119e7160667d723a95","Name":"","Comments":"","Policies":{"$type":"System.Collections.Generic.List`1[[Sitecore.Commerce.Core.Policy, Sitecore.Commerce.Core]], mscorlib","$values":[]},"ChildComponents":{"$type":"System.Collections.Generic.List`1[[Sitecore.Commerce.Core.Component, Sitecore.Commerce.Core]], mscorlib","$values":[{"$type":"Sitecore.Commerce.Plugin.Catalog.CatalogComponent, Sitecore.Commerce.Plugin.Catalog","ChildCategories":{"$type":"System.Collections.Generic.List`1[[Sitecore.Commerce.Plugin.Catalog.Category, Sitecore.Commerce.Plugin.Catalog]], mscorlib","$values":[]},"CatalogLanguages":{"$type":"System.Collections.Generic.List`1[[Sitecore.Commerce.Core.Language, Sitecore.Commerce.Core]], mscorlib","$values":[]},"ItemDefinition":"","Id":"9baae0bc91ae4765bf8630b6e310ee2e","Name":"Habitat_Master","Comments":"","Policies":{"$type":"System.Collections.Generic.List`1[[Sitecore.Commerce.Core.Policy, Sitecore.Commerce.Core]], mscorlib","$values":[]},"ChildComponents":{"$type":"System.Collections.Generic.List`1[[Sitecore.Commerce.Core.Component, Sitecore.Commerce.Core]], mscorlib","$values":[]}}]}},{"$type":"Sitecore.Commerce.Core.MessagesComponent, Sitecore.Commerce.Core","Messages":{"$type":"System.Collections.Generic.List`1[[Sitecore.Commerce.Core.MessageModel, Sitecore.Commerce.Core]], mscorlib","$values":[{"$type":"Sitecore.Commerce.Core.MessageModel, Sitecore.Commerce.Core","Code":"MigrationMessage","Text":"Migrated from category with name='DefaultRecommendations' in catalog 'Habitat_Master'","Id":"008fa15bc5254add80ecdd212037d187"}]},"Id":"c4f2cd16d39c48598669f252f0ed5ea1","Name":"","Comments":"","Policies":{"$type":"System.Collections.Generic.List`1[[Sitecore.Commerce.Core.Policy, Sitecore.Commerce.Core]], mscorlib","$values":[]},"ChildComponents":{"$type":"System.Collections.Generic.List`1[[Sitecore.Commerce.Core.Component, Sitecore.Commerce.Core]], mscorlib","$values":[]}},{"$type":"Sitecore.Commerce.Core.LocalizedEntityComponent, Sitecore.Commerce.Core","Entity":{"$type":"Sitecore.Commerce.Core.EntityReference, Sitecore.Commerce.Core","Name":"","EntityTarget":"Entity-LocalizationEntity-74fcb055a17f4d859fa2d3acce3c6159","Policies":{"$type":"System.Collections.Generic.List`1[[Sitecore.Commerce.Core.Policy, Sitecore.Commerce.Core]], mscorlib","$values":[]}},"Id":"638c6c26c6384ab8a00547f027b224e7","Name":"","Comments":"","Policies":{"$type":"System.Collections.Generic.List`1[[Sitecore.Commerce.Core.Policy, Sitecore.Commerce.Core]], mscorlib","$values":[]},"ChildComponents":{"$type":"System.Collections.Generic.List`1[[Sitecore.Commerce.Core.Component, Sitecore.Commerce.Core]], mscorlib","$values":[]}}]},"DateCreated":"2018-06-12T13:36:19.8761835+00:00","DateUpdated":"2017-02-14T22:24:03+00:00","DisplayName":"DefaultRecommendations","FriendlyId":"Habitat_Master-DefaultRecommendations","Id":"Entity-Category-Habitat_Master-DefaultRecommendations","Version":0,"IsPersisted":false,"Name":"DefaultRecommendations","Policies":{"$type":"System.Collections.Generic.List`1[[Sitecore.Commerce.Core.Policy, Sitecore.Commerce.Core]], mscorlib","$values":[]}},{"$type":"Sitecore.Commerce.Plugin.Catalog.Category, Sitecore.Commerce.Plugin.Catalog","Description":"","SitecoreId":"871c3b62-ce96-ad61-dabe-10db020f02c5","CatalogToEntityList":"59ddadc1-9b88-727e-9e14-3f6cf321ae0f","ParentCatalogList":"59ddadc1-9b88-727e-9e14-3f6cf321ae0f","ChildrenSellableItemList":"2495594a-9914-4d13-9ffd-aff5484ac57c|16eaf2e1-9daa-b7a9-835f-51358e72058b|92a7d2cc-91ad-5223-26ba-cb88c8612c71|ab0b7d24-e450-9629-d5ba-e1606d2857bc|428b5292-0ff7-732d-9dfc-b547aa435aba|507f8ed2-ce2d-f426-b211-6033f291bf62|73ad9c55-def7-c1ff-5efc-cb3e9c74d101|8fd88e39-5060-b596-dd58-662f127e9c50|1298810a-459d-88a3-c786-64e7d36e58cc|b8608a92-c842-110a-efdf-d2d8376ce7cd|50bcae09-fd1b-4d94-10eb-f91d7667d77d","Components":{"$type":"System.Collections.Generic.List`1[[Sitecore.Commerce.Core.Component, Sitecore.Commerce.Core]], mscorlib","$values":[{"$type":"Sitecore.Commerce.Plugin.Catalog.CatalogsComponent, Sitecore.Commerce.Plugin.Catalog","Id":"a14ac578b54b4c719f474cf77a329320","Name":"","Comments":"","Policies":{"$type":"System.Collections.Generic.List`1[[Sitecore.Commerce.Core.Policy, Sitecore.Commerce.Core]], mscorlib","$values":[]},"ChildComponents":{"$type":"System.Collections.Generic.List`1[[Sitecore.Commerce.Core.Component, Sitecore.Commerce.Core]], mscorlib","$values":[{"$type":"Sitecore.Commerce.Plugin.Catalog.CatalogComponent, Sitecore.Commerce.Plugin.Catalog","ChildCategories":{"$type":"System.Collections.Generic.List`1[[Sitecore.Commerce.Plugin.Catalog.Category, Sitecore.Commerce.Plugin.Catalog]], mscorlib","$values":[]},"CatalogLanguages":{"$type":"System.Collections.Generic.List`1[[Sitecore.Commerce.Core.Language, Sitecore.Commerce.Core]], mscorlib","$values":[]},"ItemDefinition":"","Id":"7c47ff494a7e4a39a19b151ec162e21c","Name":"Habitat_Master","Comments":"","Policies":{"$type":"System.Collections.Generic.List`1[[Sitecore.Commerce.Core.Policy, Sitecore.Commerce.Core]], mscorlib","$values":[]},"ChildComponents":{"$type":"System.Collections.Generic.List`1[[Sitecore.Commerce.Core.Component, Sitecore.Commerce.Core]], mscorlib","$values":[]}}]}},{"$type":"Sitecore.Commerce.Core.MessagesComponent, Sitecore.Commerce.Core","Messages":{"$type":"System.Collections.Generic.List`1[[Sitecore.Commerce.Core.MessageModel, Sitecore.Commerce.Core]], mscorlib","$values":[{"$type":"Sitecore.Commerce.Core.MessageModel, Sitecore.Commerce.Core","Code":"MigrationMessage","Text":"Migrated from category with name='FeaturedProducts' in catalog 'Habitat_Master'","Id":"abad7c73513d43108e339a53da74dac5"}]},"Id":"fb061d0543e84fc1a2bfb04644b5915c","Name":"","Comments":"","Policies":{"$type":"System.Collections.Generic.List`1[[Sitecore.Commerce.Core.Policy, Sitecore.Commerce.Core]], mscorlib","$values":[]},"ChildComponents":{"$type":"System.Collections.Generic.List`1[[Sitecore.Commerce.Core.Component, Sitecore.Commerce.Core]], mscorlib","$values":[]}},{"$type":"Sitecore.Commerce.Core.LocalizedEntityComponent, Sitecore.Commerce.Core","Entity":{"$type":"Sitecore.Commerce.Core.EntityReference, Sitecore.Commerce.Core","Name":"","EntityTarget":"Entity-LocalizationEntity-c225cd4dc7c14ef2828174ae893853ad","Policies":{"$type":"System.Collections.Generic.List`1[[Sitecore.Commerce.Core.Policy, Sitecore.Commerce.Core]], mscorlib","$values":[]}},"Id":"9c0083d125c9472c80893ae6104e071c","Name":"","Comments":"","Policies":{"$type":"System.Collections.Generic.List`1[[Sitecore.Commerce.Core.Policy, Sitecore.Commerce.Core]], mscorlib","$values":[]},"ChildComponents":{"$type":"System.Collections.Generic.List`1[[Sitecore.Commerce.Core.Component, Sitecore.Commerce.Core]], mscorlib","$values":[]}}]},"DateCreated":"2018-06-12T13:36:19.8851115+00:00","DateUpdated":"2017-02-14T21:55:32+00:00","DisplayName":"Featured Products","FriendlyId":"Habitat_Master-FeaturedProducts","Id":"Entity-Category-Habitat_Master-FeaturedProducts","Version":0,"IsPersisted":false,"Name":"FeaturedProducts","Policies":{"$type":"System.Collections.Generic.List`1[[Sitecore.Commerce.Core.Policy, Sitecore.Commerce.Core]], mscorlib","$values":[]}},{"$type":"Sitecore.Commerce.Plugin.Catalog.Category, Sitecore.Commerce.Plugin.Catalog","Description":"","SitecoreId":"06f5147b-9e24-fa33-20fb-d4b7d8d21392","ParentCatalogList":"59ddadc1-9b88-727e-9e14-3f6cf321ae0f","ParentCategoryList":"b893c063-6238-ed57-700d-72862c56038d","ChildrenCategoryList":"440c1cd5-20c1-e0d1-3319-9766112ed9ca|ae2351db-a247-e039-dbbf-5c6e7d2b032f|a7e7736a-b442-8ed5-f5d2-f4a0d588e65a|1304d651-cf23-6c72-fa89-8941a3c9fff4|4891a307-9383-1576-0fab-5d5fbabc2c5d|a736352a-f944-ee4d-37c7-1c18d995bb4f","ChildrenSellableItemList":"7e76956b-d676-e497-bd4b-46f6a45aa2fd|841c9236-d8b1-aab4-4b9a-2ab8cfb2296f|a7932324-be99-90e7-b361-bb6b24361019|11ae7506-8eaf-bdd1-d0fe-b443e47aeb5e|a72e4408-2a14-a2fe-7bc7-874b01ac18d4|93c1e8d7-d8c9-ec5e-e85f-6ab2252af408|67725076-be9d-f4e9-fd2b-f97abcedfe3c|0dde8b45-89bc-e64c-e9c9-98b16241e8bb|4d10654f-84de-a229-7282-f5e2303b8d4d|559f88b0-4485-8006-b379-70192de9bc6d|2e3e504c-4e36-b97c-17ba-9b5c1163c6de|30b57e36-f00a-1778-b660-2064534eb134|7befad52-cd8a-1845-8f1c-0f4ef35974f7|12e798cf-4629-1ee7-09c2-4d9c17cc9b62|96c14150-1855-a79a-7a78-106e4dd660b5|3d9297ea-d528-f260-0b14-e62c6064c641|3af5578f-047a-6565-74ee-978afbb14aea|610f13ca-93c9-82f0-b822-031456c74bbf|798e5707-7af3-b304-6030-eed2e70af8ae|130ac1e7-9918-1f7b-6ee1-1b864be4afc1|c11249e8-3b24-a163-8d51-8315947fe69f|3fc451f7-b458-7450-9c84-82018a298d22|686e1d75-8c5f-51d8-3a82-a47eeacca59a|46984f03-599c-f7c5-0269-9440478cc5f5|0dca3c63-26d9-f013-7b03-685474cd47c0|bc444f1e-8ea9-30d4-07bd-57e12ead1715|a8c94051-2e7e-5e04-7f88-6c71202caf0f|f02e86fe-964b-ebe6-e7bf-6e42a3602b63|7ce8fe1c-d9b7-e21e-22ea-3029126dfc77|708e3b78-114b-ef4a-90fb-fb0fd20c73c1|5b591e4c-94eb-caf0-1da1-ccabe96765e9|445b8bc9-68ff-f96f-788b-99f9da4613e1|b5c4ff0b-84a2-117f-4653-53af97c16e42|2c990409-02c9-bf64-b156-c2592bffc3b6|d1e7e48c-4cd1-39ac-031e-0c5443d6acb9|3a3ec3e8-6d1f-b81c-d11d-57d5d322e727|d19c7297-1d9c-5592-f06c-4c5b6f99b8fe|911026a1-2d8e-eefa-86c2-a10e355a0ab9|fc549e48-c1ca-52a8-213c-898c663c9f34|2ca29c9e-e134-ef9f-39ce-23850d49d60b|2fe5c0c4-15b0-df8b-7575-a09c2a56e1ff|3d5355bc-beba-602f-e335-d50e41acf804|0fe6443e-2f9e-3015-98c0-05eb375dafb0|051ff17a-1fa6-f48b-10bb-30bdf9b0efe1|818a1745-8df7-699f-a0e6-459aa7127eb3|66e41e0d-046b-3c99-78be-596adc17a815|552e13b2-1267-f97a-d004-e6a40c0da4e4|ab28583f-5961-3ff8-91b2-0fde679fdd34|00451eef-f7af-7561-7e32-673f1183d0fb|5f3a96ea-8bcf-8530-4c36-42b3a98d5961|7ef15681-fb4c-f5e0-1206-88f154391fb0|086367ff-6829-b481-aedd-a3ee23215bfd|332ea0c2-499e-d55f-021f-e7afb8f9c7f5|adc11a75-e85f-58ac-ce86-6b4195c69f7c|bb7c992b-90b7-8a57-c4c6-d3864bd9f8d9|1e483b51-83fe-5029-e873-087b7f92318e|2afb9c97-1440-a0f3-1fea-ba7b560ed3ef|e1612bf9-d7fe-ccb5-8dfd-57c8ca4f0b8c|8f82cb41-4e5a-3a82-c4f1-a5f6bfd0ad8e|4bc2f153-e14d-cccf-08b1-500c11a078c3|a4c6d5be-1e18-149c-126e-43c06b564e1e|3f100b8d-29bb-dd6c-7123-11564ba3ba72|6ed5545d-f852-efbe-213a-8c3d4439e0aa|3f8a95a7-9175-1a5a-4287-05c3876f3ee8|ee973338-22a4-f9ba-1c14-ec4591e924ff|db9dfcdd-aa5c-ba2e-4c17-e2676839d08b|5943bdda-e981-726d-a6eb-26c14c3aea29|e2028f69-fbe7-6dfb-3dbb-22d730eef226|f1664eea-0631-67c4-51be-10316351b582|4ba65c38-1289-5cee-94ac-8edaffed47d5|a508cc9e-7007-3078-a926-3f989f66a843|4c853fcb-3800-7d91-a711-23a005f6adbe|f041a9a0-f2b2-e6fa-f1a1-cdba2b9dd0b5|d91b2f80-89b4-4d5f-8f18-b75effb9b556|29e68cdc-af56-612f-e047-6fd0dd11068c|99cac8ae-c4eb-5752-741d-47ae781f5bb1|dfe3179d-2fa6-b06b-6098-4ae8dcd8496f|8c491f02-c150-970d-ff95-90a269559510|acffbace-ea71-c245-6d96-c32a77b429a4|f104d74b-54a5-569e-d230-b1dd4828ee02|e415ad1a-33ba-a02d-53e6-77eba0ade3e6|80c76155-9769-6b6c-6573-5e39c2be3727","Components":{"$type":"System.Collections.Generic.List`1[[Sitecore.Commerce.Core.Component, Sitecore.Commerce.Core]], mscorlib","$values":[{"$type":"Sitecore.Commerce.Plugin.Catalog.CatalogsComponent, Sitecore.Commerce.Plugin.Catalog","Id":"50879f9e56714db98e8d459d1f3848b6","Name":"","Comments":"","Policies":{"$type":"System.Collections.Generic.List`1[[Sitecore.Commerce.Core.Policy, Sitecore.Commerce.Core]], mscorlib","$values":[]},"ChildComponents":{"$type":"System.Collections.Generic.List`1[[Sitecore.Commerce.Core.Component, Sitecore.Commerce.Core]], mscorlib","$values":[{"$type":"Sitecore.Commerce.Plugin.Catalog.CatalogComponent, Sitecore.Commerce.Plugin.Catalog","ChildCategories":{"$type":"System.Collections.Generic.List`1[[Sitecore.Commerce.Plugin.Catalog.Category, Sitecore.Commerce.Plugin.Catalog]], mscorlib","$values":[]},"CatalogLanguages":{"$type":"System.Collections.Generic.List`1[[Sitecore.Commerce.Core.Language, Sitecore.Commerce.Core]], mscorlib","$values":[]},"ItemDefinition":"","Id":"bc44e381241b45a49464d7be0caf71e7","Name":"Habitat_Master","Comments":"","Policies":{"$type":"System.Collections.Generic.List`1[[Sitecore.Commerce.Core.Policy, Sitecore.Commerce.Core]], mscorlib","$values":[]},"ChildComponents":{"$type":"System.Collections.Generic.List`1[[Sitecore.Commerce.Core.Component, Sitecore.Commerce.Core]], mscorlib","$values":[]}}]}},{"$type":"Sitecore.Commerce.Core.MessagesComponent, Sitecore.Commerce.Core","Messages":{"$type":"System.Collections.Generic.List`1[[Sitecore.Commerce.Core.MessageModel, Sitecore.Commerce.Core]], mscorlib","$values":[{"$type":"Sitecore.Commerce.Core.MessageModel, Sitecore.Commerce.Core","Code":"MigrationMessage","Text":"Migrated from category with name='Appliances' in catalog 'Habitat_Master'","Id":"9e47e6e981424105b734a66a766d1a56"}]},"Id":"82dc2117e93244028305425fd07b8ad4","Name":"","Comments":"","Policies":{"$type":"System.Collections.Generic.List`1[[Sitecore.Commerce.Core.Policy, Sitecore.Commerce.Core]], mscorlib","$values":[]},"ChildComponents":{"$type":"System.Collections.Generic.List`1[[Sitecore.Commerce.Core.Component, Sitecore.Commerce.Core]], mscorlib","$values":[]}},{"$type":"Sitecore.Commerce.Core.LocalizedEntityComponent, Sitecore.Commerce.Core","Entity":{"$type":"Sitecore.Commerce.Core.EntityReference, Sitecore.Commerce.Core","Name":"","EntityTarget":"Entity-LocalizationEntity-f8aab1432c244999867a001d384b965d","Policies":{"$type":"System.Collections.Generic.List`1[[Sitecore.Commerce.Core.Policy, Sitecore.Commerce.Core]], mscorlib","$values":[]}},"Id":"51234be943af4319ba96a3d31abe195d","Name":"","Comments":"","Policies":{"$type":"System.Collections.Generic.List`1[[Sitecore.Commerce.Core.Policy, Sitecore.Commerce.Core]], mscorlib","$values":[]},"ChildComponents":{"$type":"System.Collections.Generic.List`1[[Sitecore.Commerce.Core.Component, Sitecore.Commerce.Core]], mscorlib","$values":[]}}]},"DateCreated":"2018-06-12T13:36:19.8861094+00:00","DateUpdated":"2017-02-14T22:24:03+00:00","DisplayName":"Appliances","FriendlyId":"Habitat_Master-Appliances","Id":"Entity-Category-Habitat_Master-Appliances","Version":0,"IsPersisted":false,"Name":"Appliances","Policies":{"$type":"System.Collections.Generic.List`1[[Sitecore.Commerce.Core.Policy, Sitecore.Commerce.Core]], mscorlib","$values":[]}},{"$type":"Sitecore.Commerce.Plugin.Catalog.Category, Sitecore.Commerce.Plugin.Catalog","Description":"","SitecoreId":"440c1cd5-20c1-e0d1-3319-9766112ed9ca","ParentCatalogList":"59ddadc1-9b88-727e-9e14-3f6cf321ae0f","ParentCategoryList":"06f5147b-9e24-fa33-20fb-d4b7d8d21392","ChildrenSellableItemList":"7e76956b-d676-e497-bd4b-46f6a45aa2fd|841c9236-d8b1-aab4-4b9a-2ab8cfb2296f|a7932324-be99-90e7-b361-bb6b24361019|11ae7506-8eaf-bdd1-d0fe-b443e47aeb5e|a72e4408-2a14-a2fe-7bc7-874b01ac18d4|93c1e8d7-d8c9-ec5e-e85f-6ab2252af408|67725076-be9d-f4e9-fd2b-f97abcedfe3c|0dde8b45-89bc-e64c-e9c9-98b16241e8bb|4d10654f-84de-a229-7282-f5e2303b8d4d|559f88b0-4485-8006-b379-70192de9bc6d|2e3e504c-4e36-b97c-17ba-9b5c1163c6de|30b57e36-f00a-1778-b660-2064534eb134|7befad52-cd8a-1845-8f1c-0f4ef35974f7|12e798cf-4629-1ee7-09c2-4d9c17cc9b62|96c14150-1855-a79a-7a78-106e4dd660b5|3d9297ea-d528-f260-0b14-e62c6064c641|3af5578f-047a-6565-74ee-978afbb14aea|610f13ca-93c9-82f0-b822-031456c74bbf","Components":{"$type":"System.Collections.Generic.List`1[[Sitecore.Commerce.Core.Component, Sitecore.Commerce.Core]], mscorlib","$values":[{"$type":"Sitecore.Commerce.Plugin.Catalog.CatalogsComponent, Sitecore.Commerce.Plugin.Catalog","Id":"f3f5b7a2cdb3441bb47c4ce09fdc130c","Name":"","Comments":"","Policies":{"$type":"System.Collections.Generic.List`1[[Sitecore.Commerce.Core.Policy, Sitecore.Commerce.Core]], mscorlib","$values":[]},"ChildComponents":{"$type":"System.Collections.Generic.List`1[[Sitecore.Commerce.Core.Component, Sitecore.Commerce.Core]], mscorlib","$values":[{"$type":"Sitecore.Commerce.Plugin.Catalog.CatalogComponent, Sitecore.Commerce.Plugin.Catalog","ChildCategories":{"$type":"System.Collections.Generic.List`1[[Sitecore.Commerce.Plugin.Catalog.Category, Sitecore.Commerce.Plugin.Catalog]], mscorlib","$values":[]},"CatalogLanguages":{"$type":"System.Collections.Generic.List`1[[Sitecore.Commerce.Core.Language, Sitecore.Commerce.Core]], mscorlib","$values":[]},"ItemDefinition":"","Id":"ac7afbed094a4aafb9896123047f8ec9","Name":"Habitat_Master","Comments":"","Policies":{"$type":"System.Collections.Generic.List`1[[Sitecore.Commerce.Core.Policy, Sitecore.Commerce.Core]], mscorlib","$values":[]},"ChildComponents":{"$type":"System.Collections.Generic.List`1[[Sitecore.Commerce.Core.Component, Sitecore.Commerce.Core]], mscorlib","$values":[]}}]}},{"$type":"Sitecore.Commerce.Core.MessagesComponent, Sitecore.Commerce.Core","Messages":{"$type":"System.Collections.Generic.List`1[[Sitecore.Commerce.Core.MessageModel, Sitecore.Commerce.Core]], mscorlib","$values":[{"$type":"Sitecore.Commerce.Core.MessageModel, Sitecore.Commerce.Core","Code":"MigrationMessage","Text":"Migrated from category with name='Refrigerators' in catalog 'Habitat_Master'","Id":"d52e2fb721344c4c8a82e593dd7b43aa"}]},"Id":"a40b1962052e49cd88252bb037aebbc1","Name":"","Comments":"","Policies":{"$type":"System.Collections.Generic.List`1[[Sitecore.Commerce.Core.Policy, Sitecore.Commerce.Core]], mscorlib","$values":[]},"ChildComponents":{"$type":"System.Collections.Generic.List`1[[Sitecore.Commerce.Core.Component, Sitecore.Commerce.Core]], mscorlib","$values":[]}},{"$type":"Sitecore.Commerce.Core.LocalizedEntityComponent, Sitecore.Commerce.Core","Entity":{"$type":"Sitecore.Commerce.Core.EntityReference, Sitecore.Commerce.Core","Name":"","EntityTarget":"Entity-LocalizationEntity-bf79cb34e6d3478ca7fbe16a4a6c2b91","Policies":{"$type":"System.Collections.Generic.List`1[[Sitecore.Commerce.Core.Policy, Sitecore.Commerce.Core]], mscorlib","$values":[]}},"Id":"2cc13403444645b5a00b9a6a941c4290","Name":"","Comments":"","Policies":{"$type":"System.Collections.Generic.List`1[[Sitecore.Commerce.Core.Policy, Sitecore.Commerce.Core]], mscorlib","$values":[]},"ChildComponents":{"$type":"System.Collections.Generic.List`1[[Sitecore.Commerce.Core.Component, Sitecore.Commerce.Core]], mscorlib","$values":[]}}]},"DateCreated":"2018-06-12T13:36:19.887109+00:00","DateUpdated":"2017-02-14T22:24:03+00:00","DisplayName":"Refrigerators","FriendlyId":"Habitat_Master-Refrigerators","Id":"Entity-Category-Habitat_Master-Refrigerators","Version":0,"IsPersisted":false,"Name":"Refrigerators","Policies":{"$type":"System.Collections.Generic.List`1[[Sitecore.Commerce.Core.Policy, Sitecore.Commerce.Core]], mscorlib","$values":[]}},{"$type":"Sitecore.Commerce.Plugin.Catalog.Category, Sitecore.Commerce.Plugin.Catalog","Description":"","SitecoreId":"ae2351db-a247-e039-dbbf-5c6e7d2b032f","ParentCatalogList":"59ddadc1-9b88-727e-9e14-3f6cf321ae0f","ParentCategoryList":"06f5147b-9e24-fa33-20fb-d4b7d8d21392","ChildrenSellableItemList":"798e5707-7af3-b304-6030-eed2e70af8ae|130ac1e7-9918-1f7b-6ee1-1b864be4afc1|c11249e8-3b24-a163-8d51-8315947fe69f|3fc451f7-b458-7450-9c84-82018a298d22|686e1d75-8c5f-51d8-3a82-a47eeacca59a|46984f03-599c-f7c5-0269-9440478cc5f5|0dca3c63-26d9-f013-7b03-685474cd47c0|bc444f1e-8ea9-30d4-07bd-57e12ead1715|a8c94051-2e7e-5e04-7f88-6c71202caf0f|f02e86fe-964b-ebe6-e7bf-6e42a3602b63|7ce8fe1c-d9b7-e21e-22ea-3029126dfc77|708e3b78-114b-ef4a-90fb-fb0fd20c73c1|5b591e4c-94eb-caf0-1da1-ccabe96765e9|445b8bc9-68ff-f96f-788b-99f9da4613e1|b5c4ff0b-84a2-117f-4653-53af97c16e42|2c990409-02c9-bf64-b156-c2592bffc3b6","Components":{"$type":"System.Collections.Generic.List`1[[Sitecore.Commerce.Core.Component, Sitecore.Commerce.Core]], mscorlib","$values":[{"$type":"Sitecore.Commerce.Plugin.Catalog.CatalogsComponent, Sitecore.Commerce.Plugin.Catalog","Id":"16ea64fa59394d0f82ceda4fe9c4742f","Name":"","Comments":"","Policies":{"$type":"System.Collections.Generic.List`1[[Sitecore.Commerce.Core.Policy, Sitecore.Commerce.Core]], mscorlib","$values":[]},"ChildComponents":{"$type":"System.Collections.Generic.List`1[[Sitecore.Commerce.Core.Component, Sitecore.Commerce.Core]], mscorlib","$values":[{"$type":"Sitecore.Commerce.Plugin.Catalog.CatalogComponent, Sitecore.Commerce.Plugin.Catalog","ChildCategories":{"$type":"System.Collections.Generic.List`1[[Sitecore.Commerce.Plugin.Catalog.Category, Sitecore.Commerce.Plugin.Catalog]], mscorlib","$values":[]},"CatalogLanguages":{"$type":"System.Collections.Generic.List`1[[Sitecore.Commerce.Core.Language, Sitecore.Commerce.Core]], mscorlib","$values":[]},"ItemDefinition":"","Id":"c5a9db243af34d5d96b53787e8e706c8","Name":"Habitat_Master","Comments":"","Policies":{"$type":"System.Collections.Generic.List`1[[Sitecore.Commerce.Core.Policy, Sitecore.Commerce.Core]], mscorlib","$values":[]},"ChildComponents":{"$type":"System.Collections.Generic.List`1[[Sitecore.Commerce.Core.Component, Sitecore.Commerce.Core]], mscorlib","$values":[]}}]}},{"$type":"Sitecore.Commerce.Core.MessagesComponent, Sitecore.Commerce.Core","Messages":{"$type":"System.Collections.Generic.List`1[[Sitecore.Commerce.Core.MessageModel, Sitecore.Commerce.Core]], mscorlib","$values":[{"$type":"Sitecore.Commerce.Core.MessageModel, Sitecore.Commerce.Core","Code":"MigrationMessage","Text":"Migrated from category with name='Laundry' in catalog 'Habitat_Master'","Id":"53e14b1577e448ab87b87f44e6c09fcf"}]},"Id":"2828af978308417cacef3113d0370a00","Name":"","Comments":"","Policies":{"$type":"System.Collections.Generic.List`1[[Sitecore.Commerce.Core.Policy, Sitecore.Commerce.Core]], mscorlib","$values":[]},"ChildComponents":{"$type":"System.Collections.Generic.List`1[[Sitecore.Commerce.Core.Component, Sitecore.Commerce.Core]], mscorlib","$values":[]}},{"$type":"Sitecore.Commerce.Core.LocalizedEntityComponent, Sitecore.Commerce.Core","Entity":{"$type":"Sitecore.Commerce.Core.EntityReference, Sitecore.Commerce.Core","Name":"","EntityTarget":"Entity-LocalizationEntity-fd3a12df9f08447abada5d3ebaac3465","Policies":{"$type":"System.Collections.Generic.List`1[[Sitecore.Commerce.Core.Policy, Sitecore.Commerce.Core]], mscorlib","$values":[]}},"Id":"05db321652874dbf93b22444c5a160d4","Name":"","Comments":"","Policies":{"$type":"System.Collections.Generic.List`1[[Sitecore.Commerce.Core.Policy, Sitecore.Commerce.Core]], mscorlib","$values":[]},"ChildComponents":{"$type":"System.Collections.Generic.List`1[[Sitecore.Commerce.Core.Component, Sitecore.Commerce.Core]], mscorlib","$values":[]}}]},"DateCreated":"2018-06-12T13:36:20.0371244+00:00","DateUpdated":"2017-02-14T22:24:04+00:00","DisplayName":"Laundry","FriendlyId":"Habitat_Master-Laundry","Id":"Entity-Category-Habitat_Master-Laundry","Version":0,"IsPersisted":false,"Name":"Laundry","Policies":{"$type":"System.Collections.Generic.List`1[[Sitecore.Commerce.Core.Policy, Sitecore.Commerce.Core]], mscorlib","$values":[]}},{"$type":"Sitecore.Commerce.Plugin.Catalog.Category, Sitecore.Commerce.Plugin.Catalog","Description":"","SitecoreId":"a7e7736a-b442-8ed5-f5d2-f4a0d588e65a","ParentCatalogList":"59ddadc1-9b88-727e-9e14-3f6cf321ae0f","ParentCategoryList":"06f5147b-9e24-fa33-20fb-d4b7d8d21392","ChildrenSellableItemList":"d1e7e48c-4cd1-39ac-031e-0c5443d6acb9|3a3ec3e8-6d1f-b81c-d11d-57d5d322e727|d19c7297-1d9c-5592-f06c-4c5b6f99b8fe|911026a1-2d8e-eefa-86c2-a10e355a0ab9|fc549e48-c1ca-52a8-213c-898c663c9f34|2ca29c9e-e134-ef9f-39ce-23850d49d60b","Components":{"$type":"System.Collections.Generic.List`1[[Sitecore.Commerce.Core.Component, Sitecore.Commerce.Core]], mscorlib","$values":[{"$type":"Sitecore.Commerce.Plugin.Catalog.CatalogsComponent, Sitecore.Commerce.Plugin.Catalog","Id":"36bffca20b0f4048ab82bf7f90386573","Name":"","Comments":"","Policies":{"$type":"System.Collections.Generic.List`1[[Sitecore.Commerce.Core.Policy, Sitecore.Commerce.Core]], mscorlib","$values":[]},"ChildComponents":{"$type":"System.Collections.Generic.List`1[[Sitecore.Commerce.Core.Component, Sitecore.Commerce.Core]], mscorlib","$values":[{"$type":"Sitecore.Commerce.Plugin.Catalog.CatalogComponent, Sitecore.Commerce.Plugin.Catalog","ChildCategories":{"$type":"System.Collections.Generic.List`1[[Sitecore.Commerce.Plugin.Catalog.Category, Sitecore.Commerce.Plugin.Catalog]], mscorlib","$values":[]},"CatalogLanguages":{"$type":"System.Collections.Generic.List`1[[Sitecore.Commerce.Core.Language, Sitecore.Commerce.Core]], mscorlib","$values":[]},"ItemDefinition":"","Id":"831e9761df884c468e44675863b8053b","Name":"Habitat_Master","Comments":"","Policies":{"$type":"System.Collections.Generic.List`1[[Sitecore.Commerce.Core.Policy, Sitecore.Commerce.Core]], mscorlib","$values":[]},"ChildComponents":{"$type":"System.Collections.Generic.List`1[[Sitecore.Commerce.Core.Component, Sitecore.Commerce.Core]], mscorlib","$values":[]}}]}},{"$type":"Sitecore.Commerce.Core.MessagesComponent, Sitecore.Commerce.Core","Messages":{"$type":"System.Collections.Generic.List`1[[Sitecore.Commerce.Core.MessageModel, Sitecore.Commerce.Core]], mscorlib","$values":[{"$type":"Sitecore.Commerce.Core.MessageModel, Sitecore.Commerce.Core","Code":"MigrationMessage","Text":"Migrated from category with name='Ranges' in catalog 'Habitat_Master'","Id":"9cc5652187b041368b8f9ee794a806dc"}]},"Id":"ca7290a6cd5c4709b42318f07c3fe6cf","Name":"","Comments":"","Policies":{"$type":"System.Collections.Generic.List`1[[Sitecore.Commerce.Core.Policy, Sitecore.Commerce.Core]], mscorlib","$values":[]},"ChildComponents":{"$type":"System.Collections.Generic.List`1[[Sitecore.Commerce.Core.Component, Sitecore.Commerce.Core]], mscorlib","$values":[]}},{"$type":"Sitecore.Commerce.Core.LocalizedEntityComponent, Sitecore.Commerce.Core","Entity":{"$type":"Sitecore.Commerce.Core.EntityReference, Sitecore.Commerce.Core","Name":"","EntityTarget":"Entity-LocalizationEntity-6ba6e6497c68468a8f11686d5fb2835d","Policies":{"$type":"System.Collections.Generic.List`1[[Sitecore.Commerce.Core.Policy, Sitecore.Commerce.Core]], mscorlib","$values":[]}},"Id":"1092ddaacb6247f19b7d3040abab2297","Name":"","Comments":"","Policies":{"$type":"System.Collections.Generic.List`1[[Sitecore.Commerce.Core.Policy, Sitecore.Commerce.Core]], mscorlib","$values":[]},"ChildComponents":{"$type":"System.Collections.Generic.List`1[[Sitecore.Commerce.Core.Component, Sitecore.Commerce.Core]], mscorlib","$values":[]}}]},"DateCreated":"2018-06-12T13:36:20.10214+00:00","DateUpdated":"2017-02-14T22:24:05+00:00","DisplayName":"Ranges","FriendlyId":"Habitat_Master-Ranges","Id":"Entity-Category-Habitat_Master-Ranges","Version":0,"IsPersisted":false,"Name":"Ranges","Policies":{"$type":"System.Collections.Generic.List`1[[Sitecore.Commerce.Core.Policy, Sitecore.Commerce.Core]], mscorlib","$values":[]}},{"$type":"Sitecore.Commerce.Plugin.Catalog.Category, Sitecore.Commerce.Plugin.Catalog","Description":"","SitecoreId":"1304d651-cf23-6c72-fa89-8941a3c9fff4","ParentCatalogList":"59ddadc1-9b88-727e-9e14-3f6cf321ae0f","ParentCategoryList":"06f5147b-9e24-fa33-20fb-d4b7d8d21392","ChildrenSellableItemList":"2fe5c0c4-15b0-df8b-7575-a09c2a56e1ff|3d5355bc-beba-602f-e335-d50e41acf804|0fe6443e-2f9e-3015-98c0-05eb375dafb0|051ff17a-1fa6-f48b-10bb-30bdf9b0efe1|818a1745-8df7-699f-a0e6-459aa7127eb3|66e41e0d-046b-3c99-78be-596adc17a815|552e13b2-1267-f97a-d004-e6a40c0da4e4","Components":{"$type":"System.Collections.Generic.List`1[[Sitecore.Commerce.Core.Component, Sitecore.Commerce.Core]], mscorlib","$values":[{"$type":"Sitecore.Commerce.Plugin.Catalog.CatalogsComponent, Sitecore.Commerce.Plugin.Catalog","Id":"f568b99db50c4616b2bdbd88cb99fe07","Name":"","Comments":"","Policies":{"$type":"System.Collections.Generic.List`1[[Sitecore.Commerce.Core.Policy, Sitecore.Commerce.Core]], mscorlib","$values":[]},"ChildComponents":{"$type":"System.Collections.Generic.List`1[[Sitecore.Commerce.Core.Component, Sitecore.Commerce.Core]], mscorlib","$values":[{"$type":"Sitecore.Commerce.Plugin.Catalog.CatalogComponent, Sitecore.Commerce.Plugin.Catalog","ChildCategories":{"$type":"System.Collections.Generic.List`1[[Sitecore.Commerce.Plugin.Catalog.Category, Sitecore.Commerce.Plugin.Catalog]], mscorlib","$values":[]},"CatalogLanguages":{"$type":"System.Collections.Generic.List`1[[Sitecore.Commerce.Core.Language, Sitecore.Commerce.Core]], mscorlib","$values":[]},"ItemDefinition":"","Id":"55e9a8a209d54345be12f5d239f2aab1","Name":"Habitat_Master","Comments":"","Policies":{"$type":"System.Collections.Generic.List`1[[Sitecore.Commerce.Core.Policy, Sitecore.Commerce.Core]], mscorlib","$values":[]},"ChildComponents":{"$type":"System.Collections.Generic.List`1[[Sitecore.Commerce.Core.Component, Sitecore.Commerce.Core]], mscorlib","$values":[]}}]}},{"$type":"Sitecore.Commerce.Core.MessagesComponent, Sitecore.Commerce.Core","Messages":{"$type":"System.Collections.Generic.List`1[[Sitecore.Commerce.Core.MessageModel, Sitecore.Commerce.Core]], mscorlib","$values":[{"$type":"Sitecore.Commerce.Core.MessageModel, Sitecore.Commerce.Core","Code":"MigrationMessage","Text":"Migrated from category with name='Microwaves' in catalog 'Habitat_Master'","Id":"bef1ac90dcc146e99cc5c9478f46560b"}]},"Id":"02e51971ffd040089e911f6287d1d88f","Name":"","Comments":"","Policies":{"$type":"System.Collections.Generic.List`1[[Sitecore.Commerce.Core.Policy, Sitecore.Commerce.Core]], mscorlib","$values":[]},"ChildComponents":{"$type":"System.Collections.Generic.List`1[[Sitecore.Commerce.Core.Component, Sitecore.Commerce.Core]], mscorlib","$values":[]}},{"$type":"Sitecore.Commerce.Core.LocalizedEntityComponent, Sitecore.Commerce.Core","Entity":{"$type":"Sitecore.Commerce.Core.EntityReference, Sitecore.Commerce.Core","Name":"","EntityTarget":"Entity-LocalizationEntity-cf5c118fb09f4fee85f814b32e995b7b","Policies":{"$type":"System.Collections.Generic.List`1[[Sitecore.Commerce.Core.Policy, Sitecore.Commerce.Core]], mscorlib","$values":[]}},"Id":"dbb5e99b23064d3382646f8a2d4f8c0c","Name":"","Comments":"","Policies":{"$type":"System.Collections.Generic.List`1[[Sitecore.Commerce.Core.Policy, Sitecore.Commerce.Core]], mscorlib","$values":[]},"ChildComponents":{"$type":"System.Collections.Generic.List`1[[Sitecore.Commerce.Core.Component, Sitecore.Commerce.Core]], mscorlib","$values":[]}}]},"DateCreated":"2018-06-12T13:36:20.1251359+00:00","DateUpdated":"2017-02-14T22:24:06+00:00","DisplayName":"Microwaves","FriendlyId":"Habitat_Master-Microwaves","Id":"Entity-Category-Habitat_Master-Microwaves","Version":0,"IsPersisted":false,"Name":"Microwaves","Policies":{"$type":"System.Collections.Generic.List`1[[Sitecore.Commerce.Core.Policy, Sitecore.Commerce.Core]], mscorlib","$values":[]}},{"$type":"Sitecore.Commerce.Plugin.Catalog.Category, Sitecore.Commerce.Plugin.Catalog","Description":"","SitecoreId":"4891a307-9383-1576-0fab-5d5fbabc2c5d","ParentCatalogList":"59ddadc1-9b88-727e-9e14-3f6cf321ae0f","ParentCategoryList":"06f5147b-9e24-fa33-20fb-d4b7d8d21392","ChildrenSellableItemList":"ab28583f-5961-3ff8-91b2-0fde679fdd34|00451eef-f7af-7561-7e32-673f1183d0fb|5f3a96ea-8bcf-8530-4c36-42b3a98d5961|7ef15681-fb4c-f5e0-1206-88f154391fb0|086367ff-6829-b481-aedd-a3ee23215bfd|332ea0c2-499e-d55f-021f-e7afb8f9c7f5|adc11a75-e85f-58ac-ce86-6b4195c69f7c|bb7c992b-90b7-8a57-c4c6-d3864bd9f8d9|1e483b51-83fe-5029-e873-087b7f92318e|2afb9c97-1440-a0f3-1fea-ba7b560ed3ef|e1612bf9-d7fe-ccb5-8dfd-57c8ca4f0b8c|8f82cb41-4e5a-3a82-c4f1-a5f6bfd0ad8e|4bc2f153-e14d-cccf-08b1-500c11a078c3|a4c6d5be-1e18-149c-126e-43c06b564e1e|3f100b8d-29bb-dd6c-7123-11564ba3ba72|6ed5545d-f852-efbe-213a-8c3d4439e0aa|3f8a95a7-9175-1a5a-4287-05c3876f3ee8|ee973338-22a4-f9ba-1c14-ec4591e924ff|db9dfcdd-aa5c-ba2e-4c17-e2676839d08b|5943bdda-e981-726d-a6eb-26c14c3aea29|e2028f69-fbe7-6dfb-3dbb-22d730eef226|f1664eea-0631-67c4-51be-10316351b582|4ba65c38-1289-5cee-94ac-8edaffed47d5|a508cc9e-7007-3078-a926-3f989f66a843|4c853fcb-3800-7d91-a711-23a005f6adbe|f041a9a0-f2b2-e6fa-f1a1-cdba2b9dd0b5|d91b2f80-89b4-4d5f-8f18-b75effb9b556|29e68cdc-af56-612f-e047-6fd0dd11068c|99cac8ae-c4eb-5752-741d-47ae781f5bb1|dfe3179d-2fa6-b06b-6098-4ae8dcd8496f|8c491f02-c150-970d-ff95-90a269559510|acffbace-ea71-c245-6d96-c32a77b429a4|f104d74b-54a5-569e-d230-b1dd4828ee02|e415ad1a-33ba-a02d-53e6-77eba0ade3e6","Components":{"$type":"System.Collections.Generic.List`1[[Sitecore.Commerce.Core.Component, Sitecore.Commerce.Core]], mscorlib","$values":[{"$type":"Sitecore.Commerce.Plugin.Catalog.CatalogsComponent, Sitecore.Commerce.Plugin.Catalog","Id":"567633d8adc0433b80588d90b7d78797","Name":"","Comments":"","Policies":{"$type":"System.Collections.Generic.List`1[[Sitecore.Commerce.Core.Policy, Sitecore.Commerce.Core]], mscorlib","$values":[]},"ChildComponents":{"$type":"System.Collections.Generic.List`1[[Sitecore.Commerce.Core.Component, Sitecore.Commerce.Core]], mscorlib","$values":[{"$type":"Sitecore.Commerce.Plugin.Catalog.CatalogComponent, Sitecore.Commerce.Plugin.Catalog","ChildCategories":{"$type":"System.Collections.Generic.List`1[[Sitecore.Commerce.Plugin.Catalog.Category, Sitecore.Commerce.Plugin.Catalog]], mscorlib","$values":[]},"CatalogLanguages":{"$type":"System.Collections.Generic.List`1[[Sitecore.Commerce.Core.Language, Sitecore.Commerce.Core]], mscorlib","$values":[]},"ItemDefinition":"","Id":"b37467f8b1b048d5967ca958f66d8403","Name":"Habitat_Master","Comments":"","Policies":{"$type":"System.Collections.Generic.List`1[[Sitecore.Commerce.Core.Policy, Sitecore.Commerce.Core]], mscorlib","$values":[]},"ChildComponents":{"$type":"System.Collections.Generic.List`1[[Sitecore.Commerce.Core.Component, Sitecore.Commerce.Core]], mscorlib","$values":[]}}]}},{"$type":"Sitecore.Commerce.Core.MessagesComponent, Sitecore.Commerce.Core","Messages":{"$type":"System.Collections.Generic.List`1[[Sitecore.Commerce.Core.MessageModel, Sitecore.Commerce.Core]], mscorlib","$values":[{"$type":"Sitecore.Commerce.Core.MessageModel, Sitecore.Commerce.Core","Code":"MigrationMessage","Text":"Migrated from category with name='Small Appliances' in catalog 'Habitat_Master'","Id":"c649afed816647ff9073815064d27948"}]},"Id":"29e531f48d5041c59861ca10292a1cea","Name":"","Comments":"","Policies":{"$type":"System.Collections.Generic.List`1[[Sitecore.Commerce.Core.Policy, Sitecore.Commerce.Core]], mscorlib","$values":[]},"ChildComponents":{"$type":"System.Collections.Generic.List`1[[Sitecore.Commerce.Core.Component, Sitecore.Commerce.Core]], mscorlib","$values":[]}},{"$type":"Sitecore.Commerce.Core.LocalizedEntityComponent, Sitecore.Commerce.Core","Entity":{"$type":"Sitecore.Commerce.Core.EntityReference, Sitecore.Commerce.Core","Name":"","EntityTarget":"Entity-LocalizationEntity-e45aa3d2b4434854a403d9ab2248763e","Policies":{"$type":"System.Collections.Generic.List`1[[Sitecore.Commerce.Core.Policy, Sitecore.Commerce.Core]], mscorlib","$values":[]}},"Id":"dfb234586185460b935a296c87e81230","Name":"","Comments":"","Policies":{"$type":"System.Collections.Generic.List`1[[Sitecore.Commerce.Core.Policy, Sitecore.Commerce.Core]], mscorlib","$values":[]},"ChildComponents":{"$type":"System.Collections.Generic.List`1[[Sitecore.Commerce.Core.Component, Sitecore.Commerce.Core]], mscorlib","$values":[]}}]},"DateCreated":"2018-06-12T13:36:20.1751382+00:00","DateUpdated":"2017-02-14T22:24:06+00:00","DisplayName":"Small Appliances","FriendlyId":"Habitat_Master-Small Appliances","Id":"Entity-Category-Habitat_Master-Small Appliances","Version":0,"IsPersisted":false,"Name":"Small Appliances","Policies":{"$type":"System.Collections.Generic.List`1[[Sitecore.Commerce.Core.Policy, Sitecore.Commerce.Core]], mscorlib","$values":[]}}]}