{"$type":"System.Collections.Generic.List`1[[Sitecore.Commerce.Core.LocalizationEntity, Sitecore.Commerce.Core]], mscorlib","$values":[{"$type":"Sitecore.Commerce.Core.LocalizationEntity, Sitecore.Commerce.Core","HasProperties":true,"HasComponentsProperties":true,"Properties":{"$type":"System.Collections.Concurrent.ConcurrentDictionary`2[[System.String, mscorlib],[System.Collections.Generic.List`1[[Sitecore.Commerce.Core.Parameter, Sitecore.Commerce.Core]], mscorlib]], mscorlib","Name":{"$type":"System.Collections.Generic.List`1[[Sitecore.Commerce.Core.Parameter, Sitecore.Commerce.Core]], mscorlib","$values":[{"$type":"Sitecore.Commerce.Core.Parameter, Sitecore.Commerce.Core","Key":"en-US","Value":"Optix 2-in-1 70\" Tripod and Monopod"}]},"Description":{"$type":"System.Collections.Generic.List`1[[Sitecore.Commerce.Core.Parameter, Sitecore.Commerce.Core]], mscorlib","$values":[{"$type":"Sitecore.Commerce.Core.Parameter, Sitecore.Commerce.Core","Key":"en-US","Value":"Take shake-free videos and pictures with this Optix 2-in-1 70\" tripod and monopod, which features a 3-way, fluid-effect, quick-release pan head with a built-in bubble level to support and stabilize your camera or camcorder."}]},"DisplayName":{"$type":"System.Collections.Generic.List`1[[Sitecore.Commerce.Core.Parameter, Sitecore.Commerce.Core]], mscorlib","$values":[{"$type":"Sitecore.Commerce.Core.Parameter, Sitecore.Commerce.Core","Key":"en-US","Value":"Optix 2-in-1 70\" Tripod and Monopod"}]}},"ComponentsProperties":{"$type":"System.Collections.Concurrent.ConcurrentDictionary`2[[System.String, mscorlib],[System.Collections.Concurrent.ConcurrentDictionary`2[[System.String, mscorlib],[System.Collections.Concurrent.ConcurrentDictionary`2[[System.String, mscorlib],[System.Collections.Generic.List`1[[Sitecore.Commerce.Core.Parameter, Sitecore.Commerce.Core]], mscorlib]], mscorlib]], mscorlib]], mscorlib","ItemVariationsComponent.ItemVariationComponent":{"$type":"System.Collections.Concurrent.ConcurrentDictionary`2[[System.String, mscorlib],[System.Collections.Concurrent.ConcurrentDictionary`2[[System.String, mscorlib],[System.Collections.Generic.List`1[[Sitecore.Commerce.Core.Parameter, Sitecore.Commerce.Core]], mscorlib]], mscorlib]], mscorlib","57042152":{"$type":"System.Collections.Concurrent.ConcurrentDictionary`2[[System.String, mscorlib],[System.Collections.Generic.List`1[[Sitecore.Commerce.Core.Parameter, Sitecore.Commerce.Core]], mscorlib]], mscorlib","DisplayName":{"$type":"System.Collections.Generic.List`1[[Sitecore.Commerce.Core.Parameter, Sitecore.Commerce.Core]], mscorlib","$values":[{"$type":"Sitecore.Commerce.Core.Parameter, Sitecore.Commerce.Core","Key":"en-US","Value":"Optix 2-in-1 70\" Tripod and Monopod"}]}}}},"Components":{"$type":"System.Collections.Generic.List`1[[Sitecore.Commerce.Core.Component, Sitecore.Commerce.Core]], mscorlib","$values":[]},"DateCreated":"2018-06-12T13:36:20.6961894+00:00","DateUpdated":"2018-06-12T13:36:20.6961894+00:00","DisplayName":"","Id":"Entity-LocalizationEntity-18690a3d6f254547833d424e91b1dba8","Version":0,"IsPersisted":false,"Name":"","Policies":{"$type":"System.Collections.Generic.List`1[[Sitecore.Commerce.Core.Policy, Sitecore.Commerce.Core]], mscorlib","$values":[]}},{"$type":"Sitecore.Commerce.Core.LocalizationEntity, Sitecore.Commerce.Core","HasProperties":true,"HasComponentsProperties":true,"Properties":{"$type":"System.Collections.Concurrent.ConcurrentDictionary`2[[System.String, mscorlib],[System.Collections.Generic.List`1[[Sitecore.Commerce.Core.Parameter, Sitecore.Commerce.Core]], mscorlib]], mscorlib","Name":{"$type":"System.Collections.Generic.List`1[[Sitecore.Commerce.Core.Parameter, Sitecore.Commerce.Core]], mscorlib","$values":[{"$type":"Sitecore.Commerce.Core.Parameter, Sitecore.Commerce.Core","Key":"en-US","Value":"Optix 61” Tripod"}]},"Description":{"$type":"System.Collections.Generic.List`1[[Sitecore.Commerce.Core.Parameter, Sitecore.Commerce.Core]], mscorlib","$values":[{"$type":"Sitecore.Commerce.Core.Parameter, Sitecore.Commerce.Core","Key":"en-US","Value":"Capture clear, stable videos and pictures with this Optix 61\" tripod, which features 8 leg sections that extend up to 61\" for use on tabletops or the floor. The nonslip rubber feet ensure stability."}]},"DisplayName":{"$type":"System.Collections.Generic.List`1[[Sitecore.Commerce.Core.Parameter, Sitecore.Commerce.Core]], mscorlib","$values":[{"$type":"Sitecore.Commerce.Core.Parameter, Sitecore.Commerce.Core","Key":"en-US","Value":"Optix 61” Tripod"}]}},"ComponentsProperties":{"$type":"System.Collections.Concurrent.ConcurrentDictionary`2[[System.String, mscorlib],[System.Collections.Concurrent.ConcurrentDictionary`2[[System.String, mscorlib],[System.Collections.Concurrent.ConcurrentDictionary`2[[System.String, mscorlib],[System.Collections.Generic.List`1[[Sitecore.Commerce.Core.Parameter, Sitecore.Commerce.Core]], mscorlib]], mscorlib]], mscorlib]], mscorlib","ItemVariationsComponent.ItemVariationComponent":{"$type":"System.Collections.Concurrent.ConcurrentDictionary`2[[System.String, mscorlib],[System.Collections.Concurrent.ConcurrentDictionary`2[[System.String, mscorlib],[System.Collections.Generic.List`1[[Sitecore.Commerce.Core.Parameter, Sitecore.Commerce.Core]], mscorlib]], mscorlib]], mscorlib","57042153":{"$type":"System.Collections.Concurrent.ConcurrentDictionary`2[[System.String, mscorlib],[System.Collections.Generic.List`1[[Sitecore.Commerce.Core.Parameter, Sitecore.Commerce.Core]], mscorlib]], mscorlib","DisplayName":{"$type":"System.Collections.Generic.List`1[[Sitecore.Commerce.Core.Parameter, Sitecore.Commerce.Core]], mscorlib","$values":[{"$type":"Sitecore.Commerce.Core.Parameter, Sitecore.Commerce.Core","Key":"en-US","Value":"Optix 61” Tripod"}]}}}},"Components":{"$type":"System.Collections.Generic.List`1[[Sitecore.Commerce.Core.Component, Sitecore.Commerce.Core]], mscorlib","$values":[]},"DateCreated":"2018-06-12T13:36:20.6981912+00:00","DateUpdated":"2018-06-12T13:36:20.6981912+00:00","DisplayName":"","Id":"Entity-LocalizationEntity-25dff7e0122b495c84819d9ccbc14ffe","Version":0,"IsPersisted":false,"Name":"","Policies":{"$type":"System.Collections.Generic.List`1[[Sitecore.Commerce.Core.Policy, Sitecore.Commerce.Core]], mscorlib","$values":[]}},{"$type":"Sitecore.Commerce.Core.LocalizationEntity, Sitecore.Commerce.Core","HasProperties":true,"HasComponentsProperties":true,"Properties":{"$type":"System.Collections.Concurrent.ConcurrentDictionary`2[[System.String, mscorlib],[System.Collections.Generic.List`1[[Sitecore.Commerce.Core.Parameter, Sitecore.Commerce.Core]], mscorlib]], mscorlib","Name":{"$type":"System.Collections.Generic.List`1[[Sitecore.Commerce.Core.Parameter, Sitecore.Commerce.Core]], mscorlib","$values":[{"$type":"Sitecore.Commerce.Core.Parameter, Sitecore.Commerce.Core","Key":"en-US","Value":"Optix Action Camera Head Mount Kit"}]},"Description":{"$type":"System.Collections.Generic.List`1[[Sitecore.Commerce.Core.Parameter, Sitecore.Commerce.Core]], mscorlib","$values":[{"$type":"Sitecore.Commerce.Core.Parameter, Sitecore.Commerce.Core","Key":"en-US","Value":"The Helix Optix clip head mount kit includes a headband and hook attachment, so you can mount your Action Cam to a cap, goggles or directly to your head. A dial screw roll allows you to adjust the camera angle for shooting from multiple perspectives."}]},"DisplayName":{"$type":"System.Collections.Generic.List`1[[Sitecore.Commerce.Core.Parameter, Sitecore.Commerce.Core]], mscorlib","$values":[{"$type":"Sitecore.Commerce.Core.Parameter, Sitecore.Commerce.Core","Key":"en-US","Value":"Optix Action Camera Head Mount Kit"}]}},"ComponentsProperties":{"$type":"System.Collections.Concurrent.ConcurrentDictionary`2[[System.String, mscorlib],[System.Collections.Concurrent.ConcurrentDictionary`2[[System.String, mscorlib],[System.Collections.Concurrent.ConcurrentDictionary`2[[System.String, mscorlib],[System.Collections.Generic.List`1[[Sitecore.Commerce.Core.Parameter, Sitecore.Commerce.Core]], mscorlib]], mscorlib]], mscorlib]], mscorlib","ItemVariationsComponent.ItemVariationComponent":{"$type":"System.Collections.Concurrent.ConcurrentDictionary`2[[System.String, mscorlib],[System.Collections.Concurrent.ConcurrentDictionary`2[[System.String, mscorlib],[System.Collections.Generic.List`1[[Sitecore.Commerce.Core.Parameter, Sitecore.Commerce.Core]], mscorlib]], mscorlib]], mscorlib","57042154":{"$type":"System.Collections.Concurrent.ConcurrentDictionary`2[[System.String, mscorlib],[System.Collections.Generic.List`1[[Sitecore.Commerce.Core.Parameter, Sitecore.Commerce.Core]], mscorlib]], mscorlib","DisplayName":{"$type":"System.Collections.Generic.List`1[[Sitecore.Commerce.Core.Parameter, Sitecore.Commerce.Core]], mscorlib","$values":[{"$type":"Sitecore.Commerce.Core.Parameter, Sitecore.Commerce.Core","Key":"en-US","Value":"Optix Action Camera Head Mount Kit"}]}}}},"Components":{"$type":"System.Collections.Generic.List`1[[Sitecore.Commerce.Core.Component, Sitecore.Commerce.Core]], mscorlib","$values":[]},"DateCreated":"2018-06-12T13:36:20.7001895+00:00","DateUpdated":"2018-06-12T13:36:20.7001895+00:00","DisplayName":"","Id":"Entity-LocalizationEntity-4cac1cb6f708440b8d3b5e2cd650c594","Version":0,"IsPersisted":false,"Name":"","Policies":{"$type":"System.Collections.Generic.List`1[[Sitecore.Commerce.Core.Policy, Sitecore.Commerce.Core]], mscorlib","$values":[]}},{"$type":"Sitecore.Commerce.Core.LocalizationEntity, Sitecore.Commerce.Core","HasProperties":true,"HasComponentsProperties":true,"Properties":{"$type":"System.Collections.Concurrent.ConcurrentDictionary`2[[System.String, mscorlib],[System.Collections.Generic.List`1[[Sitecore.Commerce.Core.Parameter, Sitecore.Commerce.Core]], mscorlib]], mscorlib","Name":{"$type":"System.Collections.Generic.List`1[[Sitecore.Commerce.Core.Parameter, Sitecore.Commerce.Core]], mscorlib","$values":[{"$type":"Sitecore.Commerce.Core.Parameter, Sitecore.Commerce.Core","Key":"en-US","Value":"Optix 11” Mini Tripod"}]},"Description":{"$type":"System.Collections.Generic.List`1[[Sitecore.Commerce.Core.Parameter, Sitecore.Commerce.Core]], mscorlib","$values":[{"$type":"Sitecore.Commerce.Core.Parameter, Sitecore.Commerce.Core","Key":"en-US","Value":"Take in-focus photos and video footage with help from this Optix mini tripod that is designed for use with most cameras and camcorders weighing up to 12.8 oz. and features metal legs for optimal stability."}]},"DisplayName":{"$type":"System.Collections.Generic.List`1[[Sitecore.Commerce.Core.Parameter, Sitecore.Commerce.Core]], mscorlib","$values":[{"$type":"Sitecore.Commerce.Core.Parameter, Sitecore.Commerce.Core","Key":"en-US","Value":"Optix 11” Mini Tripod"}]}},"ComponentsProperties":{"$type":"System.Collections.Concurrent.ConcurrentDictionary`2[[System.String, mscorlib],[System.Collections.Concurrent.ConcurrentDictionary`2[[System.String, mscorlib],[System.Collections.Concurrent.ConcurrentDictionary`2[[System.String, mscorlib],[System.Collections.Generic.List`1[[Sitecore.Commerce.Core.Parameter, Sitecore.Commerce.Core]], mscorlib]], mscorlib]], mscorlib]], mscorlib","ItemVariationsComponent.ItemVariationComponent":{"$type":"System.Collections.Concurrent.ConcurrentDictionary`2[[System.String, mscorlib],[System.Collections.Concurrent.ConcurrentDictionary`2[[System.String, mscorlib],[System.Collections.Generic.List`1[[Sitecore.Commerce.Core.Parameter, Sitecore.Commerce.Core]], mscorlib]], mscorlib]], mscorlib","57042155":{"$type":"System.Collections.Concurrent.ConcurrentDictionary`2[[System.String, mscorlib],[System.Collections.Generic.List`1[[Sitecore.Commerce.Core.Parameter, Sitecore.Commerce.Core]], mscorlib]], mscorlib","DisplayName":{"$type":"System.Collections.Generic.List`1[[Sitecore.Commerce.Core.Parameter, Sitecore.Commerce.Core]], mscorlib","$values":[{"$type":"Sitecore.Commerce.Core.Parameter, Sitecore.Commerce.Core","Key":"en-US","Value":"Optix 11” Mini Tripod"}]}}}},"Components":{"$type":"System.Collections.Generic.List`1[[Sitecore.Commerce.Core.Component, Sitecore.Commerce.Core]], mscorlib","$values":[]},"DateCreated":"2018-06-12T13:36:20.7021887+00:00","DateUpdated":"2018-06-12T13:36:20.7021887+00:00","DisplayName":"","Id":"Entity-LocalizationEntity-5a9d690fc8dc420bb39434ffad0f3e71","Version":0,"IsPersisted":false,"Name":"","Policies":{"$type":"System.Collections.Generic.List`1[[Sitecore.Commerce.Core.Policy, Sitecore.Commerce.Core]], mscorlib","$values":[]}},{"$type":"Sitecore.Commerce.Core.LocalizationEntity, Sitecore.Commerce.Core","HasProperties":true,"HasComponentsProperties":true,"Properties":{"$type":"System.Collections.Concurrent.ConcurrentDictionary`2[[System.String, mscorlib],[System.Collections.Generic.List`1[[Sitecore.Commerce.Core.Parameter, Sitecore.Commerce.Core]], mscorlib]], mscorlib","Name":{"$type":"System.Collections.Generic.List`1[[Sitecore.Commerce.Core.Parameter, Sitecore.Commerce.Core]], mscorlib","$values":[{"$type":"Sitecore.Commerce.Core.Parameter, Sitecore.Commerce.Core","Key":"en-US","Value":"Optix 67” Monopod"}]},"Description":{"$type":"System.Collections.Generic.List`1[[Sitecore.Commerce.Core.Parameter, Sitecore.Commerce.Core]], mscorlib","$values":[{"$type":"Sitecore.Commerce.Core.Parameter, Sitecore.Commerce.Core","Key":"en-US","Value":"Capture clear images with help from this Optix 67” monopod that features a rubber foot with a retractable spike to provide stable support. The standard mounting plate accommodates a wide variety of cameras and camcorders."}]},"DisplayName":{"$type":"System.Collections.Generic.List`1[[Sitecore.Commerce.Core.Parameter, Sitecore.Commerce.Core]], mscorlib","$values":[{"$type":"Sitecore.Commerce.Core.Parameter, Sitecore.Commerce.Core","Key":"en-US","Value":"Optix 67” Monopod"}]}},"ComponentsProperties":{"$type":"System.Collections.Concurrent.ConcurrentDictionary`2[[System.String, mscorlib],[System.Collections.Concurrent.ConcurrentDictionary`2[[System.String, mscorlib],[System.Collections.Concurrent.ConcurrentDictionary`2[[System.String, mscorlib],[System.Collections.Generic.List`1[[Sitecore.Commerce.Core.Parameter, Sitecore.Commerce.Core]], mscorlib]], mscorlib]], mscorlib]], mscorlib","ItemVariationsComponent.ItemVariationComponent":{"$type":"System.Collections.Concurrent.ConcurrentDictionary`2[[System.String, mscorlib],[System.Collections.Concurrent.ConcurrentDictionary`2[[System.String, mscorlib],[System.Collections.Generic.List`1[[Sitecore.Commerce.Core.Parameter, Sitecore.Commerce.Core]], mscorlib]], mscorlib]], mscorlib","57042156":{"$type":"System.Collections.Concurrent.ConcurrentDictionary`2[[System.String, mscorlib],[System.Collections.Generic.List`1[[Sitecore.Commerce.Core.Parameter, Sitecore.Commerce.Core]], mscorlib]], mscorlib","DisplayName":{"$type":"System.Collections.Generic.List`1[[Sitecore.Commerce.Core.Parameter, Sitecore.Commerce.Core]], mscorlib","$values":[{"$type":"Sitecore.Commerce.Core.Parameter, Sitecore.Commerce.Core","Key":"en-US","Value":"Optix 67” Monopod"}]}}}},"Components":{"$type":"System.Collections.Generic.List`1[[Sitecore.Commerce.Core.Component, Sitecore.Commerce.Core]], mscorlib","$values":[]},"DateCreated":"2018-06-12T13:36:20.7031938+00:00","DateUpdated":"2018-06-12T13:36:20.7031938+00:00","DisplayName":"","Id":"Entity-LocalizationEntity-b2843c99e0414ec7931c527a52937fe3","Version":0,"IsPersisted":false,"Name":"","Policies":{"$type":"System.Collections.Generic.List`1[[Sitecore.Commerce.Core.Policy, Sitecore.Commerce.Core]], mscorlib","$values":[]}},{"$type":"Sitecore.Commerce.Core.LocalizationEntity, Sitecore.Commerce.Core","HasProperties":true,"HasComponentsProperties":true,"Properties":{"$type":"System.Collections.Concurrent.ConcurrentDictionary`2[[System.String, mscorlib],[System.Collections.Generic.List`1[[Sitecore.Commerce.Core.Parameter, Sitecore.Commerce.Core]], mscorlib]], mscorlib","Name":{"$type":"System.Collections.Generic.List`1[[Sitecore.Commerce.Core.Parameter, Sitecore.Commerce.Core]], mscorlib","$values":[{"$type":"Sitecore.Commerce.Core.Parameter, Sitecore.Commerce.Core","Key":"en-US","Value":"Optix DSLR Battery Charger"}]},"Description":{"$type":"System.Collections.Generic.List`1[[Sitecore.Commerce.Core.Parameter, Sitecore.Commerce.Core]], mscorlib","$values":[{"$type":"Sitecore.Commerce.Core.Parameter, Sitecore.Commerce.Core","Key":"en-US","Value":"Restore power to compatible lithium-ion and AA batteries with this Optix charger, which features a lightweight design and a fold-away flip plug for easy portability. The USB port enables you to charge compatible mobile phones too."}]},"DisplayName":{"$type":"System.Collections.Generic.List`1[[Sitecore.Commerce.Core.Parameter, Sitecore.Commerce.Core]], mscorlib","$values":[{"$type":"Sitecore.Commerce.Core.Parameter, Sitecore.Commerce.Core","Key":"en-US","Value":"Optix DSLR Battery Charger"}]}},"ComponentsProperties":{"$type":"System.Collections.Concurrent.ConcurrentDictionary`2[[System.String, mscorlib],[System.Collections.Concurrent.ConcurrentDictionary`2[[System.String, mscorlib],[System.Collections.Concurrent.ConcurrentDictionary`2[[System.String, mscorlib],[System.Collections.Generic.List`1[[Sitecore.Commerce.Core.Parameter, Sitecore.Commerce.Core]], mscorlib]], mscorlib]], mscorlib]], mscorlib","ItemVariationsComponent.ItemVariationComponent":{"$type":"System.Collections.Concurrent.ConcurrentDictionary`2[[System.String, mscorlib],[System.Collections.Concurrent.ConcurrentDictionary`2[[System.String, mscorlib],[System.Collections.Generic.List`1[[Sitecore.Commerce.Core.Parameter, Sitecore.Commerce.Core]], mscorlib]], mscorlib]], mscorlib","57042157":{"$type":"System.Collections.Concurrent.ConcurrentDictionary`2[[System.String, mscorlib],[System.Collections.Generic.List`1[[Sitecore.Commerce.Core.Parameter, Sitecore.Commerce.Core]], mscorlib]], mscorlib","DisplayName":{"$type":"System.Collections.Generic.List`1[[Sitecore.Commerce.Core.Parameter, Sitecore.Commerce.Core]], mscorlib","$values":[{"$type":"Sitecore.Commerce.Core.Parameter, Sitecore.Commerce.Core","Key":"en-US","Value":"Optix DSLR Battery Charger"}]}}}},"Components":{"$type":"System.Collections.Generic.List`1[[Sitecore.Commerce.Core.Component, Sitecore.Commerce.Core]], mscorlib","$values":[]},"DateCreated":"2018-06-12T13:36:20.7071922+00:00","DateUpdated":"2018-06-12T13:36:20.7071922+00:00","DisplayName":"","Id":"Entity-LocalizationEntity-7270504bc57e4073954bba2770303a9c","Version":0,"IsPersisted":false,"Name":"","Policies":{"$type":"System.Collections.Generic.List`1[[Sitecore.Commerce.Core.Policy, Sitecore.Commerce.Core]], mscorlib","$values":[]}},{"$type":"Sitecore.Commerce.Core.LocalizationEntity, Sitecore.Commerce.Core","HasProperties":true,"HasComponentsProperties":true,"Properties":{"$type":"System.Collections.Concurrent.ConcurrentDictionary`2[[System.String, mscorlib],[System.Collections.Generic.List`1[[Sitecore.Commerce.Core.Parameter, Sitecore.Commerce.Core]], mscorlib]], mscorlib","Name":{"$type":"System.Collections.Generic.List`1[[Sitecore.Commerce.Core.Parameter, Sitecore.Commerce.Core]], mscorlib","$values":[{"$type":"Sitecore.Commerce.Core.Parameter, Sitecore.Commerce.Core","Key":"en-US","Value":"Optix Lithium-Ion Battery"}]},"Description":{"$type":"System.Collections.Generic.List`1[[Sitecore.Commerce.Core.Parameter, Sitecore.Commerce.Core]], mscorlib","$values":[{"$type":"Sitecore.Commerce.Core.Parameter, Sitecore.Commerce.Core","Key":"en-US","Value":"Keep your compatible Optix camera powered to take plenty of photos and videos with this Optix lithium-ion battery. This battery solution provides long-lasting use, and lithium-ion chemistry offers reliability."}]},"DisplayName":{"$type":"System.Collections.Generic.List`1[[Sitecore.Commerce.Core.Parameter, Sitecore.Commerce.Core]], mscorlib","$values":[{"$type":"Sitecore.Commerce.Core.Parameter, Sitecore.Commerce.Core","Key":"en-US","Value":"Optix Lithium-Ion Battery"}]}},"ComponentsProperties":{"$type":"System.Collections.Concurrent.ConcurrentDictionary`2[[System.String, mscorlib],[System.Collections.Concurrent.ConcurrentDictionary`2[[System.String, mscorlib],[System.Collections.Concurrent.ConcurrentDictionary`2[[System.String, mscorlib],[System.Collections.Generic.List`1[[Sitecore.Commerce.Core.Parameter, Sitecore.Commerce.Core]], mscorlib]], mscorlib]], mscorlib]], mscorlib","ItemVariationsComponent.ItemVariationComponent":{"$type":"System.Collections.Concurrent.ConcurrentDictionary`2[[System.String, mscorlib],[System.Collections.Concurrent.ConcurrentDictionary`2[[System.String, mscorlib],[System.Collections.Generic.List`1[[Sitecore.Commerce.Core.Parameter, Sitecore.Commerce.Core]], mscorlib]], mscorlib]], mscorlib","57042158":{"$type":"System.Collections.Concurrent.ConcurrentDictionary`2[[System.String, mscorlib],[System.Collections.Generic.List`1[[Sitecore.Commerce.Core.Parameter, Sitecore.Commerce.Core]], mscorlib]], mscorlib","DisplayName":{"$type":"System.Collections.Generic.List`1[[Sitecore.Commerce.Core.Parameter, Sitecore.Commerce.Core]], mscorlib","$values":[{"$type":"Sitecore.Commerce.Core.Parameter, Sitecore.Commerce.Core","Key":"en-US","Value":"Optix Lithium-Ion Battery"}]}}}},"Components":{"$type":"System.Collections.Generic.List`1[[Sitecore.Commerce.Core.Component, Sitecore.Commerce.Core]], mscorlib","$values":[]},"DateCreated":"2018-06-12T13:36:20.7081927+00:00","DateUpdated":"2018-06-12T13:36:20.7081927+00:00","DisplayName":"","Id":"Entity-LocalizationEntity-8f443ed867224efebe9295e1438e4e1d","Version":0,"IsPersisted":false,"Name":"","Policies":{"$type":"System.Collections.Generic.List`1[[Sitecore.Commerce.Core.Policy, Sitecore.Commerce.Core]], mscorlib","$values":[]}},{"$type":"Sitecore.Commerce.Core.LocalizationEntity, Sitecore.Commerce.Core","HasProperties":true,"HasComponentsProperties":true,"Properties":{"$type":"System.Collections.Concurrent.ConcurrentDictionary`2[[System.String, mscorlib],[System.Collections.Generic.List`1[[Sitecore.Commerce.Core.Parameter, Sitecore.Commerce.Core]], mscorlib]], mscorlib","Name":{"$type":"System.Collections.Generic.List`1[[Sitecore.Commerce.Core.Parameter, Sitecore.Commerce.Core]], mscorlib","$values":[{"$type":"Sitecore.Commerce.Core.Parameter, Sitecore.Commerce.Core","Key":"en-US","Value":"Optix Rechargeable Lithium-Ion Battery"}]},"Description":{"$type":"System.Collections.Generic.List`1[[Sitecore.Commerce.Core.Parameter, Sitecore.Commerce.Core]], mscorlib","$values":[{"$type":"Sitecore.Commerce.Core.Parameter, Sitecore.Commerce.Core","Key":"en-US","Value":"Keep your compatible Optix camera powered to take plenty of photos and videos with this Optix rechargeable lithium-ion battery. This battery solution provides long-lasting use, and lithium-ion chemistry offers reliability."}]},"DisplayName":{"$type":"System.Collections.Generic.List`1[[Sitecore.Commerce.Core.Parameter, Sitecore.Commerce.Core]], mscorlib","$values":[{"$type":"Sitecore.Commerce.Core.Parameter, Sitecore.Commerce.Core","Key":"en-US","Value":"Optix Rechargeable Lithium-Ion Battery"}]}},"ComponentsProperties":{"$type":"System.Collections.Concurrent.ConcurrentDictionary`2[[System.String, mscorlib],[System.Collections.Concurrent.ConcurrentDictionary`2[[System.String, mscorlib],[System.Collections.Concurrent.ConcurrentDictionary`2[[System.String, mscorlib],[System.Collections.Generic.List`1[[Sitecore.Commerce.Core.Parameter, Sitecore.Commerce.Core]], mscorlib]], mscorlib]], mscorlib]], mscorlib","ItemVariationsComponent.ItemVariationComponent":{"$type":"System.Collections.Concurrent.ConcurrentDictionary`2[[System.String, mscorlib],[System.Collections.Concurrent.ConcurrentDictionary`2[[System.String, mscorlib],[System.Collections.Generic.List`1[[Sitecore.Commerce.Core.Parameter, Sitecore.Commerce.Core]], mscorlib]], mscorlib]], mscorlib","57042159":{"$type":"System.Collections.Concurrent.ConcurrentDictionary`2[[System.String, mscorlib],[System.Collections.Generic.List`1[[Sitecore.Commerce.Core.Parameter, Sitecore.Commerce.Core]], mscorlib]], mscorlib","DisplayName":{"$type":"System.Collections.Generic.List`1[[Sitecore.Commerce.Core.Parameter, Sitecore.Commerce.Core]], mscorlib","$values":[{"$type":"Sitecore.Commerce.Core.Parameter, Sitecore.Commerce.Core","Key":"en-US","Value":"Optix Rechargeable Lithium-Ion Battery"}]}}}},"Components":{"$type":"System.Collections.Generic.List`1[[Sitecore.Commerce.Core.Component, Sitecore.Commerce.Core]], mscorlib","$values":[]},"DateCreated":"2018-06-12T13:36:20.710194+00:00","DateUpdated":"2018-06-12T13:36:20.710194+00:00","DisplayName":"","Id":"Entity-LocalizationEntity-6ee2596e854a4cc48694f8f3f83bb213","Version":0,"IsPersisted":false,"Name":"","Policies":{"$type":"System.Collections.Generic.List`1[[Sitecore.Commerce.Core.Policy, Sitecore.Commerce.Core]], mscorlib","$values":[]}},{"$type":"Sitecore.Commerce.Core.LocalizationEntity, Sitecore.Commerce.Core","HasProperties":true,"HasComponentsProperties":true,"Properties":{"$type":"System.Collections.Concurrent.ConcurrentDictionary`2[[System.String, mscorlib],[System.Collections.Generic.List`1[[Sitecore.Commerce.Core.Parameter, Sitecore.Commerce.Core]], mscorlib]], mscorlib","Name":{"$type":"System.Collections.Generic.List`1[[Sitecore.Commerce.Core.Parameter, Sitecore.Commerce.Core]], mscorlib","$values":[{"$type":"Sitecore.Commerce.Core.Parameter, Sitecore.Commerce.Core","Key":"en-US","Value":"Optix Travel Charger"}]},"Description":{"$type":"System.Collections.Generic.List`1[[Sitecore.Commerce.Core.Parameter, Sitecore.Commerce.Core]], mscorlib","$values":[{"$type":"Sitecore.Commerce.Core.Parameter, Sitecore.Commerce.Core","Key":"en-US","Value":"Replenish your digital camera and camcorder batteries with this Optix travel charger, which offers overcharge protection for safety. The speedy, 1-hour charge time ensures your devices are ready for your next big event."}]},"DisplayName":{"$type":"System.Collections.Generic.List`1[[Sitecore.Commerce.Core.Parameter, Sitecore.Commerce.Core]], mscorlib","$values":[{"$type":"Sitecore.Commerce.Core.Parameter, Sitecore.Commerce.Core","Key":"en-US","Value":"Optix Travel Charger"}]}},"ComponentsProperties":{"$type":"System.Collections.Concurrent.ConcurrentDictionary`2[[System.String, mscorlib],[System.Collections.Concurrent.ConcurrentDictionary`2[[System.String, mscorlib],[System.Collections.Concurrent.ConcurrentDictionary`2[[System.String, mscorlib],[System.Collections.Generic.List`1[[Sitecore.Commerce.Core.Parameter, Sitecore.Commerce.Core]], mscorlib]], mscorlib]], mscorlib]], mscorlib","ItemVariationsComponent.ItemVariationComponent":{"$type":"System.Collections.Concurrent.ConcurrentDictionary`2[[System.String, mscorlib],[System.Collections.Concurrent.ConcurrentDictionary`2[[System.String, mscorlib],[System.Collections.Generic.List`1[[Sitecore.Commerce.Core.Parameter, Sitecore.Commerce.Core]], mscorlib]], mscorlib]], mscorlib","57042160":{"$type":"System.Collections.Concurrent.ConcurrentDictionary`2[[System.String, mscorlib],[System.Collections.Generic.List`1[[Sitecore.Commerce.Core.Parameter, Sitecore.Commerce.Core]], mscorlib]], mscorlib","DisplayName":{"$type":"System.Collections.Generic.List`1[[Sitecore.Commerce.Core.Parameter, Sitecore.Commerce.Core]], mscorlib","$values":[{"$type":"Sitecore.Commerce.Core.Parameter, Sitecore.Commerce.Core","Key":"en-US","Value":"Optix Travel Charger"}]}}}},"Components":{"$type":"System.Collections.Generic.List`1[[Sitecore.Commerce.Core.Component, Sitecore.Commerce.Core]], mscorlib","$values":[]},"DateCreated":"2018-06-12T13:36:20.7112004+00:00","DateUpdated":"2018-06-12T13:36:20.7112004+00:00","DisplayName":"","Id":"Entity-LocalizationEntity-24b4ab266e9a469bba5ca157460abffd","Version":0,"IsPersisted":false,"Name":"","Policies":{"$type":"System.Collections.Generic.List`1[[Sitecore.Commerce.Core.Policy, Sitecore.Commerce.Core]], mscorlib","$values":[]}},{"$type":"Sitecore.Commerce.Core.LocalizationEntity, Sitecore.Commerce.Core","HasProperties":true,"HasComponentsProperties":true,"Properties":{"$type":"System.Collections.Concurrent.ConcurrentDictionary`2[[System.String, mscorlib],[System.Collections.Generic.List`1[[Sitecore.Commerce.Core.Parameter, Sitecore.Commerce.Core]], mscorlib]], mscorlib","Name":{"$type":"System.Collections.Generic.List`1[[Sitecore.Commerce.Core.Parameter, Sitecore.Commerce.Core]], mscorlib","$values":[{"$type":"Sitecore.Commerce.Core.Parameter, Sitecore.Commerce.Core","Key":"en-US","Value":"Optix Camera Bag I"}]},"Description":{"$type":"System.Collections.Generic.List`1[[Sitecore.Commerce.Core.Parameter, Sitecore.Commerce.Core]], mscorlib","$values":[{"$type":"Sitecore.Commerce.Core.Parameter, Sitecore.Commerce.Core","Key":"en-US","Value":"Organize your camera and photography gear in this Optix camera bag that features multidevice compartments to provide space for your equipment. The detachable shoulder strap helps provide comfort during use."}]},"DisplayName":{"$type":"System.Collections.Generic.List`1[[Sitecore.Commerce.Core.Parameter, Sitecore.Commerce.Core]], mscorlib","$values":[{"$type":"Sitecore.Commerce.Core.Parameter, Sitecore.Commerce.Core","Key":"en-US","Value":"Optix Camera Bag I"}]}},"ComponentsProperties":{"$type":"System.Collections.Concurrent.ConcurrentDictionary`2[[System.String, mscorlib],[System.Collections.Concurrent.ConcurrentDictionary`2[[System.String, mscorlib],[System.Collections.Concurrent.ConcurrentDictionary`2[[System.String, mscorlib],[System.Collections.Generic.List`1[[Sitecore.Commerce.Core.Parameter, Sitecore.Commerce.Core]], mscorlib]], mscorlib]], mscorlib]], mscorlib","ItemVariationsComponent.ItemVariationComponent":{"$type":"System.Collections.Concurrent.ConcurrentDictionary`2[[System.String, mscorlib],[System.Collections.Concurrent.ConcurrentDictionary`2[[System.String, mscorlib],[System.Collections.Generic.List`1[[Sitecore.Commerce.Core.Parameter, Sitecore.Commerce.Core]], mscorlib]], mscorlib]], mscorlib","57042161":{"$type":"System.Collections.Concurrent.ConcurrentDictionary`2[[System.String, mscorlib],[System.Collections.Generic.List`1[[Sitecore.Commerce.Core.Parameter, Sitecore.Commerce.Core]], mscorlib]], mscorlib","DisplayName":{"$type":"System.Collections.Generic.List`1[[Sitecore.Commerce.Core.Parameter, Sitecore.Commerce.Core]], mscorlib","$values":[{"$type":"Sitecore.Commerce.Core.Parameter, Sitecore.Commerce.Core","Key":"en-US","Value":"Optix Camera Bag I"}]}}}},"Components":{"$type":"System.Collections.Generic.List`1[[Sitecore.Commerce.Core.Component, Sitecore.Commerce.Core]], mscorlib","$values":[]},"DateCreated":"2018-06-12T13:36:20.7131906+00:00","DateUpdated":"2018-06-12T13:36:20.7131906+00:00","DisplayName":"","Id":"Entity-LocalizationEntity-59af480ef17a4610af46471323ed26b9","Version":0,"IsPersisted":false,"Name":"","Policies":{"$type":"System.Collections.Generic.List`1[[Sitecore.Commerce.Core.Policy, Sitecore.Commerce.Core]], mscorlib","$values":[]}}]}