{"$type":"System.Collections.Generic.List`1[[Sitecore.Commerce.Core.LocalizationEntity, Sitecore.Commerce.Core]], mscorlib","$values":[{"$type":"Sitecore.Commerce.Core.LocalizationEntity, Sitecore.Commerce.Core","HasProperties":true,"HasComponentsProperties":false,"Properties":{"$type":"System.Collections.Concurrent.ConcurrentDictionary`2[[System.String, mscorlib],[System.Collections.Generic.List`1[[Sitecore.Commerce.Core.Parameter, Sitecore.Commerce.Core]], mscorlib]], mscorlib","DisplayName":{"$type":"System.Collections.Generic.List`1[[Sitecore.Commerce.Core.Parameter, Sitecore.Commerce.Core]], mscorlib","$values":[{"$type":"Sitecore.Commerce.Core.Parameter, Sitecore.Commerce.Core","Key":"ja-JP","Value":"Phones"},{"$type":"Sitecore.Commerce.Core.Parameter, Sitecore.Commerce.Core","Key":"fr-FR","Value":"Phones"},{"$type":"Sitecore.Commerce.Core.Parameter, Sitecore.Commerce.Core","Key":"en-US","Value":"Phones"},{"$type":"Sitecore.Commerce.Core.Parameter, Sitecore.Commerce.Core","Key":"de-DE","Value":"Phones"}]}},"ComponentsProperties":{"$type":"System.Collections.Concurrent.ConcurrentDictionary`2[[System.String, mscorlib],[System.Collections.Concurrent.ConcurrentDictionary`2[[System.String, mscorlib],[System.Collections.Concurrent.ConcurrentDictionary`2[[System.String, mscorlib],[System.Collections.Generic.List`1[[Sitecore.Commerce.Core.Parameter, Sitecore.Commerce.Core]], mscorlib]], mscorlib]], mscorlib]], mscorlib"},"Components":{"$type":"System.Collections.Generic.List`1[[Sitecore.Commerce.Core.Component, Sitecore.Commerce.Core]], mscorlib","$values":[]},"DateCreated":"2018-06-12T13:36:21.5122673+00:00","DateUpdated":"2018-06-12T13:36:21.5122673+00:00","DisplayName":"","Id":"Entity-LocalizationEntity-57871ac50596452fa2fce066fa71df0c","Version":0,"IsPersisted":false,"Name":"","Policies":{"$type":"System.Collections.Generic.List`1[[Sitecore.Commerce.Core.Policy, Sitecore.Commerce.Core]], mscorlib","$values":[]}},{"$type":"Sitecore.Commerce.Core.LocalizationEntity, Sitecore.Commerce.Core","HasProperties":true,"HasComponentsProperties":false,"Properties":{"$type":"System.Collections.Concurrent.ConcurrentDictionary`2[[System.String, mscorlib],[System.Collections.Generic.List`1[[Sitecore.Commerce.Core.Parameter, Sitecore.Commerce.Core]], mscorlib]], mscorlib","DisplayName":{"$type":"System.Collections.Generic.List`1[[Sitecore.Commerce.Core.Parameter, Sitecore.Commerce.Core]], mscorlib","$values":[{"$type":"Sitecore.Commerce.Core.Parameter, Sitecore.Commerce.Core","Key":"ja-JP","Value":"Smartphones"},{"$type":"Sitecore.Commerce.Core.Parameter, Sitecore.Commerce.Core","Key":"fr-FR","Value":"Smartphones"},{"$type":"Sitecore.Commerce.Core.Parameter, Sitecore.Commerce.Core","Key":"en-US","Value":"Smartphones"},{"$type":"Sitecore.Commerce.Core.Parameter, Sitecore.Commerce.Core","Key":"de-DE","Value":"Smartphones"}]}},"ComponentsProperties":{"$type":"System.Collections.Concurrent.ConcurrentDictionary`2[[System.String, mscorlib],[System.Collections.Concurrent.ConcurrentDictionary`2[[System.String, mscorlib],[System.Collections.Concurrent.ConcurrentDictionary`2[[System.String, mscorlib],[System.Collections.Generic.List`1[[Sitecore.Commerce.Core.Parameter, Sitecore.Commerce.Core]], mscorlib]], mscorlib]], mscorlib]], mscorlib"},"Components":{"$type":"System.Collections.Generic.List`1[[Sitecore.Commerce.Core.Component, Sitecore.Commerce.Core]], mscorlib","$values":[]},"DateCreated":"2018-06-12T13:36:21.5132703+00:00","DateUpdated":"2018-06-12T13:36:21.5132703+00:00","DisplayName":"","Id":"Entity-LocalizationEntity-f29a7b82cf8d4dac8ec3454f3b565b2e","Version":0,"IsPersisted":false,"Name":"","Policies":{"$type":"System.Collections.Generic.List`1[[Sitecore.Commerce.Core.Policy, Sitecore.Commerce.Core]], mscorlib","$values":[]}},{"$type":"Sitecore.Commerce.Core.LocalizationEntity, Sitecore.Commerce.Core","HasProperties":true,"HasComponentsProperties":true,"Properties":{"$type":"System.Collections.Concurrent.ConcurrentDictionary`2[[System.String, mscorlib],[System.Collections.Generic.List`1[[Sitecore.Commerce.Core.Parameter, Sitecore.Commerce.Core]], mscorlib]], mscorlib","Name":{"$type":"System.Collections.Generic.List`1[[Sitecore.Commerce.Core.Parameter, Sitecore.Commerce.Core]], mscorlib","$values":[{"$type":"Sitecore.Commerce.Core.Parameter, Sitecore.Commerce.Core","Key":"en-US","Value":"Habitat Nomad 8GB 4G LTE"}]},"Description":{"$type":"System.Collections.Generic.List`1[[Sitecore.Commerce.Core.Parameter, Sitecore.Commerce.Core]], mscorlib","$values":[{"$type":"Sitecore.Commerce.Core.Parameter, Sitecore.Commerce.Core","Key":"en-US","Value":"Call friends or browse the web with this Helix Nomad smartphone. A music player with sleep timer lets you take your favorite music anywhere you go and turns off at a time you select. Built-in cameras and an HD camcorder function let you take pictures and shoot videos."}]},"DisplayName":{"$type":"System.Collections.Generic.List`1[[Sitecore.Commerce.Core.Parameter, Sitecore.Commerce.Core]], mscorlib","$values":[{"$type":"Sitecore.Commerce.Core.Parameter, Sitecore.Commerce.Core","Key":"en-US","Value":"Habitat Nomad 8GB 4G LTE"}]}},"ComponentsProperties":{"$type":"System.Collections.Concurrent.ConcurrentDictionary`2[[System.String, mscorlib],[System.Collections.Concurrent.ConcurrentDictionary`2[[System.String, mscorlib],[System.Collections.Concurrent.ConcurrentDictionary`2[[System.String, mscorlib],[System.Collections.Generic.List`1[[Sitecore.Commerce.Core.Parameter, Sitecore.Commerce.Core]], mscorlib]], mscorlib]], mscorlib]], mscorlib","ItemVariationsComponent.ItemVariationComponent.DisplayPropertiesComponent":{"$type":"System.Collections.Concurrent.ConcurrentDictionary`2[[System.String, mscorlib],[System.Collections.Concurrent.ConcurrentDictionary`2[[System.String, mscorlib],[System.Collections.Generic.List`1[[Sitecore.Commerce.Core.Parameter, Sitecore.Commerce.Core]], mscorlib]], mscorlib]], mscorlib","26e73706a97740e69cee3d74d5335785":{"$type":"System.Collections.Concurrent.ConcurrentDictionary`2[[System.String, mscorlib],[System.Collections.Generic.List`1[[Sitecore.Commerce.Core.Parameter, Sitecore.Commerce.Core]], mscorlib]], mscorlib","Color":{"$type":"System.Collections.Generic.List`1[[Sitecore.Commerce.Core.Parameter, Sitecore.Commerce.Core]], mscorlib","$values":[{"$type":"Sitecore.Commerce.Core.Parameter, Sitecore.Commerce.Core","Key":"en-US","Value":"Black"}]}},"4a04020b9de744ca8a6cca07b91b59d8":{"$type":"System.Collections.Concurrent.ConcurrentDictionary`2[[System.String, mscorlib],[System.Collections.Generic.List`1[[Sitecore.Commerce.Core.Parameter, Sitecore.Commerce.Core]], mscorlib]], mscorlib","Color":{"$type":"System.Collections.Generic.List`1[[Sitecore.Commerce.Core.Parameter, Sitecore.Commerce.Core]], mscorlib","$values":[{"$type":"Sitecore.Commerce.Core.Parameter, Sitecore.Commerce.Core","Key":"en-US","Value":"Blue"}]}},"495a4b8cf3454634924815b773ac435f":{"$type":"System.Collections.Concurrent.ConcurrentDictionary`2[[System.String, mscorlib],[System.Collections.Generic.List`1[[Sitecore.Commerce.Core.Parameter, Sitecore.Commerce.Core]], mscorlib]], mscorlib","Color":{"$type":"System.Collections.Generic.List`1[[Sitecore.Commerce.Core.Parameter, Sitecore.Commerce.Core]], mscorlib","$values":[{"$type":"Sitecore.Commerce.Core.Parameter, Sitecore.Commerce.Core","Key":"en-US","Value":"Red"}]}}},"ItemVariationsComponent.ItemVariationComponent":{"$type":"System.Collections.Concurrent.ConcurrentDictionary`2[[System.String, mscorlib],[System.Collections.Concurrent.ConcurrentDictionary`2[[System.String, mscorlib],[System.Collections.Generic.List`1[[Sitecore.Commerce.Core.Parameter, Sitecore.Commerce.Core]], mscorlib]], mscorlib]], mscorlib","56042305":{"$type":"System.Collections.Concurrent.ConcurrentDictionary`2[[System.String, mscorlib],[System.Collections.Generic.List`1[[Sitecore.Commerce.Core.Parameter, Sitecore.Commerce.Core]], mscorlib]], mscorlib","DisplayName":{"$type":"System.Collections.Generic.List`1[[Sitecore.Commerce.Core.Parameter, Sitecore.Commerce.Core]], mscorlib","$values":[{"$type":"Sitecore.Commerce.Core.Parameter, Sitecore.Commerce.Core","Key":"en-US","Value":"Habitat Nomad 8GB 4G LTE (Black)"}]}},"56042306":{"$type":"System.Collections.Concurrent.ConcurrentDictionary`2[[System.String, mscorlib],[System.Collections.Generic.List`1[[Sitecore.Commerce.Core.Parameter, Sitecore.Commerce.Core]], mscorlib]], mscorlib","DisplayName":{"$type":"System.Collections.Generic.List`1[[Sitecore.Commerce.Core.Parameter, Sitecore.Commerce.Core]], mscorlib","$values":[{"$type":"Sitecore.Commerce.Core.Parameter, Sitecore.Commerce.Core","Key":"en-US","Value":"Habitat Nomad 8GB 4G LTE (Red)"}]}},"56042307":{"$type":"System.Collections.Concurrent.ConcurrentDictionary`2[[System.String, mscorlib],[System.Collections.Generic.List`1[[Sitecore.Commerce.Core.Parameter, Sitecore.Commerce.Core]], mscorlib]], mscorlib","DisplayName":{"$type":"System.Collections.Generic.List`1[[Sitecore.Commerce.Core.Parameter, Sitecore.Commerce.Core]], mscorlib","$values":[{"$type":"Sitecore.Commerce.Core.Parameter, Sitecore.Commerce.Core","Key":"en-US","Value":"Habitat Nomad 8GB 4G LTE (Blue)"}]}}}},"Components":{"$type":"System.Collections.Generic.List`1[[Sitecore.Commerce.Core.Component, Sitecore.Commerce.Core]], mscorlib","$values":[]},"DateCreated":"2018-06-12T13:36:21.5142678+00:00","DateUpdated":"2018-06-12T13:36:21.5142678+00:00","DisplayName":"","Id":"Entity-LocalizationEntity-9669fa63c7934e3bbdce87184f9cbdff","Version":0,"IsPersisted":false,"Name":"","Policies":{"$type":"System.Collections.Generic.List`1[[Sitecore.Commerce.Core.Policy, Sitecore.Commerce.Core]], mscorlib","$values":[]}},{"$type":"Sitecore.Commerce.Core.LocalizationEntity, Sitecore.Commerce.Core","HasProperties":true,"HasComponentsProperties":true,"Properties":{"$type":"System.Collections.Concurrent.ConcurrentDictionary`2[[System.String, mscorlib],[System.Collections.Generic.List`1[[Sitecore.Commerce.Core.Parameter, Sitecore.Commerce.Core]], mscorlib]], mscorlib","Name":{"$type":"System.Collections.Generic.List`1[[Sitecore.Commerce.Core.Parameter, Sitecore.Commerce.Core]], mscorlib","$values":[{"$type":"Sitecore.Commerce.Core.Parameter, Sitecore.Commerce.Core","Key":"en-US","Value":"Habitat Odyssey 16GB 4G LTE"}]},"Description":{"$type":"System.Collections.Generic.List`1[[Sitecore.Commerce.Core.Parameter, Sitecore.Commerce.Core]], mscorlib","$values":[{"$type":"Sitecore.Commerce.Core.Parameter, Sitecore.Commerce.Core","Key":"en-US","Value":"The Helix Odyssey Smartphone gives you a dual-SIM setup that lets expands the 16GB memory up to 128. Enjoy the crisp images on this extra-large screen is matched with a slim body to comfortably fit in your hand. "}]},"DisplayName":{"$type":"System.Collections.Generic.List`1[[Sitecore.Commerce.Core.Parameter, Sitecore.Commerce.Core]], mscorlib","$values":[{"$type":"Sitecore.Commerce.Core.Parameter, Sitecore.Commerce.Core","Key":"en-US","Value":"Habitat Odyssey 16GB 4G LTE"}]}},"ComponentsProperties":{"$type":"System.Collections.Concurrent.ConcurrentDictionary`2[[System.String, mscorlib],[System.Collections.Concurrent.ConcurrentDictionary`2[[System.String, mscorlib],[System.Collections.Concurrent.ConcurrentDictionary`2[[System.String, mscorlib],[System.Collections.Generic.List`1[[Sitecore.Commerce.Core.Parameter, Sitecore.Commerce.Core]], mscorlib]], mscorlib]], mscorlib]], mscorlib","ItemVariationsComponent.ItemVariationComponent.DisplayPropertiesComponent":{"$type":"System.Collections.Concurrent.ConcurrentDictionary`2[[System.String, mscorlib],[System.Collections.Concurrent.ConcurrentDictionary`2[[System.String, mscorlib],[System.Collections.Generic.List`1[[Sitecore.Commerce.Core.Parameter, Sitecore.Commerce.Core]], mscorlib]], mscorlib]], mscorlib","e52dcc252a2f4d27a72008ebf54e7225":{"$type":"System.Collections.Concurrent.ConcurrentDictionary`2[[System.String, mscorlib],[System.Collections.Generic.List`1[[Sitecore.Commerce.Core.Parameter, Sitecore.Commerce.Core]], mscorlib]], mscorlib","Color":{"$type":"System.Collections.Generic.List`1[[Sitecore.Commerce.Core.Parameter, Sitecore.Commerce.Core]], mscorlib","$values":[{"$type":"Sitecore.Commerce.Core.Parameter, Sitecore.Commerce.Core","Key":"en-US","Value":"Pink"}]}},"7ccaba862cad4d569728a5e8b2108d43":{"$type":"System.Collections.Concurrent.ConcurrentDictionary`2[[System.String, mscorlib],[System.Collections.Generic.List`1[[Sitecore.Commerce.Core.Parameter, Sitecore.Commerce.Core]], mscorlib]], mscorlib","Color":{"$type":"System.Collections.Generic.List`1[[Sitecore.Commerce.Core.Parameter, Sitecore.Commerce.Core]], mscorlib","$values":[{"$type":"Sitecore.Commerce.Core.Parameter, Sitecore.Commerce.Core","Key":"en-US","Value":"Purple"}]}},"2aa3bf59fb1d4a6eb3b9e1fc7bbcb546":{"$type":"System.Collections.Concurrent.ConcurrentDictionary`2[[System.String, mscorlib],[System.Collections.Generic.List`1[[Sitecore.Commerce.Core.Parameter, Sitecore.Commerce.Core]], mscorlib]], mscorlib","Color":{"$type":"System.Collections.Generic.List`1[[Sitecore.Commerce.Core.Parameter, Sitecore.Commerce.Core]], mscorlib","$values":[{"$type":"Sitecore.Commerce.Core.Parameter, Sitecore.Commerce.Core","Key":"en-US","Value":"Black"}]}},"8073b8b88ba54cfeb524f899f27a394e":{"$type":"System.Collections.Concurrent.ConcurrentDictionary`2[[System.String, mscorlib],[System.Collections.Generic.List`1[[Sitecore.Commerce.Core.Parameter, Sitecore.Commerce.Core]], mscorlib]], mscorlib","Color":{"$type":"System.Collections.Generic.List`1[[Sitecore.Commerce.Core.Parameter, Sitecore.Commerce.Core]], mscorlib","$values":[{"$type":"Sitecore.Commerce.Core.Parameter, Sitecore.Commerce.Core","Key":"en-US","Value":"Teal"}]}},"6a1d98f8adbc4215b796d6148d4a8268":{"$type":"System.Collections.Concurrent.ConcurrentDictionary`2[[System.String, mscorlib],[System.Collections.Generic.List`1[[Sitecore.Commerce.Core.Parameter, Sitecore.Commerce.Core]], mscorlib]], mscorlib","Color":{"$type":"System.Collections.Generic.List`1[[Sitecore.Commerce.Core.Parameter, Sitecore.Commerce.Core]], mscorlib","$values":[{"$type":"Sitecore.Commerce.Core.Parameter, Sitecore.Commerce.Core","Key":"en-US","Value":"Green"}]}}},"ItemVariationsComponent.ItemVariationComponent":{"$type":"System.Collections.Concurrent.ConcurrentDictionary`2[[System.String, mscorlib],[System.Collections.Concurrent.ConcurrentDictionary`2[[System.String, mscorlib],[System.Collections.Generic.List`1[[Sitecore.Commerce.Core.Parameter, Sitecore.Commerce.Core]], mscorlib]], mscorlib]], mscorlib","56042312":{"$type":"System.Collections.Concurrent.ConcurrentDictionary`2[[System.String, mscorlib],[System.Collections.Generic.List`1[[Sitecore.Commerce.Core.Parameter, Sitecore.Commerce.Core]], mscorlib]], mscorlib","DisplayName":{"$type":"System.Collections.Generic.List`1[[Sitecore.Commerce.Core.Parameter, Sitecore.Commerce.Core]], mscorlib","$values":[{"$type":"Sitecore.Commerce.Core.Parameter, Sitecore.Commerce.Core","Key":"en-US","Value":"Habitat Odyssey 16GB 4G LTE (Green)"}]}},"56042309":{"$type":"System.Collections.Concurrent.ConcurrentDictionary`2[[System.String, mscorlib],[System.Collections.Generic.List`1[[Sitecore.Commerce.Core.Parameter, Sitecore.Commerce.Core]], mscorlib]], mscorlib","DisplayName":{"$type":"System.Collections.Generic.List`1[[Sitecore.Commerce.Core.Parameter, Sitecore.Commerce.Core]], mscorlib","$values":[{"$type":"Sitecore.Commerce.Core.Parameter, Sitecore.Commerce.Core","Key":"en-US","Value":"Habitat Odyssey 16GB 4G LTE (Teal)"}]}},"56042310":{"$type":"System.Collections.Concurrent.ConcurrentDictionary`2[[System.String, mscorlib],[System.Collections.Generic.List`1[[Sitecore.Commerce.Core.Parameter, Sitecore.Commerce.Core]], mscorlib]], mscorlib","DisplayName":{"$type":"System.Collections.Generic.List`1[[Sitecore.Commerce.Core.Parameter, Sitecore.Commerce.Core]], mscorlib","$values":[{"$type":"Sitecore.Commerce.Core.Parameter, Sitecore.Commerce.Core","Key":"en-US","Value":"Habitat Odyssey 16GB 4G LTE (Purple)"}]}},"56042311":{"$type":"System.Collections.Concurrent.ConcurrentDictionary`2[[System.String, mscorlib],[System.Collections.Generic.List`1[[Sitecore.Commerce.Core.Parameter, Sitecore.Commerce.Core]], mscorlib]], mscorlib","DisplayName":{"$type":"System.Collections.Generic.List`1[[Sitecore.Commerce.Core.Parameter, Sitecore.Commerce.Core]], mscorlib","$values":[{"$type":"Sitecore.Commerce.Core.Parameter, Sitecore.Commerce.Core","Key":"en-US","Value":"Habitat Odyssey 16GB 4G LTE (Pink)"}]}},"56042308":{"$type":"System.Collections.Concurrent.ConcurrentDictionary`2[[System.String, mscorlib],[System.Collections.Generic.List`1[[Sitecore.Commerce.Core.Parameter, Sitecore.Commerce.Core]], mscorlib]], mscorlib","DisplayName":{"$type":"System.Collections.Generic.List`1[[Sitecore.Commerce.Core.Parameter, Sitecore.Commerce.Core]], mscorlib","$values":[{"$type":"Sitecore.Commerce.Core.Parameter, Sitecore.Commerce.Core","Key":"en-US","Value":"Habitat Odyssey 16GB 4G LTE (Black)"}]}}}},"Components":{"$type":"System.Collections.Generic.List`1[[Sitecore.Commerce.Core.Component, Sitecore.Commerce.Core]], mscorlib","$values":[]},"DateCreated":"2018-06-12T13:36:21.5182764+00:00","DateUpdated":"2018-06-12T13:36:21.5182764+00:00","DisplayName":"","Id":"Entity-LocalizationEntity-92b5f94873444af390ec7ce530ace47a","Version":0,"IsPersisted":false,"Name":"","Policies":{"$type":"System.Collections.Generic.List`1[[Sitecore.Commerce.Core.Policy, Sitecore.Commerce.Core]], mscorlib","$values":[]}},{"$type":"Sitecore.Commerce.Core.LocalizationEntity, Sitecore.Commerce.Core","HasProperties":true,"HasComponentsProperties":true,"Properties":{"$type":"System.Collections.Concurrent.ConcurrentDictionary`2[[System.String, mscorlib],[System.Collections.Generic.List`1[[Sitecore.Commerce.Core.Parameter, Sitecore.Commerce.Core]], mscorlib]], mscorlib","Name":{"$type":"System.Collections.Generic.List`1[[Sitecore.Commerce.Core.Parameter, Sitecore.Commerce.Core]], mscorlib","$values":[{"$type":"Sitecore.Commerce.Core.Parameter, Sitecore.Commerce.Core","Key":"en-US","Value":"Habitat Odyssey 32GB 4G LTE"}]},"Description":{"$type":"System.Collections.Generic.List`1[[Sitecore.Commerce.Core.Parameter, Sitecore.Commerce.Core]], mscorlib","$values":[{"$type":"Sitecore.Commerce.Core.Parameter, Sitecore.Commerce.Core","Key":"en-US","Value":"The Helix Odyssey Smartphone gives you a dual-SIM setup that lets expands the 16GB memory up to 128. Enjoy the crisp images on this extra-large screen is matched with a slim body to comfortably fit in your hand. "}]},"DisplayName":{"$type":"System.Collections.Generic.List`1[[Sitecore.Commerce.Core.Parameter, Sitecore.Commerce.Core]], mscorlib","$values":[{"$type":"Sitecore.Commerce.Core.Parameter, Sitecore.Commerce.Core","Key":"en-US","Value":"Habitat Odyssey 32GB 4G LTE"}]}},"ComponentsProperties":{"$type":"System.Collections.Concurrent.ConcurrentDictionary`2[[System.String, mscorlib],[System.Collections.Concurrent.ConcurrentDictionary`2[[System.String, mscorlib],[System.Collections.Concurrent.ConcurrentDictionary`2[[System.String, mscorlib],[System.Collections.Generic.List`1[[Sitecore.Commerce.Core.Parameter, Sitecore.Commerce.Core]], mscorlib]], mscorlib]], mscorlib]], mscorlib","ItemVariationsComponent.ItemVariationComponent.DisplayPropertiesComponent":{"$type":"System.Collections.Concurrent.ConcurrentDictionary`2[[System.String, mscorlib],[System.Collections.Concurrent.ConcurrentDictionary`2[[System.String, mscorlib],[System.Collections.Generic.List`1[[Sitecore.Commerce.Core.Parameter, Sitecore.Commerce.Core]], mscorlib]], mscorlib]], mscorlib","537bc811ad464aa2ad9020a5e4fd1fb7":{"$type":"System.Collections.Concurrent.ConcurrentDictionary`2[[System.String, mscorlib],[System.Collections.Generic.List`1[[Sitecore.Commerce.Core.Parameter, Sitecore.Commerce.Core]], mscorlib]], mscorlib","Color":{"$type":"System.Collections.Generic.List`1[[Sitecore.Commerce.Core.Parameter, Sitecore.Commerce.Core]], mscorlib","$values":[{"$type":"Sitecore.Commerce.Core.Parameter, Sitecore.Commerce.Core","Key":"en-US","Value":"Green"}]}},"52e4d1dac0964514a3bf94ad3a45586e":{"$type":"System.Collections.Concurrent.ConcurrentDictionary`2[[System.String, mscorlib],[System.Collections.Generic.List`1[[Sitecore.Commerce.Core.Parameter, Sitecore.Commerce.Core]], mscorlib]], mscorlib","Color":{"$type":"System.Collections.Generic.List`1[[Sitecore.Commerce.Core.Parameter, Sitecore.Commerce.Core]], mscorlib","$values":[{"$type":"Sitecore.Commerce.Core.Parameter, Sitecore.Commerce.Core","Key":"en-US","Value":"Teal"}]}},"b21a04264bcb416da4a726fc6815af03":{"$type":"System.Collections.Concurrent.ConcurrentDictionary`2[[System.String, mscorlib],[System.Collections.Generic.List`1[[Sitecore.Commerce.Core.Parameter, Sitecore.Commerce.Core]], mscorlib]], mscorlib","Color":{"$type":"System.Collections.Generic.List`1[[Sitecore.Commerce.Core.Parameter, Sitecore.Commerce.Core]], mscorlib","$values":[{"$type":"Sitecore.Commerce.Core.Parameter, Sitecore.Commerce.Core","Key":"en-US","Value":"Black"}]}},"9e3877b6c4f142e1aed698eaf3c73e81":{"$type":"System.Collections.Concurrent.ConcurrentDictionary`2[[System.String, mscorlib],[System.Collections.Generic.List`1[[Sitecore.Commerce.Core.Parameter, Sitecore.Commerce.Core]], mscorlib]], mscorlib","Color":{"$type":"System.Collections.Generic.List`1[[Sitecore.Commerce.Core.Parameter, Sitecore.Commerce.Core]], mscorlib","$values":[{"$type":"Sitecore.Commerce.Core.Parameter, Sitecore.Commerce.Core","Key":"en-US","Value":"Purple"}]}},"927926d71a084c948344351a211f87bb":{"$type":"System.Collections.Concurrent.ConcurrentDictionary`2[[System.String, mscorlib],[System.Collections.Generic.List`1[[Sitecore.Commerce.Core.Parameter, Sitecore.Commerce.Core]], mscorlib]], mscorlib","Color":{"$type":"System.Collections.Generic.List`1[[Sitecore.Commerce.Core.Parameter, Sitecore.Commerce.Core]], mscorlib","$values":[{"$type":"Sitecore.Commerce.Core.Parameter, Sitecore.Commerce.Core","Key":"en-US","Value":"Pink"}]}}},"ItemVariationsComponent.ItemVariationComponent":{"$type":"System.Collections.Concurrent.ConcurrentDictionary`2[[System.String, mscorlib],[System.Collections.Concurrent.ConcurrentDictionary`2[[System.String, mscorlib],[System.Collections.Generic.List`1[[Sitecore.Commerce.Core.Parameter, Sitecore.Commerce.Core]], mscorlib]], mscorlib]], mscorlib","56042314":{"$type":"System.Collections.Concurrent.ConcurrentDictionary`2[[System.String, mscorlib],[System.Collections.Generic.List`1[[Sitecore.Commerce.Core.Parameter, Sitecore.Commerce.Core]], mscorlib]], mscorlib","DisplayName":{"$type":"System.Collections.Generic.List`1[[Sitecore.Commerce.Core.Parameter, Sitecore.Commerce.Core]], mscorlib","$values":[{"$type":"Sitecore.Commerce.Core.Parameter, Sitecore.Commerce.Core","Key":"en-US","Value":"Habitat Odyssey 32GB 4G LTE (Teal)"}]}},"56042313":{"$type":"System.Collections.Concurrent.ConcurrentDictionary`2[[System.String, mscorlib],[System.Collections.Generic.List`1[[Sitecore.Commerce.Core.Parameter, Sitecore.Commerce.Core]], mscorlib]], mscorlib","DisplayName":{"$type":"System.Collections.Generic.List`1[[Sitecore.Commerce.Core.Parameter, Sitecore.Commerce.Core]], mscorlib","$values":[{"$type":"Sitecore.Commerce.Core.Parameter, Sitecore.Commerce.Core","Key":"en-US","Value":"Habitat Odyssey 32GB 4G LTE (Black)"}]}},"56042315":{"$type":"System.Collections.Concurrent.ConcurrentDictionary`2[[System.String, mscorlib],[System.Collections.Generic.List`1[[Sitecore.Commerce.Core.Parameter, Sitecore.Commerce.Core]], mscorlib]], mscorlib","DisplayName":{"$type":"System.Collections.Generic.List`1[[Sitecore.Commerce.Core.Parameter, Sitecore.Commerce.Core]], mscorlib","$values":[{"$type":"Sitecore.Commerce.Core.Parameter, Sitecore.Commerce.Core","Key":"en-US","Value":"Habitat Odyssey 32GB 4G LTE (Purple)"}]}},"56042316":{"$type":"System.Collections.Concurrent.ConcurrentDictionary`2[[System.String, mscorlib],[System.Collections.Generic.List`1[[Sitecore.Commerce.Core.Parameter, Sitecore.Commerce.Core]], mscorlib]], mscorlib","DisplayName":{"$type":"System.Collections.Generic.List`1[[Sitecore.Commerce.Core.Parameter, Sitecore.Commerce.Core]], mscorlib","$values":[{"$type":"Sitecore.Commerce.Core.Parameter, Sitecore.Commerce.Core","Key":"en-US","Value":"Habitat Odyssey 32GB 4G LTE (Pink)"}]}},"56042317":{"$type":"System.Collections.Concurrent.ConcurrentDictionary`2[[System.String, mscorlib],[System.Collections.Generic.List`1[[Sitecore.Commerce.Core.Parameter, Sitecore.Commerce.Core]], mscorlib]], mscorlib","DisplayName":{"$type":"System.Collections.Generic.List`1[[Sitecore.Commerce.Core.Parameter, Sitecore.Commerce.Core]], mscorlib","$values":[{"$type":"Sitecore.Commerce.Core.Parameter, Sitecore.Commerce.Core","Key":"en-US","Value":"Habitat Odyssey 32GB 4G LTE (Green)"}]}}}},"Components":{"$type":"System.Collections.Generic.List`1[[Sitecore.Commerce.Core.Component, Sitecore.Commerce.Core]], mscorlib","$values":[]},"DateCreated":"2018-06-12T13:36:21.5212688+00:00","DateUpdated":"2018-06-12T13:36:21.5212688+00:00","DisplayName":"","Id":"Entity-LocalizationEntity-1b356056258a43c187419d2df52c2d6f","Version":0,"IsPersisted":false,"Name":"","Policies":{"$type":"System.Collections.Generic.List`1[[Sitecore.Commerce.Core.Policy, Sitecore.Commerce.Core]], mscorlib","$values":[]}},{"$type":"Sitecore.Commerce.Core.LocalizationEntity, Sitecore.Commerce.Core","HasProperties":true,"HasComponentsProperties":true,"Properties":{"$type":"System.Collections.Concurrent.ConcurrentDictionary`2[[System.String, mscorlib],[System.Collections.Generic.List`1[[Sitecore.Commerce.Core.Parameter, Sitecore.Commerce.Core]], mscorlib]], mscorlib","Name":{"$type":"System.Collections.Generic.List`1[[Sitecore.Commerce.Core.Parameter, Sitecore.Commerce.Core]], mscorlib","$values":[{"$type":"Sitecore.Commerce.Core.Parameter, Sitecore.Commerce.Core","Key":"en-US","Value":"Habitat Odyssey 64GB 4G LTE"}]},"Description":{"$type":"System.Collections.Generic.List`1[[Sitecore.Commerce.Core.Parameter, Sitecore.Commerce.Core]], mscorlib","$values":[{"$type":"Sitecore.Commerce.Core.Parameter, Sitecore.Commerce.Core","Key":"en-US","Value":"The Helix Odyssey Smartphone gives you a dual-SIM setup that lets expands the 16GB memory up to 128. Enjoy the crisp images on this extra-large screen is matched with a slim body to comfortably fit in your hand. "}]},"DisplayName":{"$type":"System.Collections.Generic.List`1[[Sitecore.Commerce.Core.Parameter, Sitecore.Commerce.Core]], mscorlib","$values":[{"$type":"Sitecore.Commerce.Core.Parameter, Sitecore.Commerce.Core","Key":"en-US","Value":"Habitat Odyssey 64GB 4G LTE"}]}},"ComponentsProperties":{"$type":"System.Collections.Concurrent.ConcurrentDictionary`2[[System.String, mscorlib],[System.Collections.Concurrent.ConcurrentDictionary`2[[System.String, mscorlib],[System.Collections.Concurrent.ConcurrentDictionary`2[[System.String, mscorlib],[System.Collections.Generic.List`1[[Sitecore.Commerce.Core.Parameter, Sitecore.Commerce.Core]], mscorlib]], mscorlib]], mscorlib]], mscorlib","ItemVariationsComponent.ItemVariationComponent.DisplayPropertiesComponent":{"$type":"System.Collections.Concurrent.ConcurrentDictionary`2[[System.String, mscorlib],[System.Collections.Concurrent.ConcurrentDictionary`2[[System.String, mscorlib],[System.Collections.Generic.List`1[[Sitecore.Commerce.Core.Parameter, Sitecore.Commerce.Core]], mscorlib]], mscorlib]], mscorlib","6f7b3a35232344b8bdd7e4e110de38b2":{"$type":"System.Collections.Concurrent.ConcurrentDictionary`2[[System.String, mscorlib],[System.Collections.Generic.List`1[[Sitecore.Commerce.Core.Parameter, Sitecore.Commerce.Core]], mscorlib]], mscorlib","Color":{"$type":"System.Collections.Generic.List`1[[Sitecore.Commerce.Core.Parameter, Sitecore.Commerce.Core]], mscorlib","$values":[{"$type":"Sitecore.Commerce.Core.Parameter, Sitecore.Commerce.Core","Key":"en-US","Value":"Green"}]}},"d100453f921e4e3cb8d06371700c9148":{"$type":"System.Collections.Concurrent.ConcurrentDictionary`2[[System.String, mscorlib],[System.Collections.Generic.List`1[[Sitecore.Commerce.Core.Parameter, Sitecore.Commerce.Core]], mscorlib]], mscorlib","Color":{"$type":"System.Collections.Generic.List`1[[Sitecore.Commerce.Core.Parameter, Sitecore.Commerce.Core]], mscorlib","$values":[{"$type":"Sitecore.Commerce.Core.Parameter, Sitecore.Commerce.Core","Key":"en-US","Value":"Purple"}]}},"42acfad029ed425cac8f75114c493e5b":{"$type":"System.Collections.Concurrent.ConcurrentDictionary`2[[System.String, mscorlib],[System.Collections.Generic.List`1[[Sitecore.Commerce.Core.Parameter, Sitecore.Commerce.Core]], mscorlib]], mscorlib","Color":{"$type":"System.Collections.Generic.List`1[[Sitecore.Commerce.Core.Parameter, Sitecore.Commerce.Core]], mscorlib","$values":[{"$type":"Sitecore.Commerce.Core.Parameter, Sitecore.Commerce.Core","Key":"en-US","Value":"Teal"}]}},"c3c5941b54c74da3a1565fd2781ab7c2":{"$type":"System.Collections.Concurrent.ConcurrentDictionary`2[[System.String, mscorlib],[System.Collections.Generic.List`1[[Sitecore.Commerce.Core.Parameter, Sitecore.Commerce.Core]], mscorlib]], mscorlib","Color":{"$type":"System.Collections.Generic.List`1[[Sitecore.Commerce.Core.Parameter, Sitecore.Commerce.Core]], mscorlib","$values":[{"$type":"Sitecore.Commerce.Core.Parameter, Sitecore.Commerce.Core","Key":"en-US","Value":"Black"}]}},"c2121828630948408d69574cd25ff8d4":{"$type":"System.Collections.Concurrent.ConcurrentDictionary`2[[System.String, mscorlib],[System.Collections.Generic.List`1[[Sitecore.Commerce.Core.Parameter, Sitecore.Commerce.Core]], mscorlib]], mscorlib","Color":{"$type":"System.Collections.Generic.List`1[[Sitecore.Commerce.Core.Parameter, Sitecore.Commerce.Core]], mscorlib","$values":[{"$type":"Sitecore.Commerce.Core.Parameter, Sitecore.Commerce.Core","Key":"en-US","Value":"Pink"}]}}},"ItemVariationsComponent.ItemVariationComponent":{"$type":"System.Collections.Concurrent.ConcurrentDictionary`2[[System.String, mscorlib],[System.Collections.Concurrent.ConcurrentDictionary`2[[System.String, mscorlib],[System.Collections.Generic.List`1[[Sitecore.Commerce.Core.Parameter, Sitecore.Commerce.Core]], mscorlib]], mscorlib]], mscorlib","56042319":{"$type":"System.Collections.Concurrent.ConcurrentDictionary`2[[System.String, mscorlib],[System.Collections.Generic.List`1[[Sitecore.Commerce.Core.Parameter, Sitecore.Commerce.Core]], mscorlib]], mscorlib","DisplayName":{"$type":"System.Collections.Generic.List`1[[Sitecore.Commerce.Core.Parameter, Sitecore.Commerce.Core]], mscorlib","$values":[{"$type":"Sitecore.Commerce.Core.Parameter, Sitecore.Commerce.Core","Key":"en-US","Value":"Habitat Odyssey 64GB 4G LTE (Teal)"}]}},"56042320":{"$type":"System.Collections.Concurrent.ConcurrentDictionary`2[[System.String, mscorlib],[System.Collections.Generic.List`1[[Sitecore.Commerce.Core.Parameter, Sitecore.Commerce.Core]], mscorlib]], mscorlib","DisplayName":{"$type":"System.Collections.Generic.List`1[[Sitecore.Commerce.Core.Parameter, Sitecore.Commerce.Core]], mscorlib","$values":[{"$type":"Sitecore.Commerce.Core.Parameter, Sitecore.Commerce.Core","Key":"en-US","Value":"Habitat Odyssey 64GB 4G LTE (Purple)"}]}},"56042321":{"$type":"System.Collections.Concurrent.ConcurrentDictionary`2[[System.String, mscorlib],[System.Collections.Generic.List`1[[Sitecore.Commerce.Core.Parameter, Sitecore.Commerce.Core]], mscorlib]], mscorlib","DisplayName":{"$type":"System.Collections.Generic.List`1[[Sitecore.Commerce.Core.Parameter, Sitecore.Commerce.Core]], mscorlib","$values":[{"$type":"Sitecore.Commerce.Core.Parameter, Sitecore.Commerce.Core","Key":"en-US","Value":"Habitat Odyssey 64GB 4G LTE (Pink)"}]}},"56042322":{"$type":"System.Collections.Concurrent.ConcurrentDictionary`2[[System.String, mscorlib],[System.Collections.Generic.List`1[[Sitecore.Commerce.Core.Parameter, Sitecore.Commerce.Core]], mscorlib]], mscorlib","DisplayName":{"$type":"System.Collections.Generic.List`1[[Sitecore.Commerce.Core.Parameter, Sitecore.Commerce.Core]], mscorlib","$values":[{"$type":"Sitecore.Commerce.Core.Parameter, Sitecore.Commerce.Core","Key":"en-US","Value":"Habitat Odyssey 64GB 4G LTE (Green)"}]}},"56042318":{"$type":"System.Collections.Concurrent.ConcurrentDictionary`2[[System.String, mscorlib],[System.Collections.Generic.List`1[[Sitecore.Commerce.Core.Parameter, Sitecore.Commerce.Core]], mscorlib]], mscorlib","DisplayName":{"$type":"System.Collections.Generic.List`1[[Sitecore.Commerce.Core.Parameter, Sitecore.Commerce.Core]], mscorlib","$values":[{"$type":"Sitecore.Commerce.Core.Parameter, Sitecore.Commerce.Core","Key":"en-US","Value":"Habitat Odyssey 64GB 4G LTE (Black)"}]}}}},"Components":{"$type":"System.Collections.Generic.List`1[[Sitecore.Commerce.Core.Component, Sitecore.Commerce.Core]], mscorlib","$values":[]},"DateCreated":"2018-06-12T13:36:21.5232783+00:00","DateUpdated":"2018-06-12T13:36:21.5232783+00:00","DisplayName":"","Id":"Entity-LocalizationEntity-470fb47f55a34175942fe807e61ca53c","Version":0,"IsPersisted":false,"Name":"","Policies":{"$type":"System.Collections.Generic.List`1[[Sitecore.Commerce.Core.Policy, Sitecore.Commerce.Core]], mscorlib","$values":[]}},{"$type":"Sitecore.Commerce.Core.LocalizationEntity, Sitecore.Commerce.Core","HasProperties":true,"HasComponentsProperties":true,"Properties":{"$type":"System.Collections.Concurrent.ConcurrentDictionary`2[[System.String, mscorlib],[System.Collections.Generic.List`1[[Sitecore.Commerce.Core.Parameter, Sitecore.Commerce.Core]], mscorlib]], mscorlib","Name":{"$type":"System.Collections.Generic.List`1[[Sitecore.Commerce.Core.Parameter, Sitecore.Commerce.Core]], mscorlib","$values":[{"$type":"Sitecore.Commerce.Core.Parameter, Sitecore.Commerce.Core","Key":"en-US","Value":"Habitat Republic 32GB 4G LTE"}]},"Description":{"$type":"System.Collections.Generic.List`1[[Sitecore.Commerce.Core.Parameter, Sitecore.Commerce.Core]], mscorlib","$values":[{"$type":"Sitecore.Commerce.Core.Parameter, Sitecore.Commerce.Core","Key":"en-US","Value":"The Helix Republic Smartphone features flash memory and runs on Android 5.1. This smartphone also boasts a 64-bit 820 core processor and can run for up to two days on a full battery. It is also waterproof and dust-tight for absolute durability."}]},"DisplayName":{"$type":"System.Collections.Generic.List`1[[Sitecore.Commerce.Core.Parameter, Sitecore.Commerce.Core]], mscorlib","$values":[{"$type":"Sitecore.Commerce.Core.Parameter, Sitecore.Commerce.Core","Key":"en-US","Value":"Habitat Republic 32GB 4G LTE"}]}},"ComponentsProperties":{"$type":"System.Collections.Concurrent.ConcurrentDictionary`2[[System.String, mscorlib],[System.Collections.Concurrent.ConcurrentDictionary`2[[System.String, mscorlib],[System.Collections.Concurrent.ConcurrentDictionary`2[[System.String, mscorlib],[System.Collections.Generic.List`1[[Sitecore.Commerce.Core.Parameter, Sitecore.Commerce.Core]], mscorlib]], mscorlib]], mscorlib]], mscorlib","ItemVariationsComponent.ItemVariationComponent.DisplayPropertiesComponent":{"$type":"System.Collections.Concurrent.ConcurrentDictionary`2[[System.String, mscorlib],[System.Collections.Concurrent.ConcurrentDictionary`2[[System.String, mscorlib],[System.Collections.Generic.List`1[[Sitecore.Commerce.Core.Parameter, Sitecore.Commerce.Core]], mscorlib]], mscorlib]], mscorlib","d8713d9f8ff34ca284ba1ecd81b5e2f1":{"$type":"System.Collections.Concurrent.ConcurrentDictionary`2[[System.String, mscorlib],[System.Collections.Generic.List`1[[Sitecore.Commerce.Core.Parameter, Sitecore.Commerce.Core]], mscorlib]], mscorlib","Color":{"$type":"System.Collections.Generic.List`1[[Sitecore.Commerce.Core.Parameter, Sitecore.Commerce.Core]], mscorlib","$values":[{"$type":"Sitecore.Commerce.Core.Parameter, Sitecore.Commerce.Core","Key":"en-US","Value":"White"}]}},"8f32dcad78d44b58948f56ba3f0f98a5":{"$type":"System.Collections.Concurrent.ConcurrentDictionary`2[[System.String, mscorlib],[System.Collections.Generic.List`1[[Sitecore.Commerce.Core.Parameter, Sitecore.Commerce.Core]], mscorlib]], mscorlib","Color":{"$type":"System.Collections.Generic.List`1[[Sitecore.Commerce.Core.Parameter, Sitecore.Commerce.Core]], mscorlib","$values":[{"$type":"Sitecore.Commerce.Core.Parameter, Sitecore.Commerce.Core","Key":"en-US","Value":"Black"}]}}},"ItemVariationsComponent.ItemVariationComponent":{"$type":"System.Collections.Concurrent.ConcurrentDictionary`2[[System.String, mscorlib],[System.Collections.Concurrent.ConcurrentDictionary`2[[System.String, mscorlib],[System.Collections.Generic.List`1[[Sitecore.Commerce.Core.Parameter, Sitecore.Commerce.Core]], mscorlib]], mscorlib]], mscorlib","56042324":{"$type":"System.Collections.Concurrent.ConcurrentDictionary`2[[System.String, mscorlib],[System.Collections.Generic.List`1[[Sitecore.Commerce.Core.Parameter, Sitecore.Commerce.Core]], mscorlib]], mscorlib","DisplayName":{"$type":"System.Collections.Generic.List`1[[Sitecore.Commerce.Core.Parameter, Sitecore.Commerce.Core]], mscorlib","$values":[{"$type":"Sitecore.Commerce.Core.Parameter, Sitecore.Commerce.Core","Key":"en-US","Value":"Habitat Republic 32GB 4G LTE (White)"}]}},"56042323":{"$type":"System.Collections.Concurrent.ConcurrentDictionary`2[[System.String, mscorlib],[System.Collections.Generic.List`1[[Sitecore.Commerce.Core.Parameter, Sitecore.Commerce.Core]], mscorlib]], mscorlib","DisplayName":{"$type":"System.Collections.Generic.List`1[[Sitecore.Commerce.Core.Parameter, Sitecore.Commerce.Core]], mscorlib","$values":[{"$type":"Sitecore.Commerce.Core.Parameter, Sitecore.Commerce.Core","Key":"en-US","Value":"Habitat Republic 32GB 4G LTE (Black)"}]}}}},"Components":{"$type":"System.Collections.Generic.List`1[[Sitecore.Commerce.Core.Component, Sitecore.Commerce.Core]], mscorlib","$values":[]},"DateCreated":"2018-06-12T13:36:21.5262689+00:00","DateUpdated":"2018-06-12T13:36:21.5262689+00:00","DisplayName":"","Id":"Entity-LocalizationEntity-783d25e5b6904c5bb3112dfab14231ef","Version":0,"IsPersisted":false,"Name":"","Policies":{"$type":"System.Collections.Generic.List`1[[Sitecore.Commerce.Core.Policy, Sitecore.Commerce.Core]], mscorlib","$values":[]}},{"$type":"Sitecore.Commerce.Core.LocalizationEntity, Sitecore.Commerce.Core","HasProperties":true,"HasComponentsProperties":true,"Properties":{"$type":"System.Collections.Concurrent.ConcurrentDictionary`2[[System.String, mscorlib],[System.Collections.Generic.List`1[[Sitecore.Commerce.Core.Parameter, Sitecore.Commerce.Core]], mscorlib]], mscorlib","Name":{"$type":"System.Collections.Generic.List`1[[Sitecore.Commerce.Core.Parameter, Sitecore.Commerce.Core]], mscorlib","$values":[{"$type":"Sitecore.Commerce.Core.Parameter, Sitecore.Commerce.Core","Key":"en-US","Value":"Habitat Republic 64GB 4G LTE"}]},"Description":{"$type":"System.Collections.Generic.List`1[[Sitecore.Commerce.Core.Parameter, Sitecore.Commerce.Core]], mscorlib","$values":[{"$type":"Sitecore.Commerce.Core.Parameter, Sitecore.Commerce.Core","Key":"en-US","Value":"The Helix Republic Smartphone features flash memory and runs on Android 5.1. This smartphone also boasts a 64-bit 820 core processor and can run for up to two days on a full battery. It is also waterproof and dust-tight for absolute durability."}]},"DisplayName":{"$type":"System.Collections.Generic.List`1[[Sitecore.Commerce.Core.Parameter, Sitecore.Commerce.Core]], mscorlib","$values":[{"$type":"Sitecore.Commerce.Core.Parameter, Sitecore.Commerce.Core","Key":"en-US","Value":"Habitat Republic 64GB 4G LTE"}]}},"ComponentsProperties":{"$type":"System.Collections.Concurrent.ConcurrentDictionary`2[[System.String, mscorlib],[System.Collections.Concurrent.ConcurrentDictionary`2[[System.String, mscorlib],[System.Collections.Concurrent.ConcurrentDictionary`2[[System.String, mscorlib],[System.Collections.Generic.List`1[[Sitecore.Commerce.Core.Parameter, Sitecore.Commerce.Core]], mscorlib]], mscorlib]], mscorlib]], mscorlib","ItemVariationsComponent.ItemVariationComponent.DisplayPropertiesComponent":{"$type":"System.Collections.Concurrent.ConcurrentDictionary`2[[System.String, mscorlib],[System.Collections.Concurrent.ConcurrentDictionary`2[[System.String, mscorlib],[System.Collections.Generic.List`1[[Sitecore.Commerce.Core.Parameter, Sitecore.Commerce.Core]], mscorlib]], mscorlib]], mscorlib","958a930a82694c64b80f3a49872aab45":{"$type":"System.Collections.Concurrent.ConcurrentDictionary`2[[System.String, mscorlib],[System.Collections.Generic.List`1[[Sitecore.Commerce.Core.Parameter, Sitecore.Commerce.Core]], mscorlib]], mscorlib","Color":{"$type":"System.Collections.Generic.List`1[[Sitecore.Commerce.Core.Parameter, Sitecore.Commerce.Core]], mscorlib","$values":[{"$type":"Sitecore.Commerce.Core.Parameter, Sitecore.Commerce.Core","Key":"en-US","Value":"White"}]}},"a671c03f77704b76a1718885f2cccc7a":{"$type":"System.Collections.Concurrent.ConcurrentDictionary`2[[System.String, mscorlib],[System.Collections.Generic.List`1[[Sitecore.Commerce.Core.Parameter, Sitecore.Commerce.Core]], mscorlib]], mscorlib","Color":{"$type":"System.Collections.Generic.List`1[[Sitecore.Commerce.Core.Parameter, Sitecore.Commerce.Core]], mscorlib","$values":[{"$type":"Sitecore.Commerce.Core.Parameter, Sitecore.Commerce.Core","Key":"en-US","Value":"Black"}]}}},"ItemVariationsComponent.ItemVariationComponent":{"$type":"System.Collections.Concurrent.ConcurrentDictionary`2[[System.String, mscorlib],[System.Collections.Concurrent.ConcurrentDictionary`2[[System.String, mscorlib],[System.Collections.Generic.List`1[[Sitecore.Commerce.Core.Parameter, Sitecore.Commerce.Core]], mscorlib]], mscorlib]], mscorlib","56042325":{"$type":"System.Collections.Concurrent.ConcurrentDictionary`2[[System.String, mscorlib],[System.Collections.Generic.List`1[[Sitecore.Commerce.Core.Parameter, Sitecore.Commerce.Core]], mscorlib]], mscorlib","DisplayName":{"$type":"System.Collections.Generic.List`1[[Sitecore.Commerce.Core.Parameter, Sitecore.Commerce.Core]], mscorlib","$values":[{"$type":"Sitecore.Commerce.Core.Parameter, Sitecore.Commerce.Core","Key":"en-US","Value":"Habitat Republic 64GB 4G LTE (Black)"}]}},"56042326":{"$type":"System.Collections.Concurrent.ConcurrentDictionary`2[[System.String, mscorlib],[System.Collections.Generic.List`1[[Sitecore.Commerce.Core.Parameter, Sitecore.Commerce.Core]], mscorlib]], mscorlib","DisplayName":{"$type":"System.Collections.Generic.List`1[[Sitecore.Commerce.Core.Parameter, Sitecore.Commerce.Core]], mscorlib","$values":[{"$type":"Sitecore.Commerce.Core.Parameter, Sitecore.Commerce.Core","Key":"en-US","Value":"Habitat Republic 64GB 4G LTE (White)"}]}}}},"Components":{"$type":"System.Collections.Generic.List`1[[Sitecore.Commerce.Core.Component, Sitecore.Commerce.Core]], mscorlib","$values":[]},"DateCreated":"2018-06-12T13:36:21.5322703+00:00","DateUpdated":"2018-06-12T13:36:21.5322703+00:00","DisplayName":"","Id":"Entity-LocalizationEntity-075feacad3044f4a9293d0a03351aa78","Version":0,"IsPersisted":false,"Name":"","Policies":{"$type":"System.Collections.Generic.List`1[[Sitecore.Commerce.Core.Policy, Sitecore.Commerce.Core]], mscorlib","$values":[]}},{"$type":"Sitecore.Commerce.Core.LocalizationEntity, Sitecore.Commerce.Core","HasProperties":true,"HasComponentsProperties":true,"Properties":{"$type":"System.Collections.Concurrent.ConcurrentDictionary`2[[System.String, mscorlib],[System.Collections.Generic.List`1[[Sitecore.Commerce.Core.Parameter, Sitecore.Commerce.Core]], mscorlib]], mscorlib","Name":{"$type":"System.Collections.Generic.List`1[[Sitecore.Commerce.Core.Parameter, Sitecore.Commerce.Core]], mscorlib","$values":[{"$type":"Sitecore.Commerce.Core.Parameter, Sitecore.Commerce.Core","Key":"en-US","Value":"Habitat GoGo 8GB 4G LTE Prepaid"}]},"Description":{"$type":"System.Collections.Generic.List`1[[Sitecore.Commerce.Core.Parameter, Sitecore.Commerce.Core]], mscorlib","$values":[{"$type":"Sitecore.Commerce.Core.Parameter, Sitecore.Commerce.Core","Key":"en-US","Value":"Affordable pay-as-you-go Helix GoGo smartphones are easy to use and come standard with a vibrant 4.5\" screen 4G LTE . They are a quad-core device that provides fast streaming, downloading and surfing speeds. "}]},"DisplayName":{"$type":"System.Collections.Generic.List`1[[Sitecore.Commerce.Core.Parameter, Sitecore.Commerce.Core]], mscorlib","$values":[{"$type":"Sitecore.Commerce.Core.Parameter, Sitecore.Commerce.Core","Key":"en-US","Value":"Habitat GoGo 8GB 4G LTE Prepaid"}]}},"ComponentsProperties":{"$type":"System.Collections.Concurrent.ConcurrentDictionary`2[[System.String, mscorlib],[System.Collections.Concurrent.ConcurrentDictionary`2[[System.String, mscorlib],[System.Collections.Concurrent.ConcurrentDictionary`2[[System.String, mscorlib],[System.Collections.Generic.List`1[[Sitecore.Commerce.Core.Parameter, Sitecore.Commerce.Core]], mscorlib]], mscorlib]], mscorlib]], mscorlib","ItemVariationsComponent.ItemVariationComponent.DisplayPropertiesComponent":{"$type":"System.Collections.Concurrent.ConcurrentDictionary`2[[System.String, mscorlib],[System.Collections.Concurrent.ConcurrentDictionary`2[[System.String, mscorlib],[System.Collections.Generic.List`1[[Sitecore.Commerce.Core.Parameter, Sitecore.Commerce.Core]], mscorlib]], mscorlib]], mscorlib","220382c520fa4055840e500a20a76ac2":{"$type":"System.Collections.Concurrent.ConcurrentDictionary`2[[System.String, mscorlib],[System.Collections.Generic.List`1[[Sitecore.Commerce.Core.Parameter, Sitecore.Commerce.Core]], mscorlib]], mscorlib","Color":{"$type":"System.Collections.Generic.List`1[[Sitecore.Commerce.Core.Parameter, Sitecore.Commerce.Core]], mscorlib","$values":[{"$type":"Sitecore.Commerce.Core.Parameter, Sitecore.Commerce.Core","Key":"en-US","Value":"Black"}]}}},"ItemVariationsComponent.ItemVariationComponent":{"$type":"System.Collections.Concurrent.ConcurrentDictionary`2[[System.String, mscorlib],[System.Collections.Concurrent.ConcurrentDictionary`2[[System.String, mscorlib],[System.Collections.Generic.List`1[[Sitecore.Commerce.Core.Parameter, Sitecore.Commerce.Core]], mscorlib]], mscorlib]], mscorlib","56042327":{"$type":"System.Collections.Concurrent.ConcurrentDictionary`2[[System.String, mscorlib],[System.Collections.Generic.List`1[[Sitecore.Commerce.Core.Parameter, Sitecore.Commerce.Core]], mscorlib]], mscorlib","DisplayName":{"$type":"System.Collections.Generic.List`1[[Sitecore.Commerce.Core.Parameter, Sitecore.Commerce.Core]], mscorlib","$values":[{"$type":"Sitecore.Commerce.Core.Parameter, Sitecore.Commerce.Core","Key":"en-US","Value":"Habitat GoGo 8GB 4G LTE Prepaid (Black)"}]}}}},"Components":{"$type":"System.Collections.Generic.List`1[[Sitecore.Commerce.Core.Component, Sitecore.Commerce.Core]], mscorlib","$values":[]},"DateCreated":"2018-06-12T13:36:21.5342738+00:00","DateUpdated":"2018-06-12T13:36:21.5342738+00:00","DisplayName":"","Id":"Entity-LocalizationEntity-f93e374ae1714c2a8f5fbddd7e55bde8","Version":0,"IsPersisted":false,"Name":"","Policies":{"$type":"System.Collections.Generic.List`1[[Sitecore.Commerce.Core.Policy, Sitecore.Commerce.Core]], mscorlib","$values":[]}},{"$type":"Sitecore.Commerce.Core.LocalizationEntity, Sitecore.Commerce.Core","HasProperties":true,"HasComponentsProperties":true,"Properties":{"$type":"System.Collections.Concurrent.ConcurrentDictionary`2[[System.String, mscorlib],[System.Collections.Generic.List`1[[Sitecore.Commerce.Core.Parameter, Sitecore.Commerce.Core]], mscorlib]], mscorlib","Name":{"$type":"System.Collections.Generic.List`1[[Sitecore.Commerce.Core.Parameter, Sitecore.Commerce.Core]], mscorlib","$values":[{"$type":"Sitecore.Commerce.Core.Parameter, Sitecore.Commerce.Core","Key":"en-US","Value":"Habitat GoGo 16GB 4G LTE Prepaid"}]},"Description":{"$type":"System.Collections.Generic.List`1[[Sitecore.Commerce.Core.Parameter, Sitecore.Commerce.Core]], mscorlib","$values":[{"$type":"Sitecore.Commerce.Core.Parameter, Sitecore.Commerce.Core","Key":"en-US","Value":"Affordable pay-as-you-go Helix GoGo smartphones are easy to use and come standard with a vibrant 4.5\" screen 4G LTE . They are a quad-core device that provides fast streaming, downloading and surfing speeds. "}]},"DisplayName":{"$type":"System.Collections.Generic.List`1[[Sitecore.Commerce.Core.Parameter, Sitecore.Commerce.Core]], mscorlib","$values":[{"$type":"Sitecore.Commerce.Core.Parameter, Sitecore.Commerce.Core","Key":"en-US","Value":"Habitat GoGo 16GB 4G LTE Prepaid"}]}},"ComponentsProperties":{"$type":"System.Collections.Concurrent.ConcurrentDictionary`2[[System.String, mscorlib],[System.Collections.Concurrent.ConcurrentDictionary`2[[System.String, mscorlib],[System.Collections.Concurrent.ConcurrentDictionary`2[[System.String, mscorlib],[System.Collections.Generic.List`1[[Sitecore.Commerce.Core.Parameter, Sitecore.Commerce.Core]], mscorlib]], mscorlib]], mscorlib]], mscorlib","ItemVariationsComponent.ItemVariationComponent.DisplayPropertiesComponent":{"$type":"System.Collections.Concurrent.ConcurrentDictionary`2[[System.String, mscorlib],[System.Collections.Concurrent.ConcurrentDictionary`2[[System.String, mscorlib],[System.Collections.Generic.List`1[[Sitecore.Commerce.Core.Parameter, Sitecore.Commerce.Core]], mscorlib]], mscorlib]], mscorlib","e6c81ecd9b334cc1bff05fc2c7577db5":{"$type":"System.Collections.Concurrent.ConcurrentDictionary`2[[System.String, mscorlib],[System.Collections.Generic.List`1[[Sitecore.Commerce.Core.Parameter, Sitecore.Commerce.Core]], mscorlib]], mscorlib","Color":{"$type":"System.Collections.Generic.List`1[[Sitecore.Commerce.Core.Parameter, Sitecore.Commerce.Core]], mscorlib","$values":[{"$type":"Sitecore.Commerce.Core.Parameter, Sitecore.Commerce.Core","Key":"en-US","Value":"White"}]}}},"ItemVariationsComponent.ItemVariationComponent":{"$type":"System.Collections.Concurrent.ConcurrentDictionary`2[[System.String, mscorlib],[System.Collections.Concurrent.ConcurrentDictionary`2[[System.String, mscorlib],[System.Collections.Generic.List`1[[Sitecore.Commerce.Core.Parameter, Sitecore.Commerce.Core]], mscorlib]], mscorlib]], mscorlib","56042328":{"$type":"System.Collections.Concurrent.ConcurrentDictionary`2[[System.String, mscorlib],[System.Collections.Generic.List`1[[Sitecore.Commerce.Core.Parameter, Sitecore.Commerce.Core]], mscorlib]], mscorlib","DisplayName":{"$type":"System.Collections.Generic.List`1[[Sitecore.Commerce.Core.Parameter, Sitecore.Commerce.Core]], mscorlib","$values":[{"$type":"Sitecore.Commerce.Core.Parameter, Sitecore.Commerce.Core","Key":"en-US","Value":"Habitat GoGo 16GB 4G LTE Prepaid (White)"}]}}}},"Components":{"$type":"System.Collections.Generic.List`1[[Sitecore.Commerce.Core.Component, Sitecore.Commerce.Core]], mscorlib","$values":[]},"DateCreated":"2018-06-12T13:36:21.53527+00:00","DateUpdated":"2018-06-12T13:36:21.53527+00:00","DisplayName":"","Id":"Entity-LocalizationEntity-0ead48d007204a39a174e06eb72412b9","Version":0,"IsPersisted":false,"Name":"","Policies":{"$type":"System.Collections.Generic.List`1[[Sitecore.Commerce.Core.Policy, Sitecore.Commerce.Core]], mscorlib","$values":[]}}]}