{"$type":"System.Collections.Generic.List`1[[Sitecore.Commerce.Core.LocalizationEntity, Sitecore.Commerce.Core]], mscorlib","$values":[{"$type":"Sitecore.Commerce.Core.LocalizationEntity, Sitecore.Commerce.Core","HasProperties":true,"HasComponentsProperties":true,"Properties":{"$type":"System.Collections.Concurrent.ConcurrentDictionary`2[[System.String, mscorlib],[System.Collections.Generic.List`1[[Sitecore.Commerce.Core.Parameter, Sitecore.Commerce.Core]], mscorlib]], mscorlib","Name":{"$type":"System.Collections.Generic.List`1[[Sitecore.Commerce.Core.Parameter, Sitecore.Commerce.Core]], mscorlib","$values":[{"$type":"Sitecore.Commerce.Core.Parameter, Sitecore.Commerce.Core","Key":"en-US","Value":"2’ Micro USB Lightening Charging Cable"}]},"Description":{"$type":"System.Collections.Generic.List`1[[Sitecore.Commerce.Core.Parameter, Sitecore.Commerce.Core]], mscorlib","$values":[{"$type":"Sitecore.Commerce.Core.Parameter, Sitecore.Commerce.Core","Key":"en-US","Value":"Compatible with most micro USB-enabled and Lightning-enabled devices, this 2' Helix EXT cable lets you quickly and easily charge and sync your portable electronic devices. The tangle-free design helps prevent damage to the cable."}]},"DisplayName":{"$type":"System.Collections.Generic.List`1[[Sitecore.Commerce.Core.Parameter, Sitecore.Commerce.Core]], mscorlib","$values":[{"$type":"Sitecore.Commerce.Core.Parameter, Sitecore.Commerce.Core","Key":"en-US","Value":"2’ Micro USB Lightening Charging Cable"}]}},"ComponentsProperties":{"$type":"System.Collections.Concurrent.ConcurrentDictionary`2[[System.String, mscorlib],[System.Collections.Concurrent.ConcurrentDictionary`2[[System.String, mscorlib],[System.Collections.Concurrent.ConcurrentDictionary`2[[System.String, mscorlib],[System.Collections.Generic.List`1[[Sitecore.Commerce.Core.Parameter, Sitecore.Commerce.Core]], mscorlib]], mscorlib]], mscorlib]], mscorlib","ItemVariationsComponent.ItemVariationComponent.DisplayPropertiesComponent":{"$type":"System.Collections.Concurrent.ConcurrentDictionary`2[[System.String, mscorlib],[System.Collections.Concurrent.ConcurrentDictionary`2[[System.String, mscorlib],[System.Collections.Generic.List`1[[Sitecore.Commerce.Core.Parameter, Sitecore.Commerce.Core]], mscorlib]], mscorlib]], mscorlib","21fbef6235434780b817ced54c4d1a23":{"$type":"System.Collections.Concurrent.ConcurrentDictionary`2[[System.String, mscorlib],[System.Collections.Generic.List`1[[Sitecore.Commerce.Core.Parameter, Sitecore.Commerce.Core]], mscorlib]], mscorlib","Color":{"$type":"System.Collections.Generic.List`1[[Sitecore.Commerce.Core.Parameter, Sitecore.Commerce.Core]], mscorlib","$values":[{"$type":"Sitecore.Commerce.Core.Parameter, Sitecore.Commerce.Core","Key":"en-US","Value":"Orange"}]}},"16065a75dc294f3d8a9b85c270b0691b":{"$type":"System.Collections.Concurrent.ConcurrentDictionary`2[[System.String, mscorlib],[System.Collections.Generic.List`1[[Sitecore.Commerce.Core.Parameter, Sitecore.Commerce.Core]], mscorlib]], mscorlib","Color":{"$type":"System.Collections.Generic.List`1[[Sitecore.Commerce.Core.Parameter, Sitecore.Commerce.Core]], mscorlib","$values":[{"$type":"Sitecore.Commerce.Core.Parameter, Sitecore.Commerce.Core","Key":"en-US","Value":"Teal"}]}},"e72f23ed83864510881c988a2349d3cd":{"$type":"System.Collections.Concurrent.ConcurrentDictionary`2[[System.String, mscorlib],[System.Collections.Generic.List`1[[Sitecore.Commerce.Core.Parameter, Sitecore.Commerce.Core]], mscorlib]], mscorlib","Color":{"$type":"System.Collections.Generic.List`1[[Sitecore.Commerce.Core.Parameter, Sitecore.Commerce.Core]], mscorlib","$values":[{"$type":"Sitecore.Commerce.Core.Parameter, Sitecore.Commerce.Core","Key":"en-US","Value":"Green"}]}},"d94e5f310d854097b3d2f7e9c72b8e2c":{"$type":"System.Collections.Concurrent.ConcurrentDictionary`2[[System.String, mscorlib],[System.Collections.Generic.List`1[[Sitecore.Commerce.Core.Parameter, Sitecore.Commerce.Core]], mscorlib]], mscorlib","Color":{"$type":"System.Collections.Generic.List`1[[Sitecore.Commerce.Core.Parameter, Sitecore.Commerce.Core]], mscorlib","$values":[{"$type":"Sitecore.Commerce.Core.Parameter, Sitecore.Commerce.Core","Key":"en-US","Value":"Pink"}]}}},"ItemVariationsComponent.ItemVariationComponent":{"$type":"System.Collections.Concurrent.ConcurrentDictionary`2[[System.String, mscorlib],[System.Collections.Concurrent.ConcurrentDictionary`2[[System.String, mscorlib],[System.Collections.Generic.List`1[[Sitecore.Commerce.Core.Parameter, Sitecore.Commerce.Core]], mscorlib]], mscorlib]], mscorlib","56042378":{"$type":"System.Collections.Concurrent.ConcurrentDictionary`2[[System.String, mscorlib],[System.Collections.Generic.List`1[[Sitecore.Commerce.Core.Parameter, Sitecore.Commerce.Core]], mscorlib]], mscorlib","DisplayName":{"$type":"System.Collections.Generic.List`1[[Sitecore.Commerce.Core.Parameter, Sitecore.Commerce.Core]], mscorlib","$values":[{"$type":"Sitecore.Commerce.Core.Parameter, Sitecore.Commerce.Core","Key":"en-US","Value":"2’ Micro USB/Lightening Charging Cable (Teal)"}]}},"56042379":{"$type":"System.Collections.Concurrent.ConcurrentDictionary`2[[System.String, mscorlib],[System.Collections.Generic.List`1[[Sitecore.Commerce.Core.Parameter, Sitecore.Commerce.Core]], mscorlib]], mscorlib","DisplayName":{"$type":"System.Collections.Generic.List`1[[Sitecore.Commerce.Core.Parameter, Sitecore.Commerce.Core]], mscorlib","$values":[{"$type":"Sitecore.Commerce.Core.Parameter, Sitecore.Commerce.Core","Key":"en-US","Value":"2’ Micro USB/Lightening Charging Cable (Pink)"}]}},"56042376":{"$type":"System.Collections.Concurrent.ConcurrentDictionary`2[[System.String, mscorlib],[System.Collections.Generic.List`1[[Sitecore.Commerce.Core.Parameter, Sitecore.Commerce.Core]], mscorlib]], mscorlib","DisplayName":{"$type":"System.Collections.Generic.List`1[[Sitecore.Commerce.Core.Parameter, Sitecore.Commerce.Core]], mscorlib","$values":[{"$type":"Sitecore.Commerce.Core.Parameter, Sitecore.Commerce.Core","Key":"en-US","Value":"2’ Micro USB/Lightening Charging Cable (Green)"}]}},"56042377":{"$type":"System.Collections.Concurrent.ConcurrentDictionary`2[[System.String, mscorlib],[System.Collections.Generic.List`1[[Sitecore.Commerce.Core.Parameter, Sitecore.Commerce.Core]], mscorlib]], mscorlib","DisplayName":{"$type":"System.Collections.Generic.List`1[[Sitecore.Commerce.Core.Parameter, Sitecore.Commerce.Core]], mscorlib","$values":[{"$type":"Sitecore.Commerce.Core.Parameter, Sitecore.Commerce.Core","Key":"en-US","Value":"2’ Micro USB/Lightening Charging Cable (Orange)"}]}}}},"Components":{"$type":"System.Collections.Generic.List`1[[Sitecore.Commerce.Core.Component, Sitecore.Commerce.Core]], mscorlib","$values":[]},"DateCreated":"2018-06-12T13:36:21.6142773+00:00","DateUpdated":"2018-06-12T13:36:21.6142773+00:00","DisplayName":"","Id":"Entity-LocalizationEntity-1170002c41f84413b409c6a062b4e18a","Version":0,"IsPersisted":false,"Name":"","Policies":{"$type":"System.Collections.Generic.List`1[[Sitecore.Commerce.Core.Policy, Sitecore.Commerce.Core]], mscorlib","$values":[]}},{"$type":"Sitecore.Commerce.Core.LocalizationEntity, Sitecore.Commerce.Core","HasProperties":true,"HasComponentsProperties":true,"Properties":{"$type":"System.Collections.Concurrent.ConcurrentDictionary`2[[System.String, mscorlib],[System.Collections.Generic.List`1[[Sitecore.Commerce.Core.Parameter, Sitecore.Commerce.Core]], mscorlib]], mscorlib","Name":{"$type":"System.Collections.Generic.List`1[[Sitecore.Commerce.Core.Parameter, Sitecore.Commerce.Core]], mscorlib","$values":[{"$type":"Sitecore.Commerce.Core.Parameter, Sitecore.Commerce.Core","Key":"en-US","Value":"Habitat EXT Accessories—HD Glass Screen Protector"}]},"Description":{"$type":"System.Collections.Generic.List`1[[Sitecore.Commerce.Core.Parameter, Sitecore.Commerce.Core]], mscorlib","$values":[{"$type":"Sitecore.Commerce.Core.Parameter, Sitecore.Commerce.Core","Key":"en-US","Value":"Protect the display on your Helix smartphone from scratches and smudges with this EXT HD Glass screen protector, which blocks ultraviolet light to help protect your eyes. Easy-to-use tabs ensure simple and accurate application."}]},"DisplayName":{"$type":"System.Collections.Generic.List`1[[Sitecore.Commerce.Core.Parameter, Sitecore.Commerce.Core]], mscorlib","$values":[{"$type":"Sitecore.Commerce.Core.Parameter, Sitecore.Commerce.Core","Key":"en-US","Value":"Habitat EXT Accessories—HD Glass Screen Protector"}]}},"ComponentsProperties":{"$type":"System.Collections.Concurrent.ConcurrentDictionary`2[[System.String, mscorlib],[System.Collections.Concurrent.ConcurrentDictionary`2[[System.String, mscorlib],[System.Collections.Concurrent.ConcurrentDictionary`2[[System.String, mscorlib],[System.Collections.Generic.List`1[[Sitecore.Commerce.Core.Parameter, Sitecore.Commerce.Core]], mscorlib]], mscorlib]], mscorlib]], mscorlib","ItemVariationsComponent.ItemVariationComponent":{"$type":"System.Collections.Concurrent.ConcurrentDictionary`2[[System.String, mscorlib],[System.Collections.Concurrent.ConcurrentDictionary`2[[System.String, mscorlib],[System.Collections.Generic.List`1[[Sitecore.Commerce.Core.Parameter, Sitecore.Commerce.Core]], mscorlib]], mscorlib]], mscorlib","56042380":{"$type":"System.Collections.Concurrent.ConcurrentDictionary`2[[System.String, mscorlib],[System.Collections.Generic.List`1[[Sitecore.Commerce.Core.Parameter, Sitecore.Commerce.Core]], mscorlib]], mscorlib","DisplayName":{"$type":"System.Collections.Generic.List`1[[Sitecore.Commerce.Core.Parameter, Sitecore.Commerce.Core]], mscorlib","$values":[{"$type":"Sitecore.Commerce.Core.Parameter, Sitecore.Commerce.Core","Key":"en-US","Value":"Habitat EXT Accessories—HD Glass Screen Protector"}]}}}},"Components":{"$type":"System.Collections.Generic.List`1[[Sitecore.Commerce.Core.Component, Sitecore.Commerce.Core]], mscorlib","$values":[]},"DateCreated":"2018-06-12T13:36:21.6172868+00:00","DateUpdated":"2018-06-12T13:36:21.6172868+00:00","DisplayName":"","Id":"Entity-LocalizationEntity-ee86ee24b7ec4e8798d73287dee9aa9b","Version":0,"IsPersisted":false,"Name":"","Policies":{"$type":"System.Collections.Generic.List`1[[Sitecore.Commerce.Core.Policy, Sitecore.Commerce.Core]], mscorlib","$values":[]}},{"$type":"Sitecore.Commerce.Core.LocalizationEntity, Sitecore.Commerce.Core","HasProperties":true,"HasComponentsProperties":true,"Properties":{"$type":"System.Collections.Concurrent.ConcurrentDictionary`2[[System.String, mscorlib],[System.Collections.Generic.List`1[[Sitecore.Commerce.Core.Parameter, Sitecore.Commerce.Core]], mscorlib]], mscorlib","Name":{"$type":"System.Collections.Generic.List`1[[Sitecore.Commerce.Core.Parameter, Sitecore.Commerce.Core]], mscorlib","$values":[{"$type":"Sitecore.Commerce.Core.Parameter, Sitecore.Commerce.Core","Key":"en-US","Value":"Habitat EXT Accessories—Anti-glare Screen Protector"}]},"Description":{"$type":"System.Collections.Generic.List`1[[Sitecore.Commerce.Core.Parameter, Sitecore.Commerce.Core]], mscorlib","$values":[{"$type":"Sitecore.Commerce.Core.Parameter, Sitecore.Commerce.Core","Key":"en-US","Value":"Protect the display on your Helix smartphone from scratches and smudges with this EXT anti-glare screen protector. The thin, tempered-glass material provides durable protection, and the antiglare technology lets you use your device in any lighting."}]},"DisplayName":{"$type":"System.Collections.Generic.List`1[[Sitecore.Commerce.Core.Parameter, Sitecore.Commerce.Core]], mscorlib","$values":[{"$type":"Sitecore.Commerce.Core.Parameter, Sitecore.Commerce.Core","Key":"en-US","Value":"Habitat EXT Accessories—Anti-glare Screen Protector"}]}},"ComponentsProperties":{"$type":"System.Collections.Concurrent.ConcurrentDictionary`2[[System.String, mscorlib],[System.Collections.Concurrent.ConcurrentDictionary`2[[System.String, mscorlib],[System.Collections.Concurrent.ConcurrentDictionary`2[[System.String, mscorlib],[System.Collections.Generic.List`1[[Sitecore.Commerce.Core.Parameter, Sitecore.Commerce.Core]], mscorlib]], mscorlib]], mscorlib]], mscorlib","ItemVariationsComponent.ItemVariationComponent":{"$type":"System.Collections.Concurrent.ConcurrentDictionary`2[[System.String, mscorlib],[System.Collections.Concurrent.ConcurrentDictionary`2[[System.String, mscorlib],[System.Collections.Generic.List`1[[Sitecore.Commerce.Core.Parameter, Sitecore.Commerce.Core]], mscorlib]], mscorlib]], mscorlib","56042381":{"$type":"System.Collections.Concurrent.ConcurrentDictionary`2[[System.String, mscorlib],[System.Collections.Generic.List`1[[Sitecore.Commerce.Core.Parameter, Sitecore.Commerce.Core]], mscorlib]], mscorlib","DisplayName":{"$type":"System.Collections.Generic.List`1[[Sitecore.Commerce.Core.Parameter, Sitecore.Commerce.Core]], mscorlib","$values":[{"$type":"Sitecore.Commerce.Core.Parameter, Sitecore.Commerce.Core","Key":"en-US","Value":"Habitat EXT Accessories—Anti-glare Screen Protector"}]}}}},"Components":{"$type":"System.Collections.Generic.List`1[[Sitecore.Commerce.Core.Component, Sitecore.Commerce.Core]], mscorlib","$values":[]},"DateCreated":"2018-06-12T13:36:21.6192919+00:00","DateUpdated":"2018-06-12T13:36:21.6192919+00:00","DisplayName":"","Id":"Entity-LocalizationEntity-faa33dd8dcf64feea1fd4d1abb652f81","Version":0,"IsPersisted":false,"Name":"","Policies":{"$type":"System.Collections.Generic.List`1[[Sitecore.Commerce.Core.Policy, Sitecore.Commerce.Core]], mscorlib","$values":[]}},{"$type":"Sitecore.Commerce.Core.LocalizationEntity, Sitecore.Commerce.Core","HasProperties":true,"HasComponentsProperties":true,"Properties":{"$type":"System.Collections.Concurrent.ConcurrentDictionary`2[[System.String, mscorlib],[System.Collections.Generic.List`1[[Sitecore.Commerce.Core.Parameter, Sitecore.Commerce.Core]], mscorlib]], mscorlib","Name":{"$type":"System.Collections.Generic.List`1[[Sitecore.Commerce.Core.Parameter, Sitecore.Commerce.Core]], mscorlib","$values":[{"$type":"Sitecore.Commerce.Core.Parameter, Sitecore.Commerce.Core","Key":"en-US","Value":"Habitat EXT Accessories—Anti-fingerprint Screen Protector"}]},"Description":{"$type":"System.Collections.Generic.List`1[[Sitecore.Commerce.Core.Parameter, Sitecore.Commerce.Core]], mscorlib","$values":[{"$type":"Sitecore.Commerce.Core.Parameter, Sitecore.Commerce.Core","Key":"en-US","Value":"Protect the display on your Helix smartphone from fingerprints and smudges with this EXT anti-fingerprint screen protector. The thin, tempered-glass material provides an oil-resistant surface that repels fingerprints and streaking."}]},"DisplayName":{"$type":"System.Collections.Generic.List`1[[Sitecore.Commerce.Core.Parameter, Sitecore.Commerce.Core]], mscorlib","$values":[{"$type":"Sitecore.Commerce.Core.Parameter, Sitecore.Commerce.Core","Key":"en-US","Value":"Habitat EXT Accessories—Anti-fingerprint Screen Protector"}]}},"ComponentsProperties":{"$type":"System.Collections.Concurrent.ConcurrentDictionary`2[[System.String, mscorlib],[System.Collections.Concurrent.ConcurrentDictionary`2[[System.String, mscorlib],[System.Collections.Concurrent.ConcurrentDictionary`2[[System.String, mscorlib],[System.Collections.Generic.List`1[[Sitecore.Commerce.Core.Parameter, Sitecore.Commerce.Core]], mscorlib]], mscorlib]], mscorlib]], mscorlib","ItemVariationsComponent.ItemVariationComponent":{"$type":"System.Collections.Concurrent.ConcurrentDictionary`2[[System.String, mscorlib],[System.Collections.Concurrent.ConcurrentDictionary`2[[System.String, mscorlib],[System.Collections.Generic.List`1[[Sitecore.Commerce.Core.Parameter, Sitecore.Commerce.Core]], mscorlib]], mscorlib]], mscorlib","56042382":{"$type":"System.Collections.Concurrent.ConcurrentDictionary`2[[System.String, mscorlib],[System.Collections.Generic.List`1[[Sitecore.Commerce.Core.Parameter, Sitecore.Commerce.Core]], mscorlib]], mscorlib","DisplayName":{"$type":"System.Collections.Generic.List`1[[Sitecore.Commerce.Core.Parameter, Sitecore.Commerce.Core]], mscorlib","$values":[{"$type":"Sitecore.Commerce.Core.Parameter, Sitecore.Commerce.Core","Key":"en-US","Value":"Habitat EXT Accessories—Anti-fingerprint Screen Protector"}]}}}},"Components":{"$type":"System.Collections.Generic.List`1[[Sitecore.Commerce.Core.Component, Sitecore.Commerce.Core]], mscorlib","$values":[]},"DateCreated":"2018-06-12T13:36:21.621289+00:00","DateUpdated":"2018-06-12T13:36:21.621289+00:00","DisplayName":"","Id":"Entity-LocalizationEntity-3a34fd4f352147ce8f6cbad210411efb","Version":0,"IsPersisted":false,"Name":"","Policies":{"$type":"System.Collections.Generic.List`1[[Sitecore.Commerce.Core.Policy, Sitecore.Commerce.Core]], mscorlib","$values":[]}},{"$type":"Sitecore.Commerce.Core.LocalizationEntity, Sitecore.Commerce.Core","HasProperties":true,"HasComponentsProperties":true,"Properties":{"$type":"System.Collections.Concurrent.ConcurrentDictionary`2[[System.String, mscorlib],[System.Collections.Generic.List`1[[Sitecore.Commerce.Core.Parameter, Sitecore.Commerce.Core]], mscorlib]], mscorlib","Name":{"$type":"System.Collections.Generic.List`1[[Sitecore.Commerce.Core.Parameter, Sitecore.Commerce.Core]], mscorlib","$values":[{"$type":"Sitecore.Commerce.Core.Parameter, Sitecore.Commerce.Core","Key":"en-US","Value":"Habitat EXT Accessories—Portable LED Flash Kit "}]},"Description":{"$type":"System.Collections.Generic.List`1[[Sitecore.Commerce.Core.Parameter, Sitecore.Commerce.Core]], mscorlib","$values":[{"$type":"Sitecore.Commerce.Core.Parameter, Sitecore.Commerce.Core","Key":"en-US","Value":"With the Helix EXT LED flash kit, you can dramatically improve the quality of photos and video you take with your Helix smartphone in low-light situations. It offers two levels of lighting types (warm and cool) and is easily interchanged."}]},"DisplayName":{"$type":"System.Collections.Generic.List`1[[Sitecore.Commerce.Core.Parameter, Sitecore.Commerce.Core]], mscorlib","$values":[{"$type":"Sitecore.Commerce.Core.Parameter, Sitecore.Commerce.Core","Key":"en-US","Value":"Habitat EXT Accessories—Portable LED Flash Kit "}]}},"ComponentsProperties":{"$type":"System.Collections.Concurrent.ConcurrentDictionary`2[[System.String, mscorlib],[System.Collections.Concurrent.ConcurrentDictionary`2[[System.String, mscorlib],[System.Collections.Concurrent.ConcurrentDictionary`2[[System.String, mscorlib],[System.Collections.Generic.List`1[[Sitecore.Commerce.Core.Parameter, Sitecore.Commerce.Core]], mscorlib]], mscorlib]], mscorlib]], mscorlib","ItemVariationsComponent.ItemVariationComponent":{"$type":"System.Collections.Concurrent.ConcurrentDictionary`2[[System.String, mscorlib],[System.Collections.Concurrent.ConcurrentDictionary`2[[System.String, mscorlib],[System.Collections.Generic.List`1[[Sitecore.Commerce.Core.Parameter, Sitecore.Commerce.Core]], mscorlib]], mscorlib]], mscorlib","56042383":{"$type":"System.Collections.Concurrent.ConcurrentDictionary`2[[System.String, mscorlib],[System.Collections.Generic.List`1[[Sitecore.Commerce.Core.Parameter, Sitecore.Commerce.Core]], mscorlib]], mscorlib","DisplayName":{"$type":"System.Collections.Generic.List`1[[Sitecore.Commerce.Core.Parameter, Sitecore.Commerce.Core]], mscorlib","$values":[{"$type":"Sitecore.Commerce.Core.Parameter, Sitecore.Commerce.Core","Key":"en-US","Value":"Habitat EXT Accessories—Portable LED Flash Kit "}]}}}},"Components":{"$type":"System.Collections.Generic.List`1[[Sitecore.Commerce.Core.Component, Sitecore.Commerce.Core]], mscorlib","$values":[]},"DateCreated":"2018-06-12T13:36:21.6242809+00:00","DateUpdated":"2018-06-12T13:36:21.6242809+00:00","DisplayName":"","Id":"Entity-LocalizationEntity-e8a25cab432543749f2e39c0cd86fe1b","Version":0,"IsPersisted":false,"Name":"","Policies":{"$type":"System.Collections.Generic.List`1[[Sitecore.Commerce.Core.Policy, Sitecore.Commerce.Core]], mscorlib","$values":[]}},{"$type":"Sitecore.Commerce.Core.LocalizationEntity, Sitecore.Commerce.Core","HasProperties":true,"HasComponentsProperties":true,"Properties":{"$type":"System.Collections.Concurrent.ConcurrentDictionary`2[[System.String, mscorlib],[System.Collections.Generic.List`1[[Sitecore.Commerce.Core.Parameter, Sitecore.Commerce.Core]], mscorlib]], mscorlib","Name":{"$type":"System.Collections.Generic.List`1[[Sitecore.Commerce.Core.Parameter, Sitecore.Commerce.Core]], mscorlib","$values":[{"$type":"Sitecore.Commerce.Core.Parameter, Sitecore.Commerce.Core","Key":"en-US","Value":"Habitat EXT Accessories—Portable Camera Lens Kit "}]},"Description":{"$type":"System.Collections.Generic.List`1[[Sitecore.Commerce.Core.Parameter, Sitecore.Commerce.Core]], mscorlib","$values":[{"$type":"Sitecore.Commerce.Core.Parameter, Sitecore.Commerce.Core","Key":"en-US","Value":"Capture amazing imagery with this Helix EXT three-lens kit. The wide-angle lens allows you to take landscapes, a fisheye lens creates unique perspectives, and the macro lens lets you get in close. This three-lens kit clips onto your phone, and it's all stored in a soft storage pouch for easy transport."}]},"DisplayName":{"$type":"System.Collections.Generic.List`1[[Sitecore.Commerce.Core.Parameter, Sitecore.Commerce.Core]], mscorlib","$values":[{"$type":"Sitecore.Commerce.Core.Parameter, Sitecore.Commerce.Core","Key":"en-US","Value":"Habitat EXT Accessories—Portable Camera Lens Kit "}]}},"ComponentsProperties":{"$type":"System.Collections.Concurrent.ConcurrentDictionary`2[[System.String, mscorlib],[System.Collections.Concurrent.ConcurrentDictionary`2[[System.String, mscorlib],[System.Collections.Concurrent.ConcurrentDictionary`2[[System.String, mscorlib],[System.Collections.Generic.List`1[[Sitecore.Commerce.Core.Parameter, Sitecore.Commerce.Core]], mscorlib]], mscorlib]], mscorlib]], mscorlib","ItemVariationsComponent.ItemVariationComponent":{"$type":"System.Collections.Concurrent.ConcurrentDictionary`2[[System.String, mscorlib],[System.Collections.Concurrent.ConcurrentDictionary`2[[System.String, mscorlib],[System.Collections.Generic.List`1[[Sitecore.Commerce.Core.Parameter, Sitecore.Commerce.Core]], mscorlib]], mscorlib]], mscorlib","56042384":{"$type":"System.Collections.Concurrent.ConcurrentDictionary`2[[System.String, mscorlib],[System.Collections.Generic.List`1[[Sitecore.Commerce.Core.Parameter, Sitecore.Commerce.Core]], mscorlib]], mscorlib","DisplayName":{"$type":"System.Collections.Generic.List`1[[Sitecore.Commerce.Core.Parameter, Sitecore.Commerce.Core]], mscorlib","$values":[{"$type":"Sitecore.Commerce.Core.Parameter, Sitecore.Commerce.Core","Key":"en-US","Value":"Habitat EXT Accessories—Portable Camera Lens Kit "}]}}}},"Components":{"$type":"System.Collections.Generic.List`1[[Sitecore.Commerce.Core.Component, Sitecore.Commerce.Core]], mscorlib","$values":[]},"DateCreated":"2018-06-12T13:36:21.628284+00:00","DateUpdated":"2018-06-12T13:36:21.628284+00:00","DisplayName":"","Id":"Entity-LocalizationEntity-d50a4ed9310648c3a9c4b8f34e20ff1b","Version":0,"IsPersisted":false,"Name":"","Policies":{"$type":"System.Collections.Generic.List`1[[Sitecore.Commerce.Core.Policy, Sitecore.Commerce.Core]], mscorlib","$values":[]}},{"$type":"Sitecore.Commerce.Core.LocalizationEntity, Sitecore.Commerce.Core","HasProperties":true,"HasComponentsProperties":true,"Properties":{"$type":"System.Collections.Concurrent.ConcurrentDictionary`2[[System.String, mscorlib],[System.Collections.Generic.List`1[[Sitecore.Commerce.Core.Parameter, Sitecore.Commerce.Core]], mscorlib]], mscorlib","Name":{"$type":"System.Collections.Generic.List`1[[Sitecore.Commerce.Core.Parameter, Sitecore.Commerce.Core]], mscorlib","$values":[{"$type":"Sitecore.Commerce.Core.Parameter, Sitecore.Commerce.Core","Key":"en-US","Value":"Habitat EXT Accessories—Microphone Kit for Smartphone "}]},"Description":{"$type":"System.Collections.Generic.List`1[[Sitecore.Commerce.Core.Parameter, Sitecore.Commerce.Core]], mscorlib","$values":[{"$type":"Sitecore.Commerce.Core.Parameter, Sitecore.Commerce.Core","Key":"en-US","Value":"The Helix EXT Microphone Kit is a complete audio solution for video recording on mobile phones. The kit includes a shotgun microphone, mounting bracket, fully adjustable mobile phone mount, and 3.5 mm cable with headphone jack."}]},"DisplayName":{"$type":"System.Collections.Generic.List`1[[Sitecore.Commerce.Core.Parameter, Sitecore.Commerce.Core]], mscorlib","$values":[{"$type":"Sitecore.Commerce.Core.Parameter, Sitecore.Commerce.Core","Key":"en-US","Value":"Habitat EXT Accessories—Microphone Kit for Smartphone "}]}},"ComponentsProperties":{"$type":"System.Collections.Concurrent.ConcurrentDictionary`2[[System.String, mscorlib],[System.Collections.Concurrent.ConcurrentDictionary`2[[System.String, mscorlib],[System.Collections.Concurrent.ConcurrentDictionary`2[[System.String, mscorlib],[System.Collections.Generic.List`1[[Sitecore.Commerce.Core.Parameter, Sitecore.Commerce.Core]], mscorlib]], mscorlib]], mscorlib]], mscorlib","ItemVariationsComponent.ItemVariationComponent":{"$type":"System.Collections.Concurrent.ConcurrentDictionary`2[[System.String, mscorlib],[System.Collections.Concurrent.ConcurrentDictionary`2[[System.String, mscorlib],[System.Collections.Generic.List`1[[Sitecore.Commerce.Core.Parameter, Sitecore.Commerce.Core]], mscorlib]], mscorlib]], mscorlib","56042385":{"$type":"System.Collections.Concurrent.ConcurrentDictionary`2[[System.String, mscorlib],[System.Collections.Generic.List`1[[Sitecore.Commerce.Core.Parameter, Sitecore.Commerce.Core]], mscorlib]], mscorlib","DisplayName":{"$type":"System.Collections.Generic.List`1[[Sitecore.Commerce.Core.Parameter, Sitecore.Commerce.Core]], mscorlib","$values":[{"$type":"Sitecore.Commerce.Core.Parameter, Sitecore.Commerce.Core","Key":"en-US","Value":"Habitat EXT Accessories—Microphone Kit for Smartphone "}]}}}},"Components":{"$type":"System.Collections.Generic.List`1[[Sitecore.Commerce.Core.Component, Sitecore.Commerce.Core]], mscorlib","$values":[]},"DateCreated":"2018-06-12T13:36:21.630284+00:00","DateUpdated":"2018-06-12T13:36:21.630284+00:00","DisplayName":"","Id":"Entity-LocalizationEntity-11ead8b87a1640dda0ceb1e1df4aadc6","Version":0,"IsPersisted":false,"Name":"","Policies":{"$type":"System.Collections.Generic.List`1[[Sitecore.Commerce.Core.Policy, Sitecore.Commerce.Core]], mscorlib","$values":[]}},{"$type":"Sitecore.Commerce.Core.LocalizationEntity, Sitecore.Commerce.Core","HasProperties":true,"HasComponentsProperties":true,"Properties":{"$type":"System.Collections.Concurrent.ConcurrentDictionary`2[[System.String, mscorlib],[System.Collections.Generic.List`1[[Sitecore.Commerce.Core.Parameter, Sitecore.Commerce.Core]], mscorlib]], mscorlib","Name":{"$type":"System.Collections.Generic.List`1[[Sitecore.Commerce.Core.Parameter, Sitecore.Commerce.Core]], mscorlib","$values":[{"$type":"Sitecore.Commerce.Core.Parameter, Sitecore.Commerce.Core","Key":"en-US","Value":"Women’s Smartphone Workout Bundle "}]},"Description":{"$type":"System.Collections.Generic.List`1[[Sitecore.Commerce.Core.Parameter, Sitecore.Commerce.Core]], mscorlib","$values":[{"$type":"Sitecore.Commerce.Core.Parameter, Sitecore.Commerce.Core","Key":"en-US","Value":"Helix’s EXT armband lets you concentrate on your workout, not your device. The female-sized adjustable closure provides superior fit and comfort while the clear window gives you full access to all your controls. With a slim design for smaller arms and sweat protection, this lightweight, breathable material is water-resistant and hand-washable. It fits snug against your arm to give you full protection against moisture without adding extra bulk."}]},"DisplayName":{"$type":"System.Collections.Generic.List`1[[Sitecore.Commerce.Core.Parameter, Sitecore.Commerce.Core]], mscorlib","$values":[{"$type":"Sitecore.Commerce.Core.Parameter, Sitecore.Commerce.Core","Key":"en-US","Value":"Women’s Smartphone Workout Bundle "}]}},"ComponentsProperties":{"$type":"System.Collections.Concurrent.ConcurrentDictionary`2[[System.String, mscorlib],[System.Collections.Concurrent.ConcurrentDictionary`2[[System.String, mscorlib],[System.Collections.Concurrent.ConcurrentDictionary`2[[System.String, mscorlib],[System.Collections.Generic.List`1[[Sitecore.Commerce.Core.Parameter, Sitecore.Commerce.Core]], mscorlib]], mscorlib]], mscorlib]], mscorlib","ItemVariationsComponent.ItemVariationComponent":{"$type":"System.Collections.Concurrent.ConcurrentDictionary`2[[System.String, mscorlib],[System.Collections.Concurrent.ConcurrentDictionary`2[[System.String, mscorlib],[System.Collections.Generic.List`1[[Sitecore.Commerce.Core.Parameter, Sitecore.Commerce.Core]], mscorlib]], mscorlib]], mscorlib","56042386":{"$type":"System.Collections.Concurrent.ConcurrentDictionary`2[[System.String, mscorlib],[System.Collections.Generic.List`1[[Sitecore.Commerce.Core.Parameter, Sitecore.Commerce.Core]], mscorlib]], mscorlib","DisplayName":{"$type":"System.Collections.Generic.List`1[[Sitecore.Commerce.Core.Parameter, Sitecore.Commerce.Core]], mscorlib","$values":[{"$type":"Sitecore.Commerce.Core.Parameter, Sitecore.Commerce.Core","Key":"en-US","Value":"Women’s Smartphone Workout Bundle "}]}}}},"Components":{"$type":"System.Collections.Generic.List`1[[Sitecore.Commerce.Core.Component, Sitecore.Commerce.Core]], mscorlib","$values":[]},"DateCreated":"2018-06-12T13:36:21.6312807+00:00","DateUpdated":"2018-06-12T13:36:21.6312807+00:00","DisplayName":"","Id":"Entity-LocalizationEntity-0b2220d8b97140e091071bdbc90dda7c","Version":0,"IsPersisted":false,"Name":"","Policies":{"$type":"System.Collections.Generic.List`1[[Sitecore.Commerce.Core.Policy, Sitecore.Commerce.Core]], mscorlib","$values":[]}},{"$type":"Sitecore.Commerce.Core.LocalizationEntity, Sitecore.Commerce.Core","HasProperties":true,"HasComponentsProperties":true,"Properties":{"$type":"System.Collections.Concurrent.ConcurrentDictionary`2[[System.String, mscorlib],[System.Collections.Generic.List`1[[Sitecore.Commerce.Core.Parameter, Sitecore.Commerce.Core]], mscorlib]], mscorlib","Name":{"$type":"System.Collections.Generic.List`1[[Sitecore.Commerce.Core.Parameter, Sitecore.Commerce.Core]], mscorlib","$values":[{"$type":"Sitecore.Commerce.Core.Parameter, Sitecore.Commerce.Core","Key":"en-US","Value":"Habitat EXT Accessories—4-in-1 USB Hub"}]},"Description":{"$type":"System.Collections.Generic.List`1[[Sitecore.Commerce.Core.Parameter, Sitecore.Commerce.Core]], mscorlib","$values":[{"$type":"Sitecore.Commerce.Core.Parameter, Sitecore.Commerce.Core","Key":"en-US","Value":"Compatible with USB compatible devices, this Helix EXT hub expands your tablet's USB port with 2 USB 3.0 ports, micro USB ports, a microSD slot and a multimedia card slot, so you can easily connect peripherals."}]},"DisplayName":{"$type":"System.Collections.Generic.List`1[[Sitecore.Commerce.Core.Parameter, Sitecore.Commerce.Core]], mscorlib","$values":[{"$type":"Sitecore.Commerce.Core.Parameter, Sitecore.Commerce.Core","Key":"en-US","Value":"Habitat EXT Accessories—4-in-1 USB Hub"}]}},"ComponentsProperties":{"$type":"System.Collections.Concurrent.ConcurrentDictionary`2[[System.String, mscorlib],[System.Collections.Concurrent.ConcurrentDictionary`2[[System.String, mscorlib],[System.Collections.Concurrent.ConcurrentDictionary`2[[System.String, mscorlib],[System.Collections.Generic.List`1[[Sitecore.Commerce.Core.Parameter, Sitecore.Commerce.Core]], mscorlib]], mscorlib]], mscorlib]], mscorlib","ItemVariationsComponent.ItemVariationComponent.DisplayPropertiesComponent":{"$type":"System.Collections.Concurrent.ConcurrentDictionary`2[[System.String, mscorlib],[System.Collections.Concurrent.ConcurrentDictionary`2[[System.String, mscorlib],[System.Collections.Generic.List`1[[Sitecore.Commerce.Core.Parameter, Sitecore.Commerce.Core]], mscorlib]], mscorlib]], mscorlib","aa24f4ab3894458fa4d8444b3b798865":{"$type":"System.Collections.Concurrent.ConcurrentDictionary`2[[System.String, mscorlib],[System.Collections.Generic.List`1[[Sitecore.Commerce.Core.Parameter, Sitecore.Commerce.Core]], mscorlib]], mscorlib","Color":{"$type":"System.Collections.Generic.List`1[[Sitecore.Commerce.Core.Parameter, Sitecore.Commerce.Core]], mscorlib","$values":[{"$type":"Sitecore.Commerce.Core.Parameter, Sitecore.Commerce.Core","Key":"en-US","Value":"Grey"}]}},"960dfb1db40e4a6086a2d16a3db97806":{"$type":"System.Collections.Concurrent.ConcurrentDictionary`2[[System.String, mscorlib],[System.Collections.Generic.List`1[[Sitecore.Commerce.Core.Parameter, Sitecore.Commerce.Core]], mscorlib]], mscorlib","Color":{"$type":"System.Collections.Generic.List`1[[Sitecore.Commerce.Core.Parameter, Sitecore.Commerce.Core]], mscorlib","$values":[{"$type":"Sitecore.Commerce.Core.Parameter, Sitecore.Commerce.Core","Key":"en-US","Value":"Teal"}]}},"a9fd9ce9745a4a4fbdb1636faea47f92":{"$type":"System.Collections.Concurrent.ConcurrentDictionary`2[[System.String, mscorlib],[System.Collections.Generic.List`1[[Sitecore.Commerce.Core.Parameter, Sitecore.Commerce.Core]], mscorlib]], mscorlib","Color":{"$type":"System.Collections.Generic.List`1[[Sitecore.Commerce.Core.Parameter, Sitecore.Commerce.Core]], mscorlib","$values":[{"$type":"Sitecore.Commerce.Core.Parameter, Sitecore.Commerce.Core","Key":"en-US","Value":"Orange"}]}}},"ItemVariationsComponent.ItemVariationComponent":{"$type":"System.Collections.Concurrent.ConcurrentDictionary`2[[System.String, mscorlib],[System.Collections.Concurrent.ConcurrentDictionary`2[[System.String, mscorlib],[System.Collections.Generic.List`1[[Sitecore.Commerce.Core.Parameter, Sitecore.Commerce.Core]], mscorlib]], mscorlib]], mscorlib","56042388":{"$type":"System.Collections.Concurrent.ConcurrentDictionary`2[[System.String, mscorlib],[System.Collections.Generic.List`1[[Sitecore.Commerce.Core.Parameter, Sitecore.Commerce.Core]], mscorlib]], mscorlib","DisplayName":{"$type":"System.Collections.Generic.List`1[[Sitecore.Commerce.Core.Parameter, Sitecore.Commerce.Core]], mscorlib","$values":[{"$type":"Sitecore.Commerce.Core.Parameter, Sitecore.Commerce.Core","Key":"en-US","Value":"Habitat EXT Accessories—4-in-1 USB Hub (Orange)"}]}},"56042389":{"$type":"System.Collections.Concurrent.ConcurrentDictionary`2[[System.String, mscorlib],[System.Collections.Generic.List`1[[Sitecore.Commerce.Core.Parameter, Sitecore.Commerce.Core]], mscorlib]], mscorlib","DisplayName":{"$type":"System.Collections.Generic.List`1[[Sitecore.Commerce.Core.Parameter, Sitecore.Commerce.Core]], mscorlib","$values":[{"$type":"Sitecore.Commerce.Core.Parameter, Sitecore.Commerce.Core","Key":"en-US","Value":"Habitat EXT Accessories—4-in-1 USB Hub (Teal)"}]}},"56042387":{"$type":"System.Collections.Concurrent.ConcurrentDictionary`2[[System.String, mscorlib],[System.Collections.Generic.List`1[[Sitecore.Commerce.Core.Parameter, Sitecore.Commerce.Core]], mscorlib]], mscorlib","DisplayName":{"$type":"System.Collections.Generic.List`1[[Sitecore.Commerce.Core.Parameter, Sitecore.Commerce.Core]], mscorlib","$values":[{"$type":"Sitecore.Commerce.Core.Parameter, Sitecore.Commerce.Core","Key":"en-US","Value":"Habitat EXT Accessories—4-in-1 USB Hub (Grey)"}]}}}},"Components":{"$type":"System.Collections.Generic.List`1[[Sitecore.Commerce.Core.Component, Sitecore.Commerce.Core]], mscorlib","$values":[]},"DateCreated":"2018-06-12T13:36:21.6332786+00:00","DateUpdated":"2018-06-12T13:36:21.6332786+00:00","DisplayName":"","Id":"Entity-LocalizationEntity-9222c9d719a043359f5b6f0aac6be427","Version":0,"IsPersisted":false,"Name":"","Policies":{"$type":"System.Collections.Generic.List`1[[Sitecore.Commerce.Core.Policy, Sitecore.Commerce.Core]], mscorlib","$values":[]}},{"$type":"Sitecore.Commerce.Core.LocalizationEntity, Sitecore.Commerce.Core","HasProperties":true,"HasComponentsProperties":false,"Properties":{"$type":"System.Collections.Concurrent.ConcurrentDictionary`2[[System.String, mscorlib],[System.Collections.Generic.List`1[[Sitecore.Commerce.Core.Parameter, Sitecore.Commerce.Core]], mscorlib]], mscorlib","DisplayName":{"$type":"System.Collections.Generic.List`1[[Sitecore.Commerce.Core.Parameter, Sitecore.Commerce.Core]], mscorlib","$values":[{"$type":"Sitecore.Commerce.Core.Parameter, Sitecore.Commerce.Core","Key":"ja-JP","Value":"Televisions"},{"$type":"Sitecore.Commerce.Core.Parameter, Sitecore.Commerce.Core","Key":"fr-FR","Value":"Televisions"},{"$type":"Sitecore.Commerce.Core.Parameter, Sitecore.Commerce.Core","Key":"en-US","Value":"Televisions"},{"$type":"Sitecore.Commerce.Core.Parameter, Sitecore.Commerce.Core","Key":"de-DE","Value":"Televisions"}]}},"ComponentsProperties":{"$type":"System.Collections.Concurrent.ConcurrentDictionary`2[[System.String, mscorlib],[System.Collections.Concurrent.ConcurrentDictionary`2[[System.String, mscorlib],[System.Collections.Concurrent.ConcurrentDictionary`2[[System.String, mscorlib],[System.Collections.Generic.List`1[[Sitecore.Commerce.Core.Parameter, Sitecore.Commerce.Core]], mscorlib]], mscorlib]], mscorlib]], mscorlib"},"Components":{"$type":"System.Collections.Generic.List`1[[Sitecore.Commerce.Core.Component, Sitecore.Commerce.Core]], mscorlib","$values":[]},"DateCreated":"2018-06-12T13:36:21.6342837+00:00","DateUpdated":"2018-06-12T13:36:21.6342837+00:00","DisplayName":"","Id":"Entity-LocalizationEntity-97840f4cc76e4206a2a266992c079cf2","Version":0,"IsPersisted":false,"Name":"","Policies":{"$type":"System.Collections.Generic.List`1[[Sitecore.Commerce.Core.Policy, Sitecore.Commerce.Core]], mscorlib","$values":[]}}]}