{"$type":"System.Collections.Generic.List`1[[Sitecore.Commerce.Core.LocalizationEntity, Sitecore.Commerce.Core]], mscorlib","$values":[{"$type":"Sitecore.Commerce.Core.LocalizationEntity, Sitecore.Commerce.Core","HasProperties":true,"HasComponentsProperties":true,"Properties":{"$type":"System.Collections.Concurrent.ConcurrentDictionary`2[[System.String, mscorlib],[System.Collections.Generic.List`1[[Sitecore.Commerce.Core.Parameter, Sitecore.Commerce.Core]], mscorlib]], mscorlib","Name":{"$type":"System.Collections.Generic.List`1[[Sitecore.Commerce.Core.Parameter, Sitecore.Commerce.Core]], mscorlib","$values":[{"$type":"Sitecore.Commerce.Core.Parameter, Sitecore.Commerce.Core","Key":"en-US","Value":"Optix Camera Bag II"}]},"Description":{"$type":"System.Collections.Generic.List`1[[Sitecore.Commerce.Core.Parameter, Sitecore.Commerce.Core]], mscorlib","$values":[{"$type":"Sitecore.Commerce.Core.Parameter, Sitecore.Commerce.Core","Key":"en-US","Value":"Organize your camera and photography gear in this Optix camera bag that features multidevice compartments to provide space for your equipment. The detachable shoulder strap helps provide comfort during use."}]},"DisplayName":{"$type":"System.Collections.Generic.List`1[[Sitecore.Commerce.Core.Parameter, Sitecore.Commerce.Core]], mscorlib","$values":[{"$type":"Sitecore.Commerce.Core.Parameter, Sitecore.Commerce.Core","Key":"en-US","Value":"Optix Camera Bag II"}]}},"ComponentsProperties":{"$type":"System.Collections.Concurrent.ConcurrentDictionary`2[[System.String, mscorlib],[System.Collections.Concurrent.ConcurrentDictionary`2[[System.String, mscorlib],[System.Collections.Concurrent.ConcurrentDictionary`2[[System.String, mscorlib],[System.Collections.Generic.List`1[[Sitecore.Commerce.Core.Parameter, Sitecore.Commerce.Core]], mscorlib]], mscorlib]], mscorlib]], mscorlib","ItemVariationsComponent.ItemVariationComponent":{"$type":"System.Collections.Concurrent.ConcurrentDictionary`2[[System.String, mscorlib],[System.Collections.Concurrent.ConcurrentDictionary`2[[System.String, mscorlib],[System.Collections.Generic.List`1[[Sitecore.Commerce.Core.Parameter, Sitecore.Commerce.Core]], mscorlib]], mscorlib]], mscorlib","57042162":{"$type":"System.Collections.Concurrent.ConcurrentDictionary`2[[System.String, mscorlib],[System.Collections.Generic.List`1[[Sitecore.Commerce.Core.Parameter, Sitecore.Commerce.Core]], mscorlib]], mscorlib","DisplayName":{"$type":"System.Collections.Generic.List`1[[Sitecore.Commerce.Core.Parameter, Sitecore.Commerce.Core]], mscorlib","$values":[{"$type":"Sitecore.Commerce.Core.Parameter, Sitecore.Commerce.Core","Key":"en-US","Value":"Optix Camera Bag II"}]}}}},"Components":{"$type":"System.Collections.Generic.List`1[[Sitecore.Commerce.Core.Component, Sitecore.Commerce.Core]], mscorlib","$values":[]},"DateCreated":"2018-06-12T13:36:20.7141928+00:00","DateUpdated":"2018-06-12T13:36:20.7141928+00:00","DisplayName":"","Id":"Entity-LocalizationEntity-e34afe53c6c44620977b30bd6a09ee60","Version":0,"IsPersisted":false,"Name":"","Policies":{"$type":"System.Collections.Generic.List`1[[Sitecore.Commerce.Core.Policy, Sitecore.Commerce.Core]], mscorlib","$values":[]}},{"$type":"Sitecore.Commerce.Core.LocalizationEntity, Sitecore.Commerce.Core","HasProperties":true,"HasComponentsProperties":true,"Properties":{"$type":"System.Collections.Concurrent.ConcurrentDictionary`2[[System.String, mscorlib],[System.Collections.Generic.List`1[[Sitecore.Commerce.Core.Parameter, Sitecore.Commerce.Core]], mscorlib]], mscorlib","Name":{"$type":"System.Collections.Generic.List`1[[Sitecore.Commerce.Core.Parameter, Sitecore.Commerce.Core]], mscorlib","$values":[{"$type":"Sitecore.Commerce.Core.Parameter, Sitecore.Commerce.Core","Key":"en-US","Value":"Optix Point and Shoot Camera Bag III"}]},"Description":{"$type":"System.Collections.Generic.List`1[[Sitecore.Commerce.Core.Parameter, Sitecore.Commerce.Core]], mscorlib","$values":[{"$type":"Sitecore.Commerce.Core.Parameter, Sitecore.Commerce.Core","Key":"en-US","Value":"This Optix case features water-resistant nylon material and a lightly padded interior to help guard your camera, mobile phone or other electronic device against damage. The quick-access compartment keeps useful items close at hand."}]},"DisplayName":{"$type":"System.Collections.Generic.List`1[[Sitecore.Commerce.Core.Parameter, Sitecore.Commerce.Core]], mscorlib","$values":[{"$type":"Sitecore.Commerce.Core.Parameter, Sitecore.Commerce.Core","Key":"en-US","Value":"Optix Point and Shoot Camera Bag III"}]}},"ComponentsProperties":{"$type":"System.Collections.Concurrent.ConcurrentDictionary`2[[System.String, mscorlib],[System.Collections.Concurrent.ConcurrentDictionary`2[[System.String, mscorlib],[System.Collections.Concurrent.ConcurrentDictionary`2[[System.String, mscorlib],[System.Collections.Generic.List`1[[Sitecore.Commerce.Core.Parameter, Sitecore.Commerce.Core]], mscorlib]], mscorlib]], mscorlib]], mscorlib","ItemVariationsComponent.ItemVariationComponent":{"$type":"System.Collections.Concurrent.ConcurrentDictionary`2[[System.String, mscorlib],[System.Collections.Concurrent.ConcurrentDictionary`2[[System.String, mscorlib],[System.Collections.Generic.List`1[[Sitecore.Commerce.Core.Parameter, Sitecore.Commerce.Core]], mscorlib]], mscorlib]], mscorlib","57042163":{"$type":"System.Collections.Concurrent.ConcurrentDictionary`2[[System.String, mscorlib],[System.Collections.Generic.List`1[[Sitecore.Commerce.Core.Parameter, Sitecore.Commerce.Core]], mscorlib]], mscorlib","DisplayName":{"$type":"System.Collections.Generic.List`1[[Sitecore.Commerce.Core.Parameter, Sitecore.Commerce.Core]], mscorlib","$values":[{"$type":"Sitecore.Commerce.Core.Parameter, Sitecore.Commerce.Core","Key":"en-US","Value":"Optix Point and Shoot Camera Bag III"}]}}}},"Components":{"$type":"System.Collections.Generic.List`1[[Sitecore.Commerce.Core.Component, Sitecore.Commerce.Core]], mscorlib","$values":[]},"DateCreated":"2018-06-12T13:36:20.7172095+00:00","DateUpdated":"2018-06-12T13:36:20.7172095+00:00","DisplayName":"","Id":"Entity-LocalizationEntity-3a0c143effb34e23a07fe57c222bb7e0","Version":0,"IsPersisted":false,"Name":"","Policies":{"$type":"System.Collections.Generic.List`1[[Sitecore.Commerce.Core.Policy, Sitecore.Commerce.Core]], mscorlib","$values":[]}},{"$type":"Sitecore.Commerce.Core.LocalizationEntity, Sitecore.Commerce.Core","HasProperties":true,"HasComponentsProperties":true,"Properties":{"$type":"System.Collections.Concurrent.ConcurrentDictionary`2[[System.String, mscorlib],[System.Collections.Generic.List`1[[Sitecore.Commerce.Core.Parameter, Sitecore.Commerce.Core]], mscorlib]], mscorlib","Name":{"$type":"System.Collections.Generic.List`1[[Sitecore.Commerce.Core.Parameter, Sitecore.Commerce.Core]], mscorlib","$values":[{"$type":"Sitecore.Commerce.Core.Parameter, Sitecore.Commerce.Core","Key":"en-US","Value":"Optix Camera Bag IV"}]},"Description":{"$type":"System.Collections.Generic.List`1[[Sitecore.Commerce.Core.Parameter, Sitecore.Commerce.Core]], mscorlib","$values":[{"$type":"Sitecore.Commerce.Core.Parameter, Sitecore.Commerce.Core","Key":"en-US","Value":"Organize your camera and photography gear in this Optix camera bag that features multidevice compartments to provide space for your equipment. The detachable shoulder strap helps provide comfort during use."}]},"DisplayName":{"$type":"System.Collections.Generic.List`1[[Sitecore.Commerce.Core.Parameter, Sitecore.Commerce.Core]], mscorlib","$values":[{"$type":"Sitecore.Commerce.Core.Parameter, Sitecore.Commerce.Core","Key":"en-US","Value":"Optix Camera Bag IV"}]}},"ComponentsProperties":{"$type":"System.Collections.Concurrent.ConcurrentDictionary`2[[System.String, mscorlib],[System.Collections.Concurrent.ConcurrentDictionary`2[[System.String, mscorlib],[System.Collections.Concurrent.ConcurrentDictionary`2[[System.String, mscorlib],[System.Collections.Generic.List`1[[Sitecore.Commerce.Core.Parameter, Sitecore.Commerce.Core]], mscorlib]], mscorlib]], mscorlib]], mscorlib","ItemVariationsComponent.ItemVariationComponent":{"$type":"System.Collections.Concurrent.ConcurrentDictionary`2[[System.String, mscorlib],[System.Collections.Concurrent.ConcurrentDictionary`2[[System.String, mscorlib],[System.Collections.Generic.List`1[[Sitecore.Commerce.Core.Parameter, Sitecore.Commerce.Core]], mscorlib]], mscorlib]], mscorlib","57042164":{"$type":"System.Collections.Concurrent.ConcurrentDictionary`2[[System.String, mscorlib],[System.Collections.Generic.List`1[[Sitecore.Commerce.Core.Parameter, Sitecore.Commerce.Core]], mscorlib]], mscorlib","DisplayName":{"$type":"System.Collections.Generic.List`1[[Sitecore.Commerce.Core.Parameter, Sitecore.Commerce.Core]], mscorlib","$values":[{"$type":"Sitecore.Commerce.Core.Parameter, Sitecore.Commerce.Core","Key":"en-US","Value":"Optix Camera Bag IV"}]}}}},"Components":{"$type":"System.Collections.Generic.List`1[[Sitecore.Commerce.Core.Component, Sitecore.Commerce.Core]], mscorlib","$values":[]},"DateCreated":"2018-06-12T13:36:20.7201951+00:00","DateUpdated":"2018-06-12T13:36:20.7201951+00:00","DisplayName":"","Id":"Entity-LocalizationEntity-887f9d33166648438a3344e90bbf19f6","Version":0,"IsPersisted":false,"Name":"","Policies":{"$type":"System.Collections.Generic.List`1[[Sitecore.Commerce.Core.Policy, Sitecore.Commerce.Core]], mscorlib","$values":[]}},{"$type":"Sitecore.Commerce.Core.LocalizationEntity, Sitecore.Commerce.Core","HasProperties":true,"HasComponentsProperties":true,"Properties":{"$type":"System.Collections.Concurrent.ConcurrentDictionary`2[[System.String, mscorlib],[System.Collections.Generic.List`1[[Sitecore.Commerce.Core.Parameter, Sitecore.Commerce.Core]], mscorlib]], mscorlib","Name":{"$type":"System.Collections.Generic.List`1[[Sitecore.Commerce.Core.Parameter, Sitecore.Commerce.Core]], mscorlib","$values":[{"$type":"Sitecore.Commerce.Core.Parameter, Sitecore.Commerce.Core","Key":"en-US","Value":"Optix Wireless Shutter Remote"}]},"Description":{"$type":"System.Collections.Generic.List`1[[Sitecore.Commerce.Core.Parameter, Sitecore.Commerce.Core]], mscorlib","$values":[{"$type":"Sitecore.Commerce.Core.Parameter, Sitecore.Commerce.Core","Key":"en-US","Value":"This Optix wireless control is compatible with select Helix Optix DSLR cameras and activates the shutter remotely to virtually eliminate vibration caused by manual shutter depression."}]},"DisplayName":{"$type":"System.Collections.Generic.List`1[[Sitecore.Commerce.Core.Parameter, Sitecore.Commerce.Core]], mscorlib","$values":[{"$type":"Sitecore.Commerce.Core.Parameter, Sitecore.Commerce.Core","Key":"en-US","Value":"Optix Wireless Shutter Remote"}]}},"ComponentsProperties":{"$type":"System.Collections.Concurrent.ConcurrentDictionary`2[[System.String, mscorlib],[System.Collections.Concurrent.ConcurrentDictionary`2[[System.String, mscorlib],[System.Collections.Concurrent.ConcurrentDictionary`2[[System.String, mscorlib],[System.Collections.Generic.List`1[[Sitecore.Commerce.Core.Parameter, Sitecore.Commerce.Core]], mscorlib]], mscorlib]], mscorlib]], mscorlib","ItemVariationsComponent.ItemVariationComponent":{"$type":"System.Collections.Concurrent.ConcurrentDictionary`2[[System.String, mscorlib],[System.Collections.Concurrent.ConcurrentDictionary`2[[System.String, mscorlib],[System.Collections.Generic.List`1[[Sitecore.Commerce.Core.Parameter, Sitecore.Commerce.Core]], mscorlib]], mscorlib]], mscorlib","57042165":{"$type":"System.Collections.Concurrent.ConcurrentDictionary`2[[System.String, mscorlib],[System.Collections.Generic.List`1[[Sitecore.Commerce.Core.Parameter, Sitecore.Commerce.Core]], mscorlib]], mscorlib","DisplayName":{"$type":"System.Collections.Generic.List`1[[Sitecore.Commerce.Core.Parameter, Sitecore.Commerce.Core]], mscorlib","$values":[{"$type":"Sitecore.Commerce.Core.Parameter, Sitecore.Commerce.Core","Key":"en-US","Value":"Optix Wireless Shutter Remote"}]}}}},"Components":{"$type":"System.Collections.Generic.List`1[[Sitecore.Commerce.Core.Component, Sitecore.Commerce.Core]], mscorlib","$values":[]},"DateCreated":"2018-06-12T13:36:20.7221947+00:00","DateUpdated":"2018-06-12T13:36:20.7221947+00:00","DisplayName":"","Id":"Entity-LocalizationEntity-d06ee38e5ee148c59723fd21d422cb05","Version":0,"IsPersisted":false,"Name":"","Policies":{"$type":"System.Collections.Generic.List`1[[Sitecore.Commerce.Core.Policy, Sitecore.Commerce.Core]], mscorlib","$values":[]}},{"$type":"Sitecore.Commerce.Core.LocalizationEntity, Sitecore.Commerce.Core","HasProperties":true,"HasComponentsProperties":true,"Properties":{"$type":"System.Collections.Concurrent.ConcurrentDictionary`2[[System.String, mscorlib],[System.Collections.Generic.List`1[[Sitecore.Commerce.Core.Parameter, Sitecore.Commerce.Core]], mscorlib]], mscorlib","Name":{"$type":"System.Collections.Generic.List`1[[Sitecore.Commerce.Core.Parameter, Sitecore.Commerce.Core]], mscorlib","$values":[{"$type":"Sitecore.Commerce.Core.Parameter, Sitecore.Commerce.Core","Key":"en-US","Value":"Optix Live View Remote—Wifi"}]},"Description":{"$type":"System.Collections.Generic.List`1[[Sitecore.Commerce.Core.Parameter, Sitecore.Commerce.Core]], mscorlib","$values":[{"$type":"Sitecore.Commerce.Core.Parameter, Sitecore.Commerce.Core","Key":"en-US","Value":"This Optix wireless control is compatible with select Helix Optix DSLR cameras and activates the shutter remotely while give you a sneak peek at the image you’re about to capture. "}]},"DisplayName":{"$type":"System.Collections.Generic.List`1[[Sitecore.Commerce.Core.Parameter, Sitecore.Commerce.Core]], mscorlib","$values":[{"$type":"Sitecore.Commerce.Core.Parameter, Sitecore.Commerce.Core","Key":"en-US","Value":"Optix Live View Remote—Wifi"}]}},"ComponentsProperties":{"$type":"System.Collections.Concurrent.ConcurrentDictionary`2[[System.String, mscorlib],[System.Collections.Concurrent.ConcurrentDictionary`2[[System.String, mscorlib],[System.Collections.Concurrent.ConcurrentDictionary`2[[System.String, mscorlib],[System.Collections.Generic.List`1[[Sitecore.Commerce.Core.Parameter, Sitecore.Commerce.Core]], mscorlib]], mscorlib]], mscorlib]], mscorlib","ItemVariationsComponent.ItemVariationComponent":{"$type":"System.Collections.Concurrent.ConcurrentDictionary`2[[System.String, mscorlib],[System.Collections.Concurrent.ConcurrentDictionary`2[[System.String, mscorlib],[System.Collections.Generic.List`1[[Sitecore.Commerce.Core.Parameter, Sitecore.Commerce.Core]], mscorlib]], mscorlib]], mscorlib","57042166":{"$type":"System.Collections.Concurrent.ConcurrentDictionary`2[[System.String, mscorlib],[System.Collections.Generic.List`1[[Sitecore.Commerce.Core.Parameter, Sitecore.Commerce.Core]], mscorlib]], mscorlib","DisplayName":{"$type":"System.Collections.Generic.List`1[[Sitecore.Commerce.Core.Parameter, Sitecore.Commerce.Core]], mscorlib","$values":[{"$type":"Sitecore.Commerce.Core.Parameter, Sitecore.Commerce.Core","Key":"en-US","Value":"Optix Live View Remote—Wifi"}]}}}},"Components":{"$type":"System.Collections.Generic.List`1[[Sitecore.Commerce.Core.Component, Sitecore.Commerce.Core]], mscorlib","$values":[]},"DateCreated":"2018-06-12T13:36:20.7231917+00:00","DateUpdated":"2018-06-12T13:36:20.7231917+00:00","DisplayName":"","Id":"Entity-LocalizationEntity-a7659242acff4b3f9f346d9b6afad41c","Version":0,"IsPersisted":false,"Name":"","Policies":{"$type":"System.Collections.Generic.List`1[[Sitecore.Commerce.Core.Policy, Sitecore.Commerce.Core]], mscorlib","$values":[]}},{"$type":"Sitecore.Commerce.Core.LocalizationEntity, Sitecore.Commerce.Core","HasProperties":true,"HasComponentsProperties":false,"Properties":{"$type":"System.Collections.Concurrent.ConcurrentDictionary`2[[System.String, mscorlib],[System.Collections.Generic.List`1[[Sitecore.Commerce.Core.Parameter, Sitecore.Commerce.Core]], mscorlib]], mscorlib","DisplayName":{"$type":"System.Collections.Generic.List`1[[Sitecore.Commerce.Core.Parameter, Sitecore.Commerce.Core]], mscorlib","$values":[{"$type":"Sitecore.Commerce.Core.Parameter, Sitecore.Commerce.Core","Key":"ja-JP","Value":"Warranties and Services"},{"$type":"Sitecore.Commerce.Core.Parameter, Sitecore.Commerce.Core","Key":"fr-FR","Value":"Warranties and Services"},{"$type":"Sitecore.Commerce.Core.Parameter, Sitecore.Commerce.Core","Key":"en-US","Value":"Warranties and Services"},{"$type":"Sitecore.Commerce.Core.Parameter, Sitecore.Commerce.Core","Key":"de-DE","Value":"Warranties and Services"}]}},"ComponentsProperties":{"$type":"System.Collections.Concurrent.ConcurrentDictionary`2[[System.String, mscorlib],[System.Collections.Concurrent.ConcurrentDictionary`2[[System.String, mscorlib],[System.Collections.Concurrent.ConcurrentDictionary`2[[System.String, mscorlib],[System.Collections.Generic.List`1[[Sitecore.Commerce.Core.Parameter, Sitecore.Commerce.Core]], mscorlib]], mscorlib]], mscorlib]], mscorlib"},"Components":{"$type":"System.Collections.Generic.List`1[[Sitecore.Commerce.Core.Component, Sitecore.Commerce.Core]], mscorlib","$values":[]},"DateCreated":"2018-06-12T13:36:20.7251935+00:00","DateUpdated":"2018-06-12T13:36:20.7251935+00:00","DisplayName":"","Id":"Entity-LocalizationEntity-35396d5fea5644e8a4538872c58e4461","Version":0,"IsPersisted":false,"Name":"","Policies":{"$type":"System.Collections.Generic.List`1[[Sitecore.Commerce.Core.Policy, Sitecore.Commerce.Core]], mscorlib","$values":[]}},{"$type":"Sitecore.Commerce.Core.LocalizationEntity, Sitecore.Commerce.Core","HasProperties":true,"HasComponentsProperties":true,"Properties":{"$type":"System.Collections.Concurrent.ConcurrentDictionary`2[[System.String, mscorlib],[System.Collections.Generic.List`1[[Sitecore.Commerce.Core.Parameter, Sitecore.Commerce.Core]], mscorlib]], mscorlib","Name":{"$type":"System.Collections.Generic.List`1[[Sitecore.Commerce.Core.Parameter, Sitecore.Commerce.Core]], mscorlib","$values":[{"$type":"Sitecore.Commerce.Core.Parameter, Sitecore.Commerce.Core","Key":"en-US","Value":"HabitatPro—Online Digital Camera Training"}]},"Description":{"$type":"System.Collections.Generic.List`1[[Sitecore.Commerce.Core.Parameter, Sitecore.Commerce.Core]], mscorlib","$values":[{"$type":"Sitecore.Commerce.Core.Parameter, Sitecore.Commerce.Core","Key":"en-US","Value":"If you need help with setting up and learning the basics of your new camera or camcorder, take HelixPro’s Online Training course and we’ll help get you started. A HelixPro professor will remotely connect to your computer, 24 hours a day, seven days a week and spend approximately 60 minutes installing software and teaching you how to get the most of your new camera or camcorder."}]},"DisplayName":{"$type":"System.Collections.Generic.List`1[[Sitecore.Commerce.Core.Parameter, Sitecore.Commerce.Core]], mscorlib","$values":[{"$type":"Sitecore.Commerce.Core.Parameter, Sitecore.Commerce.Core","Key":"en-US","Value":"HabitatPro—Online Digital Camera Training"}]}},"ComponentsProperties":{"$type":"System.Collections.Concurrent.ConcurrentDictionary`2[[System.String, mscorlib],[System.Collections.Concurrent.ConcurrentDictionary`2[[System.String, mscorlib],[System.Collections.Concurrent.ConcurrentDictionary`2[[System.String, mscorlib],[System.Collections.Generic.List`1[[Sitecore.Commerce.Core.Parameter, Sitecore.Commerce.Core]], mscorlib]], mscorlib]], mscorlib]], mscorlib","ItemVariationsComponent.ItemVariationComponent":{"$type":"System.Collections.Concurrent.ConcurrentDictionary`2[[System.String, mscorlib],[System.Collections.Concurrent.ConcurrentDictionary`2[[System.String, mscorlib],[System.Collections.Generic.List`1[[Sitecore.Commerce.Core.Parameter, Sitecore.Commerce.Core]], mscorlib]], mscorlib]], mscorlib","57042167":{"$type":"System.Collections.Concurrent.ConcurrentDictionary`2[[System.String, mscorlib],[System.Collections.Generic.List`1[[Sitecore.Commerce.Core.Parameter, Sitecore.Commerce.Core]], mscorlib]], mscorlib","DisplayName":{"$type":"System.Collections.Generic.List`1[[Sitecore.Commerce.Core.Parameter, Sitecore.Commerce.Core]], mscorlib","$values":[{"$type":"Sitecore.Commerce.Core.Parameter, Sitecore.Commerce.Core","Key":"en-US","Value":"HabitatPro—Online Digital Camera Training"}]}}}},"Components":{"$type":"System.Collections.Generic.List`1[[Sitecore.Commerce.Core.Component, Sitecore.Commerce.Core]], mscorlib","$values":[]},"DateCreated":"2018-06-12T13:36:20.7281952+00:00","DateUpdated":"2018-06-12T13:36:20.7281952+00:00","DisplayName":"","Id":"Entity-LocalizationEntity-4e7523be86c947e98843ea33ea400b75","Version":0,"IsPersisted":false,"Name":"","Policies":{"$type":"System.Collections.Generic.List`1[[Sitecore.Commerce.Core.Policy, Sitecore.Commerce.Core]], mscorlib","$values":[]}},{"$type":"Sitecore.Commerce.Core.LocalizationEntity, Sitecore.Commerce.Core","HasProperties":true,"HasComponentsProperties":true,"Properties":{"$type":"System.Collections.Concurrent.ConcurrentDictionary`2[[System.String, mscorlib],[System.Collections.Generic.List`1[[Sitecore.Commerce.Core.Parameter, Sitecore.Commerce.Core]], mscorlib]], mscorlib","Name":{"$type":"System.Collections.Generic.List`1[[Sitecore.Commerce.Core.Parameter, Sitecore.Commerce.Core]], mscorlib","$values":[{"$type":"Sitecore.Commerce.Core.Parameter, Sitecore.Commerce.Core","Key":"en-US","Value":"HabitatPro—Online Digital Camcorder Training"}]},"Description":{"$type":"System.Collections.Generic.List`1[[Sitecore.Commerce.Core.Parameter, Sitecore.Commerce.Core]], mscorlib","$values":[{"$type":"Sitecore.Commerce.Core.Parameter, Sitecore.Commerce.Core","Key":"en-US","Value":"If you need help with setting up and learning the basics of your new camera or camcorder, take HelixPro’s Online Training course and we’ll help get you started. A HelixPro professor will remotely connect to your computer, 24 hours a day, seven days a week and spend approximately 60 minutes installing software and teaching you how to get the most of your new camera or camcorder."}]},"DisplayName":{"$type":"System.Collections.Generic.List`1[[Sitecore.Commerce.Core.Parameter, Sitecore.Commerce.Core]], mscorlib","$values":[{"$type":"Sitecore.Commerce.Core.Parameter, Sitecore.Commerce.Core","Key":"en-US","Value":"HabitatPro—Online Digital Camcorder Training"}]}},"ComponentsProperties":{"$type":"System.Collections.Concurrent.ConcurrentDictionary`2[[System.String, mscorlib],[System.Collections.Concurrent.ConcurrentDictionary`2[[System.String, mscorlib],[System.Collections.Concurrent.ConcurrentDictionary`2[[System.String, mscorlib],[System.Collections.Generic.List`1[[Sitecore.Commerce.Core.Parameter, Sitecore.Commerce.Core]], mscorlib]], mscorlib]], mscorlib]], mscorlib","ItemVariationsComponent.ItemVariationComponent":{"$type":"System.Collections.Concurrent.ConcurrentDictionary`2[[System.String, mscorlib],[System.Collections.Concurrent.ConcurrentDictionary`2[[System.String, mscorlib],[System.Collections.Generic.List`1[[Sitecore.Commerce.Core.Parameter, Sitecore.Commerce.Core]], mscorlib]], mscorlib]], mscorlib","57042168":{"$type":"System.Collections.Concurrent.ConcurrentDictionary`2[[System.String, mscorlib],[System.Collections.Generic.List`1[[Sitecore.Commerce.Core.Parameter, Sitecore.Commerce.Core]], mscorlib]], mscorlib","DisplayName":{"$type":"System.Collections.Generic.List`1[[Sitecore.Commerce.Core.Parameter, Sitecore.Commerce.Core]], mscorlib","$values":[{"$type":"Sitecore.Commerce.Core.Parameter, Sitecore.Commerce.Core","Key":"en-US","Value":"HabitatPro—Online Digital Camcorder Training"}]}}}},"Components":{"$type":"System.Collections.Generic.List`1[[Sitecore.Commerce.Core.Component, Sitecore.Commerce.Core]], mscorlib","$values":[]},"DateCreated":"2018-06-12T13:36:20.7301944+00:00","DateUpdated":"2018-06-12T13:36:20.7301944+00:00","DisplayName":"","Id":"Entity-LocalizationEntity-703863b32be942179d1a66d2724936a6","Version":0,"IsPersisted":false,"Name":"","Policies":{"$type":"System.Collections.Generic.List`1[[Sitecore.Commerce.Core.Policy, Sitecore.Commerce.Core]], mscorlib","$values":[]}},{"$type":"Sitecore.Commerce.Core.LocalizationEntity, Sitecore.Commerce.Core","HasProperties":true,"HasComponentsProperties":true,"Properties":{"$type":"System.Collections.Concurrent.ConcurrentDictionary`2[[System.String, mscorlib],[System.Collections.Generic.List`1[[Sitecore.Commerce.Core.Parameter, Sitecore.Commerce.Core]], mscorlib]], mscorlib","Name":{"$type":"System.Collections.Generic.List`1[[Sitecore.Commerce.Core.Parameter, Sitecore.Commerce.Core]], mscorlib","$values":[{"$type":"Sitecore.Commerce.Core.Parameter, Sitecore.Commerce.Core","Key":"en-US","Value":"HabitatPro Camera Protection"}]},"Description":{"$type":"System.Collections.Generic.List`1[[Sitecore.Commerce.Core.Parameter, Sitecore.Commerce.Core]], mscorlib","$values":[{"$type":"Sitecore.Commerce.Core.Parameter, Sitecore.Commerce.Core","Key":"en-US","Value":"Manufacturer warranties only cover you for so long. HelixPro Service Protection Warranties extend and expand your coverage from 3 to 7 years. "}]},"DisplayName":{"$type":"System.Collections.Generic.List`1[[Sitecore.Commerce.Core.Parameter, Sitecore.Commerce.Core]], mscorlib","$values":[{"$type":"Sitecore.Commerce.Core.Parameter, Sitecore.Commerce.Core","Key":"en-US","Value":"HabitatPro Camera Protection"}]}},"ComponentsProperties":{"$type":"System.Collections.Concurrent.ConcurrentDictionary`2[[System.String, mscorlib],[System.Collections.Concurrent.ConcurrentDictionary`2[[System.String, mscorlib],[System.Collections.Concurrent.ConcurrentDictionary`2[[System.String, mscorlib],[System.Collections.Generic.List`1[[Sitecore.Commerce.Core.Parameter, Sitecore.Commerce.Core]], mscorlib]], mscorlib]], mscorlib]], mscorlib","ItemVariationsComponent.ItemVariationComponent.DisplayPropertiesComponent":{"$type":"System.Collections.Concurrent.ConcurrentDictionary`2[[System.String, mscorlib],[System.Collections.Concurrent.ConcurrentDictionary`2[[System.String, mscorlib],[System.Collections.Generic.List`1[[Sitecore.Commerce.Core.Parameter, Sitecore.Commerce.Core]], mscorlib]], mscorlib]], mscorlib","15dea40838694ae6ac8a9bbfe497c5be":{"$type":"System.Collections.Concurrent.ConcurrentDictionary`2[[System.String, mscorlib],[System.Collections.Generic.List`1[[Sitecore.Commerce.Core.Parameter, Sitecore.Commerce.Core]], mscorlib]], mscorlib","Size":{"$type":"System.Collections.Generic.List`1[[Sitecore.Commerce.Core.Parameter, Sitecore.Commerce.Core]], mscorlib","$values":[{"$type":"Sitecore.Commerce.Core.Parameter, Sitecore.Commerce.Core","Key":"en-US","Value":"1 Year Extended Warranty"}]}},"fffd3e9f882c4485bc44949eeb71c425":{"$type":"System.Collections.Concurrent.ConcurrentDictionary`2[[System.String, mscorlib],[System.Collections.Generic.List`1[[Sitecore.Commerce.Core.Parameter, Sitecore.Commerce.Core]], mscorlib]], mscorlib","Size":{"$type":"System.Collections.Generic.List`1[[Sitecore.Commerce.Core.Parameter, Sitecore.Commerce.Core]], mscorlib","$values":[{"$type":"Sitecore.Commerce.Core.Parameter, Sitecore.Commerce.Core","Key":"en-US","Value":"3 Year Extended Warranty"}]}},"d8044f2d205c4fc6bb78e98589d22c3e":{"$type":"System.Collections.Concurrent.ConcurrentDictionary`2[[System.String, mscorlib],[System.Collections.Generic.List`1[[Sitecore.Commerce.Core.Parameter, Sitecore.Commerce.Core]], mscorlib]], mscorlib","Size":{"$type":"System.Collections.Generic.List`1[[Sitecore.Commerce.Core.Parameter, Sitecore.Commerce.Core]], mscorlib","$values":[{"$type":"Sitecore.Commerce.Core.Parameter, Sitecore.Commerce.Core","Key":"en-US","Value":"3 Year Warranty"}]}},"babd6791e5b1447fa5554e0561413b60":{"$type":"System.Collections.Concurrent.ConcurrentDictionary`2[[System.String, mscorlib],[System.Collections.Generic.List`1[[Sitecore.Commerce.Core.Parameter, Sitecore.Commerce.Core]], mscorlib]], mscorlib","Size":{"$type":"System.Collections.Generic.List`1[[Sitecore.Commerce.Core.Parameter, Sitecore.Commerce.Core]], mscorlib","$values":[{"$type":"Sitecore.Commerce.Core.Parameter, Sitecore.Commerce.Core","Key":"en-US","Value":"5 Year Warranty"}]}},"13050f2d4a204cf4a367d7b7e50d9804":{"$type":"System.Collections.Concurrent.ConcurrentDictionary`2[[System.String, mscorlib],[System.Collections.Generic.List`1[[Sitecore.Commerce.Core.Parameter, Sitecore.Commerce.Core]], mscorlib]], mscorlib","Size":{"$type":"System.Collections.Generic.List`1[[Sitecore.Commerce.Core.Parameter, Sitecore.Commerce.Core]], mscorlib","$values":[{"$type":"Sitecore.Commerce.Core.Parameter, Sitecore.Commerce.Core","Key":"en-US","Value":"2 Year Extended Warranty"}]}},"c331afc1eee7463b87c8889f15084bed":{"$type":"System.Collections.Concurrent.ConcurrentDictionary`2[[System.String, mscorlib],[System.Collections.Generic.List`1[[Sitecore.Commerce.Core.Parameter, Sitecore.Commerce.Core]], mscorlib]], mscorlib","Size":{"$type":"System.Collections.Generic.List`1[[Sitecore.Commerce.Core.Parameter, Sitecore.Commerce.Core]], mscorlib","$values":[{"$type":"Sitecore.Commerce.Core.Parameter, Sitecore.Commerce.Core","Key":"en-US","Value":"7 Year Warranty"}]}}},"ItemVariationsComponent.ItemVariationComponent":{"$type":"System.Collections.Concurrent.ConcurrentDictionary`2[[System.String, mscorlib],[System.Collections.Concurrent.ConcurrentDictionary`2[[System.String, mscorlib],[System.Collections.Generic.List`1[[Sitecore.Commerce.Core.Parameter, Sitecore.Commerce.Core]], mscorlib]], mscorlib]], mscorlib","57042171":{"$type":"System.Collections.Concurrent.ConcurrentDictionary`2[[System.String, mscorlib],[System.Collections.Generic.List`1[[Sitecore.Commerce.Core.Parameter, Sitecore.Commerce.Core]], mscorlib]], mscorlib","DisplayName":{"$type":"System.Collections.Generic.List`1[[Sitecore.Commerce.Core.Parameter, Sitecore.Commerce.Core]], mscorlib","$values":[{"$type":"Sitecore.Commerce.Core.Parameter, Sitecore.Commerce.Core","Key":"en-US","Value":"HabitatPro Camera Protection (7 Year Warranty)"}]}},"57042170":{"$type":"System.Collections.Concurrent.ConcurrentDictionary`2[[System.String, mscorlib],[System.Collections.Generic.List`1[[Sitecore.Commerce.Core.Parameter, Sitecore.Commerce.Core]], mscorlib]], mscorlib","DisplayName":{"$type":"System.Collections.Generic.List`1[[Sitecore.Commerce.Core.Parameter, Sitecore.Commerce.Core]], mscorlib","$values":[{"$type":"Sitecore.Commerce.Core.Parameter, Sitecore.Commerce.Core","Key":"en-US","Value":"HabitatPro Camera Protection (5 Year Warranty)"}]}},"57042169":{"$type":"System.Collections.Concurrent.ConcurrentDictionary`2[[System.String, mscorlib],[System.Collections.Generic.List`1[[Sitecore.Commerce.Core.Parameter, Sitecore.Commerce.Core]], mscorlib]], mscorlib","DisplayName":{"$type":"System.Collections.Generic.List`1[[Sitecore.Commerce.Core.Parameter, Sitecore.Commerce.Core]], mscorlib","$values":[{"$type":"Sitecore.Commerce.Core.Parameter, Sitecore.Commerce.Core","Key":"en-US","Value":"HabitatPro Camera Protection (3 Year Warranty)"}]}},"57042174":{"$type":"System.Collections.Concurrent.ConcurrentDictionary`2[[System.String, mscorlib],[System.Collections.Generic.List`1[[Sitecore.Commerce.Core.Parameter, Sitecore.Commerce.Core]], mscorlib]], mscorlib","DisplayName":{"$type":"System.Collections.Generic.List`1[[Sitecore.Commerce.Core.Parameter, Sitecore.Commerce.Core]], mscorlib","$values":[{"$type":"Sitecore.Commerce.Core.Parameter, Sitecore.Commerce.Core","Key":"en-US","Value":"HabitatPro Camera Protection (3 Year Extended Warranty)"}]}},"57042173":{"$type":"System.Collections.Concurrent.ConcurrentDictionary`2[[System.String, mscorlib],[System.Collections.Generic.List`1[[Sitecore.Commerce.Core.Parameter, Sitecore.Commerce.Core]], mscorlib]], mscorlib","DisplayName":{"$type":"System.Collections.Generic.List`1[[Sitecore.Commerce.Core.Parameter, Sitecore.Commerce.Core]], mscorlib","$values":[{"$type":"Sitecore.Commerce.Core.Parameter, Sitecore.Commerce.Core","Key":"en-US","Value":"HabitatPro Camera Protection (2 Year Extended Warranty)"}]}},"57042172":{"$type":"System.Collections.Concurrent.ConcurrentDictionary`2[[System.String, mscorlib],[System.Collections.Generic.List`1[[Sitecore.Commerce.Core.Parameter, Sitecore.Commerce.Core]], mscorlib]], mscorlib","DisplayName":{"$type":"System.Collections.Generic.List`1[[Sitecore.Commerce.Core.Parameter, Sitecore.Commerce.Core]], mscorlib","$values":[{"$type":"Sitecore.Commerce.Core.Parameter, Sitecore.Commerce.Core","Key":"en-US","Value":"HabitatPro Camera Protection (1 Year Extended Warranty)"}]}}}},"Components":{"$type":"System.Collections.Generic.List`1[[Sitecore.Commerce.Core.Component, Sitecore.Commerce.Core]], mscorlib","$values":[]},"DateCreated":"2018-06-12T13:36:20.7321945+00:00","DateUpdated":"2018-06-12T13:36:20.7321945+00:00","DisplayName":"","Id":"Entity-LocalizationEntity-b0932e83f0e04ac3b1b47a8a50f7380d","Version":0,"IsPersisted":false,"Name":"","Policies":{"$type":"System.Collections.Generic.List`1[[Sitecore.Commerce.Core.Policy, Sitecore.Commerce.Core]], mscorlib","$values":[]}},{"$type":"Sitecore.Commerce.Core.LocalizationEntity, Sitecore.Commerce.Core","HasProperties":true,"HasComponentsProperties":false,"Properties":{"$type":"System.Collections.Concurrent.ConcurrentDictionary`2[[System.String, mscorlib],[System.Collections.Generic.List`1[[Sitecore.Commerce.Core.Parameter, Sitecore.Commerce.Core]], mscorlib]], mscorlib","DisplayName":{"$type":"System.Collections.Generic.List`1[[Sitecore.Commerce.Core.Parameter, Sitecore.Commerce.Core]], mscorlib","$values":[{"$type":"Sitecore.Commerce.Core.Parameter, Sitecore.Commerce.Core","Key":"ja-JP","Value":"Computers and Tablets"},{"$type":"Sitecore.Commerce.Core.Parameter, Sitecore.Commerce.Core","Key":"fr-FR","Value":"Computers and Tablets"},{"$type":"Sitecore.Commerce.Core.Parameter, Sitecore.Commerce.Core","Key":"en-US","Value":"Computers and Tablets"},{"$type":"Sitecore.Commerce.Core.Parameter, Sitecore.Commerce.Core","Key":"de-DE","Value":"Computers and Tablets"}]}},"ComponentsProperties":{"$type":"System.Collections.Concurrent.ConcurrentDictionary`2[[System.String, mscorlib],[System.Collections.Concurrent.ConcurrentDictionary`2[[System.String, mscorlib],[System.Collections.Concurrent.ConcurrentDictionary`2[[System.String, mscorlib],[System.Collections.Generic.List`1[[Sitecore.Commerce.Core.Parameter, Sitecore.Commerce.Core]], mscorlib]], mscorlib]], mscorlib]], mscorlib"},"Components":{"$type":"System.Collections.Generic.List`1[[Sitecore.Commerce.Core.Component, Sitecore.Commerce.Core]], mscorlib","$values":[]},"DateCreated":"2018-06-12T13:36:20.7341937+00:00","DateUpdated":"2018-06-12T13:36:20.7341937+00:00","DisplayName":"","Id":"Entity-LocalizationEntity-0462c4ff9c4b4956983ada2c221cccd4","Version":0,"IsPersisted":false,"Name":"","Policies":{"$type":"System.Collections.Generic.List`1[[Sitecore.Commerce.Core.Policy, Sitecore.Commerce.Core]], mscorlib","$values":[]}}]}