{"$type":"System.Collections.Generic.List`1[[Sitecore.Commerce.Plugin.Catalog.RelationshipDefinition, Sitecore.Commerce.Plugin.Catalog]], mscorlib","$values":[{"$type":"Sitecore.Commerce.Plugin.Catalog.RelationshipDefinition, Sitecore.Commerce.Plugin.Catalog","RelationshipDescription":"InstallationSellableItemToSellableItem","SourceType":"Sitecore.Commerce.Plugin.Catalog.SellableItem, Sitecore.Commerce.Plugin.Catalog","TargetType":"Sitecore.Commerce.Plugin.Catalog.SellableItem, Sitecore.Commerce.Plugin.Catalog","RenderList":true,"Components":{"$type":"System.Collections.Generic.List`1[[Sitecore.Commerce.Core.Component, Sitecore.Commerce.Core]], mscorlib","$values":[]},"DateCreated":"2018-06-12T13:36:19.9531169+00:00","DateUpdated":"2018-06-12T13:36:19.9531169+00:00","DisplayName":"InstallationSellableItemToSellableItem","FriendlyId":"InstallationSellableItemToSellableItem","Id":"Entity-RelationshipDefinition-InstallationSellableItemToSellableItem","Version":0,"IsPersisted":false,"Name":"InstallationSellableItemToSellableItem","Policies":{"$type":"System.Collections.Generic.List`1[[Sitecore.Commerce.Core.Policy, Sitecore.Commerce.Core]], mscorlib","$values":[]}},{"$type":"Sitecore.Commerce.Plugin.Catalog.RelationshipDefinition, Sitecore.Commerce.Plugin.Catalog","RelationshipDescription":"RelatedSellableItemToSellableItem","SourceType":"Sitecore.Commerce.Plugin.Catalog.SellableItem, Sitecore.Commerce.Plugin.Catalog","TargetType":"Sitecore.Commerce.Plugin.Catalog.SellableItem, Sitecore.Commerce.Plugin.Catalog","RenderList":true,"Components":{"$type":"System.Collections.Generic.List`1[[Sitecore.Commerce.Core.Component, Sitecore.Commerce.Core]], mscorlib","$values":[]},"DateCreated":"2018-06-12T13:36:19.9571337+00:00","DateUpdated":"2018-06-12T13:36:19.9571337+00:00","DisplayName":"RelatedSellableItemToSellableItem","FriendlyId":"RelatedSellableItemToSellableItem","Id":"Entity-RelationshipDefinition-RelatedSellableItemToSellableItem","Version":0,"IsPersisted":false,"Name":"RelatedSellableItemToSellableItem","Policies":{"$type":"System.Collections.Generic.List`1[[Sitecore.Commerce.Core.Policy, Sitecore.Commerce.Core]], mscorlib","$values":[]}},{"$type":"Sitecore.Commerce.Plugin.Catalog.RelationshipDefinition, Sitecore.Commerce.Plugin.Catalog","RelationshipDescription":"WarrantySellableItemToSellableItem","SourceType":"Sitecore.Commerce.Plugin.Catalog.SellableItem, Sitecore.Commerce.Plugin.Catalog","TargetType":"Sitecore.Commerce.Plugin.Catalog.SellableItem, Sitecore.Commerce.Plugin.Catalog","RenderList":true,"Components":{"$type":"System.Collections.Generic.List`1[[Sitecore.Commerce.Core.Component, Sitecore.Commerce.Core]], mscorlib","$values":[]},"DateCreated":"2018-06-12T13:36:19.9571337+00:00","DateUpdated":"2018-06-12T13:36:19.9571337+00:00","DisplayName":"WarrantySellableItemToSellableItem","FriendlyId":"WarrantySellableItemToSellableItem","Id":"Entity-RelationshipDefinition-WarrantySellableItemToSellableItem","Version":0,"IsPersisted":false,"Name":"WarrantySellableItemToSellableItem","Policies":{"$type":"System.Collections.Generic.List`1[[Sitecore.Commerce.Core.Policy, Sitecore.Commerce.Core]], mscorlib","$values":[]}},{"$type":"Sitecore.Commerce.Plugin.Catalog.RelationshipDefinition, Sitecore.Commerce.Plugin.Catalog","RelationshipDescription":"TrainingSellableItemToSellableItem","SourceType":"Sitecore.Commerce.Plugin.Catalog.SellableItem, Sitecore.Commerce.Plugin.Catalog","TargetType":"Sitecore.Commerce.Plugin.Catalog.SellableItem, Sitecore.Commerce.Plugin.Catalog","RenderList":true,"Components":{"$type":"System.Collections.Generic.List`1[[Sitecore.Commerce.Core.Component, Sitecore.Commerce.Core]], mscorlib","$values":[]},"DateCreated":"2018-06-12T13:36:20.4071638+00:00","DateUpdated":"2018-06-12T13:36:20.4071638+00:00","DisplayName":"TrainingSellableItemToSellableItem","FriendlyId":"TrainingSellableItemToSellableItem","Id":"Entity-RelationshipDefinition-TrainingSellableItemToSellableItem","Version":0,"IsPersisted":false,"Name":"TrainingSellableItemToSellableItem","Policies":{"$type":"System.Collections.Generic.List`1[[Sitecore.Commerce.Core.Policy, Sitecore.Commerce.Core]], mscorlib","$values":[]}}]}