{"$type":"System.Collections.Generic.List`1[[Sitecore.Commerce.Plugin.Catalog.SellableItem, Sitecore.Commerce.Plugin.Catalog]], mscorlib","$values":[{"$type":"Sitecore.Commerce.Plugin.Catalog.SellableItem, Sitecore.Commerce.Plugin.Catalog","Description":"With Helix’s Dimensions 3D TV Series you can watch your favorite shows, movies and video clips in striking detail, enhanced with boosted contrast and real-time color enhancement. As well, all of these TVs come ready for full 3D experience. ","ProductId":"6042295","Brand":"Dimensions 3D HDTVs","Manufacturer":"","TypeOfGood":"","Tags":{"$type":"System.Collections.Generic.List`1[[Sitecore.Commerce.Core.Tag, Sitecore.Commerce.Core]], mscorlib","$values":[{"$type":"Sitecore.Commerce.Core.Tag, Sitecore.Commerce.Core","Excluded":false,"Name":"75inch","Policies":{"$type":"System.Collections.Generic.List`1[[Sitecore.Commerce.Core.Policy, Sitecore.Commerce.Core]], mscorlib","$values":[]}},{"$type":"Sitecore.Commerce.Core.Tag, Sitecore.Commerce.Core","Excluded":false,"Name":"3d","Policies":{"$type":"System.Collections.Generic.List`1[[Sitecore.Commerce.Core.Policy, Sitecore.Commerce.Core]], mscorlib","$values":[]}},{"$type":"Sitecore.Commerce.Core.Tag, Sitecore.Commerce.Core","Excluded":false,"Name":"hdtv","Policies":{"$type":"System.Collections.Generic.List`1[[Sitecore.Commerce.Core.Policy, Sitecore.Commerce.Core]], mscorlib","$values":[]}},{"$type":"Sitecore.Commerce.Core.Tag, Sitecore.Commerce.Core","Excluded":false,"Name":"dimensions","Policies":{"$type":"System.Collections.Generic.List`1[[Sitecore.Commerce.Core.Policy, Sitecore.Commerce.Core]], mscorlib","$values":[]}},{"$type":"Sitecore.Commerce.Core.Tag, Sitecore.Commerce.Core","Excluded":false,"Name":"led","Policies":{"$type":"System.Collections.Generic.List`1[[Sitecore.Commerce.Core.Policy, Sitecore.Commerce.Core]], mscorlib","$values":[]}}]},"SitecoreId":"1ad6d690-cd63-e551-fe72-59988ee06607","ParentCatalogList":"59ddadc1-9b88-727e-9e14-3f6cf321ae0f","ParentCategoryList":"9c13fb93-c115-34ea-e2a1-6d4f315591ed|526cffae-176c-49cf-cf7e-e0c0bd92b6ca","Components":{"$type":"System.Collections.Generic.List`1[[Sitecore.Commerce.Core.Component, Sitecore.Commerce.Core]], mscorlib","$values":[{"$type":"Sitecore.Commerce.Plugin.Catalog.CatalogsComponent, Sitecore.Commerce.Plugin.Catalog","Id":"f3f8103bb5bd4e47af2076a8d84ad9d0","Name":"","Comments":"","Policies":{"$type":"System.Collections.Generic.List`1[[Sitecore.Commerce.Core.Policy, Sitecore.Commerce.Core]], mscorlib","$values":[]},"ChildComponents":{"$type":"System.Collections.Generic.List`1[[Sitecore.Commerce.Core.Component, Sitecore.Commerce.Core]], mscorlib","$values":[{"$type":"Sitecore.Commerce.Plugin.Catalog.CatalogComponent, Sitecore.Commerce.Plugin.Catalog","ChildCategories":{"$type":"System.Collections.Generic.List`1[[Sitecore.Commerce.Plugin.Catalog.Category, Sitecore.Commerce.Plugin.Catalog]], mscorlib","$values":[]},"CatalogLanguages":{"$type":"System.Collections.Generic.List`1[[Sitecore.Commerce.Core.Language, Sitecore.Commerce.Core]], mscorlib","$values":[]},"ItemDefinition":"Product","Id":"809a379bf3cb4e06a6bba3c85348eeb3","Name":"Habitat_Master","Comments":"","Policies":{"$type":"System.Collections.Generic.List`1[[Sitecore.Commerce.Core.Policy, Sitecore.Commerce.Core]], mscorlib","$values":[]},"ChildComponents":{"$type":"System.Collections.Generic.List`1[[Sitecore.Commerce.Core.Component, Sitecore.Commerce.Core]], mscorlib","$values":[]}}]}},{"$type":"Sitecore.Commerce.Core.MessagesComponent, Sitecore.Commerce.Core","Messages":{"$type":"System.Collections.Generic.List`1[[Sitecore.Commerce.Core.MessageModel, Sitecore.Commerce.Core]], mscorlib","$values":[{"$type":"Sitecore.Commerce.Core.MessageModel, Sitecore.Commerce.Core","Code":"MigrationMessage","Text":"Migrated from product with ProductId='6042295' in catalog 'Habitat_Master'","Id":"9dd6f45235714d28bfbf5365b3da1fd7"}]},"Id":"79180798d6374462981c776d0e9da54c","Name":"","Comments":"","Policies":{"$type":"System.Collections.Generic.List`1[[Sitecore.Commerce.Core.Policy, Sitecore.Commerce.Core]], mscorlib","$values":[]},"ChildComponents":{"$type":"System.Collections.Generic.List`1[[Sitecore.Commerce.Core.Component, Sitecore.Commerce.Core]], mscorlib","$values":[]}},{"$type":"Sitecore.Commerce.Plugin.Catalog.ImagesComponent, Sitecore.Commerce.Plugin.Catalog","Images":{"$type":"System.Collections.Generic.List`1[[System.String, mscorlib]], mscorlib","$values":["866d0f8b-6361-4e13-a2d6-b1782c8f2bd1"]},"Id":"70f4dc1f011f4ea88b7e4adc27c66b4f","Name":"","Comments":"","Policies":{"$type":"System.Collections.Generic.List`1[[Sitecore.Commerce.Core.Policy, Sitecore.Commerce.Core]], mscorlib","$values":[]},"ChildComponents":{"$type":"System.Collections.Generic.List`1[[Sitecore.Commerce.Core.Component, Sitecore.Commerce.Core]], mscorlib","$values":[]}},{"$type":"Sitecore.Commerce.Core.LocalizedEntityComponent, Sitecore.Commerce.Core","Entity":{"$type":"Sitecore.Commerce.Core.EntityReference, Sitecore.Commerce.Core","Name":"","EntityTarget":"Entity-LocalizationEntity-b7c6095ed5494c87ba04ec5d5e034eb1","Policies":{"$type":"System.Collections.Generic.List`1[[Sitecore.Commerce.Core.Policy, Sitecore.Commerce.Core]], mscorlib","$values":[]}},"Id":"6e3f92e61daf4acaacf0de2bc772e8de","Name":"","Comments":"","Policies":{"$type":"System.Collections.Generic.List`1[[Sitecore.Commerce.Core.Policy, Sitecore.Commerce.Core]], mscorlib","$values":[]},"ChildComponents":{"$type":"System.Collections.Generic.List`1[[Sitecore.Commerce.Core.Component, Sitecore.Commerce.Core]], mscorlib","$values":[]}},{"$type":"Sitecore.Commerce.Plugin.Catalog.ItemVariationsComponent, Sitecore.Commerce.Plugin.Catalog","Id":"63785886732b477485548c69c448da64","Name":"","Comments":"","Policies":{"$type":"System.Collections.Generic.List`1[[Sitecore.Commerce.Core.Policy, Sitecore.Commerce.Core]], mscorlib","$values":[]},"ChildComponents":{"$type":"System.Collections.Generic.List`1[[Sitecore.Commerce.Core.Component, Sitecore.Commerce.Core]], mscorlib","$values":[{"$type":"Sitecore.Commerce.Plugin.Catalog.ItemVariationComponent, Sitecore.Commerce.Plugin.Catalog","DisplayName":"Habitat Dimensions 75” 3D HDTV","Description":"","Tags":{"$type":"System.Collections.Generic.List`1[[Sitecore.Commerce.Core.Tag, Sitecore.Commerce.Core]], mscorlib","$values":[{"$type":"Sitecore.Commerce.Core.Tag, Sitecore.Commerce.Core","Excluded":false,"Name":"75inch","Policies":{"$type":"System.Collections.Generic.List`1[[Sitecore.Commerce.Core.Policy, Sitecore.Commerce.Core]], mscorlib","$values":[]}},{"$type":"Sitecore.Commerce.Core.Tag, Sitecore.Commerce.Core","Excluded":false,"Name":"3d","Policies":{"$type":"System.Collections.Generic.List`1[[Sitecore.Commerce.Core.Policy, Sitecore.Commerce.Core]], mscorlib","$values":[]}},{"$type":"Sitecore.Commerce.Core.Tag, Sitecore.Commerce.Core","Excluded":false,"Name":"hdtv","Policies":{"$type":"System.Collections.Generic.List`1[[Sitecore.Commerce.Core.Policy, Sitecore.Commerce.Core]], mscorlib","$values":[]}},{"$type":"Sitecore.Commerce.Core.Tag, Sitecore.Commerce.Core","Excluded":false,"Name":"dimensions","Policies":{"$type":"System.Collections.Generic.List`1[[Sitecore.Commerce.Core.Policy, Sitecore.Commerce.Core]], mscorlib","$values":[]}},{"$type":"Sitecore.Commerce.Core.Tag, Sitecore.Commerce.Core","Excluded":false,"Name":"led","Policies":{"$type":"System.Collections.Generic.List`1[[Sitecore.Commerce.Core.Policy, Sitecore.Commerce.Core]], mscorlib","$values":[]}}]},"Disabled":false,"Id":"56042295","Name":"Habitat Dimensions 75” 3D HDTV","Comments":"","Policies":{"$type":"System.Collections.Generic.List`1[[Sitecore.Commerce.Core.Policy, Sitecore.Commerce.Core]], mscorlib","$values":[{"$type":"Sitecore.Commerce.Plugin.Pricing.ListPricingPolicy, Sitecore.Commerce.Plugin.Pricing","Prices":{"$type":"System.Collections.Generic.List`1[[Sitecore.Commerce.Core.Money, Sitecore.Commerce.Core]], mscorlib","$values":[{"$type":"Sitecore.Commerce.Core.Money, Sitecore.Commerce.Core","CurrencyCode":"USD","Amount":2499.9900}]},"PolicyId":"a7bc9333b25e472088669756c128e8b9","Models":{"$type":"System.Collections.Generic.List`1[[Sitecore.Commerce.Core.Model, Sitecore.Commerce.Core]], mscorlib","$values":[]}}]},"ChildComponents":{"$type":"System.Collections.Generic.List`1[[Sitecore.Commerce.Core.Component, Sitecore.Commerce.Core]], mscorlib","$values":[{"$type":"Sitecore.Commerce.Plugin.Catalog.ImagesComponent, Sitecore.Commerce.Plugin.Catalog","Images":{"$type":"System.Collections.Generic.List`1[[System.String, mscorlib]], mscorlib","$values":["866d0f8b-6361-4e13-a2d6-b1782c8f2bd1"]},"Id":"c55f1495713040e993823ac6a5aef45e","Name":"","Comments":"","Policies":{"$type":"System.Collections.Generic.List`1[[Sitecore.Commerce.Core.Policy, Sitecore.Commerce.Core]], mscorlib","$values":[]},"ChildComponents":{"$type":"System.Collections.Generic.List`1[[Sitecore.Commerce.Core.Component, Sitecore.Commerce.Core]], mscorlib","$values":[]}},{"$type":"Sitecore.Commerce.Plugin.Inventory.InventoryComponent, Sitecore.Commerce.Plugin.Inventory","InventoryAssociations":{"$type":"System.Collections.Generic.List`1[[Sitecore.Commerce.Plugin.Inventory.InventoryAssociation, Sitecore.Commerce.Plugin.Inventory]], mscorlib","$values":[{"$type":"Sitecore.Commerce.Plugin.Inventory.InventoryAssociation, Sitecore.Commerce.Plugin.Inventory","InventoryInformation":{"$type":"Sitecore.Commerce.Core.EntityReference, Sitecore.Commerce.Core","Name":"","EntityTarget":"Entity-InventoryInformation-Habitat_Inventory-6042295-56042295","Policies":{"$type":"System.Collections.Generic.List`1[[Sitecore.Commerce.Core.Policy, Sitecore.Commerce.Core]], mscorlib","$values":[]}},"InventorySet":{"$type":"Sitecore.Commerce.Core.EntityReference, Sitecore.Commerce.Core","Name":"","EntityTarget":"Entity-InventorySet-Habitat_Inventory","Policies":{"$type":"System.Collections.Generic.List`1[[Sitecore.Commerce.Core.Policy, Sitecore.Commerce.Core]], mscorlib","$values":[]}},"Name":"","Policies":{"$type":"System.Collections.Generic.List`1[[Sitecore.Commerce.Core.Policy, Sitecore.Commerce.Core]], mscorlib","$values":[]}}]},"Id":"1af6f350a35146a8aeb962f7142792bc","Name":"","Comments":"","Policies":{"$type":"System.Collections.Generic.List`1[[Sitecore.Commerce.Core.Policy, Sitecore.Commerce.Core]], mscorlib","$values":[]},"ChildComponents":{"$type":"System.Collections.Generic.List`1[[Sitecore.Commerce.Core.Component, Sitecore.Commerce.Core]], mscorlib","$values":[]}}]}}]}}]},"DateCreated":"2018-06-12T13:36:21.7273088+00:00","DateUpdated":"2017-02-14T22:24:30+00:00","DisplayName":"Habitat Dimensions 75” 3D HDTV","FriendlyId":"6042295","Id":"Entity-SellableItem-6042295","Version":0,"IsPersisted":false,"Name":"Habitat Dimensions 75” 3D HDTV","Policies":{"$type":"System.Collections.Generic.List`1[[Sitecore.Commerce.Core.Policy, Sitecore.Commerce.Core]], mscorlib","$values":[{"$type":"Sitecore.Commerce.Plugin.Pricing.ListPricingPolicy, Sitecore.Commerce.Plugin.Pricing","Prices":{"$type":"System.Collections.Generic.List`1[[Sitecore.Commerce.Core.Money, Sitecore.Commerce.Core]], mscorlib","$values":[{"$type":"Sitecore.Commerce.Core.Money, Sitecore.Commerce.Core","CurrencyCode":"USD","Amount":2499.9900}]},"PolicyId":"272c6ca5cc1743408ec283cc82e9f583","Models":{"$type":"System.Collections.Generic.List`1[[Sitecore.Commerce.Core.Model, Sitecore.Commerce.Core]], mscorlib","$values":[]}}]}},{"$type":"Sitecore.Commerce.Plugin.Catalog.SellableItem, Sitecore.Commerce.Plugin.Catalog","Description":"Manufacturer warranties only cover you for so long. HelixPro Service Protection Warranties extend and expand your coverage from 3 to 7 years. ","ProductId":"6042299","Brand":"HelixPro Services","Manufacturer":"","TypeOfGood":"","Tags":{"$type":"System.Collections.Generic.List`1[[Sitecore.Commerce.Core.Tag, Sitecore.Commerce.Core]], mscorlib","$values":[{"$type":"Sitecore.Commerce.Core.Tag, Sitecore.Commerce.Core","Excluded":false,"Name":"protectionplans","Policies":{"$type":"System.Collections.Generic.List`1[[Sitecore.Commerce.Core.Policy, Sitecore.Commerce.Core]], mscorlib","$values":[]}},{"$type":"Sitecore.Commerce.Core.Tag, Sitecore.Commerce.Core","Excluded":false,"Name":"warranty","Policies":{"$type":"System.Collections.Generic.List`1[[Sitecore.Commerce.Core.Policy, Sitecore.Commerce.Core]], mscorlib","$values":[]}},{"$type":"Sitecore.Commerce.Core.Tag, Sitecore.Commerce.Core","Excluded":false,"Name":"habitatpro","Policies":{"$type":"System.Collections.Generic.List`1[[Sitecore.Commerce.Core.Policy, Sitecore.Commerce.Core]], mscorlib","$values":[]}},{"$type":"Sitecore.Commerce.Core.Tag, Sitecore.Commerce.Core","Excluded":false,"Name":"services","Policies":{"$type":"System.Collections.Generic.List`1[[Sitecore.Commerce.Core.Policy, Sitecore.Commerce.Core]], mscorlib","$values":[]}},{"$type":"Sitecore.Commerce.Core.Tag, Sitecore.Commerce.Core","Excluded":false,"Name":"3years","Policies":{"$type":"System.Collections.Generic.List`1[[Sitecore.Commerce.Core.Policy, Sitecore.Commerce.Core]], mscorlib","$values":[]}},{"$type":"Sitecore.Commerce.Core.Tag, Sitecore.Commerce.Core","Excluded":false,"Name":"entitlement","Policies":{"$type":"System.Collections.Generic.List`1[[Sitecore.Commerce.Core.Policy, Sitecore.Commerce.Core]], mscorlib","$values":[]}}]},"SitecoreId":"ef47cacd-3c81-9919-3049-398b0a206b06","ParentCatalogList":"59ddadc1-9b88-727e-9e14-3f6cf321ae0f","ParentCategoryList":"a736352a-f944-ee4d-37c7-1c18d995bb4f","Components":{"$type":"System.Collections.Generic.List`1[[Sitecore.Commerce.Core.Component, Sitecore.Commerce.Core]], mscorlib","$values":[{"$type":"Sitecore.Commerce.Plugin.Catalog.CatalogsComponent, Sitecore.Commerce.Plugin.Catalog","Id":"243308f15bc04a4cad577625172ee274","Name":"","Comments":"","Policies":{"$type":"System.Collections.Generic.List`1[[Sitecore.Commerce.Core.Policy, Sitecore.Commerce.Core]], mscorlib","$values":[]},"ChildComponents":{"$type":"System.Collections.Generic.List`1[[Sitecore.Commerce.Core.Component, Sitecore.Commerce.Core]], mscorlib","$values":[{"$type":"Sitecore.Commerce.Plugin.Catalog.CatalogComponent, Sitecore.Commerce.Plugin.Catalog","ChildCategories":{"$type":"System.Collections.Generic.List`1[[Sitecore.Commerce.Plugin.Catalog.Category, Sitecore.Commerce.Plugin.Catalog]], mscorlib","$values":[]},"CatalogLanguages":{"$type":"System.Collections.Generic.List`1[[Sitecore.Commerce.Core.Language, Sitecore.Commerce.Core]], mscorlib","$values":[]},"ItemDefinition":"Warranty","Id":"7572561173f64deba5ad6edf7d96ce51","Name":"Habitat_Master","Comments":"","Policies":{"$type":"System.Collections.Generic.List`1[[Sitecore.Commerce.Core.Policy, Sitecore.Commerce.Core]], mscorlib","$values":[]},"ChildComponents":{"$type":"System.Collections.Generic.List`1[[Sitecore.Commerce.Core.Component, Sitecore.Commerce.Core]], mscorlib","$values":[]}}]}},{"$type":"Sitecore.Commerce.Core.MessagesComponent, Sitecore.Commerce.Core","Messages":{"$type":"System.Collections.Generic.List`1[[Sitecore.Commerce.Core.MessageModel, Sitecore.Commerce.Core]], mscorlib","$values":[{"$type":"Sitecore.Commerce.Core.MessageModel, Sitecore.Commerce.Core","Code":"MigrationMessage","Text":"Migrated from product with ProductId='6042299' in catalog 'Habitat_Master'","Id":"15dff13bd60a45629ee97ba141721880"}]},"Id":"79eda2289d08460cb23eac304593aeb5","Name":"","Comments":"","Policies":{"$type":"System.Collections.Generic.List`1[[Sitecore.Commerce.Core.Policy, Sitecore.Commerce.Core]], mscorlib","$values":[]},"ChildComponents":{"$type":"System.Collections.Generic.List`1[[Sitecore.Commerce.Core.Component, Sitecore.Commerce.Core]], mscorlib","$values":[]}},{"$type":"Sitecore.Commerce.Plugin.Catalog.ImagesComponent, Sitecore.Commerce.Plugin.Catalog","Images":{"$type":"System.Collections.Generic.List`1[[System.String, mscorlib]], mscorlib","$values":["2f23a3c1-ac96-45ec-9a3b-feb6554fbdbf"]},"Id":"b4abdfe5390f4487aed4bdcc97891233","Name":"","Comments":"","Policies":{"$type":"System.Collections.Generic.List`1[[Sitecore.Commerce.Core.Policy, Sitecore.Commerce.Core]], mscorlib","$values":[]},"ChildComponents":{"$type":"System.Collections.Generic.List`1[[Sitecore.Commerce.Core.Component, Sitecore.Commerce.Core]], mscorlib","$values":[]}},{"$type":"Sitecore.Commerce.Core.LocalizedEntityComponent, Sitecore.Commerce.Core","Entity":{"$type":"Sitecore.Commerce.Core.EntityReference, Sitecore.Commerce.Core","Name":"","EntityTarget":"Entity-LocalizationEntity-8626a94ee72e4342a748d41c185df7d9","Policies":{"$type":"System.Collections.Generic.List`1[[Sitecore.Commerce.Core.Policy, Sitecore.Commerce.Core]], mscorlib","$values":[]}},"Id":"ecb7f05214354fe3bfc8a5a3fa7604c8","Name":"","Comments":"","Policies":{"$type":"System.Collections.Generic.List`1[[Sitecore.Commerce.Core.Policy, Sitecore.Commerce.Core]], mscorlib","$values":[]},"ChildComponents":{"$type":"System.Collections.Generic.List`1[[Sitecore.Commerce.Core.Component, Sitecore.Commerce.Core]], mscorlib","$values":[]}},{"$type":"Sitecore.Commerce.Plugin.Catalog.ItemVariationsComponent, Sitecore.Commerce.Plugin.Catalog","Id":"1f6b7041f68c4b258a3dcc35912ae3da","Name":"","Comments":"","Policies":{"$type":"System.Collections.Generic.List`1[[Sitecore.Commerce.Core.Policy, Sitecore.Commerce.Core]], mscorlib","$values":[]},"ChildComponents":{"$type":"System.Collections.Generic.List`1[[Sitecore.Commerce.Core.Component, Sitecore.Commerce.Core]], mscorlib","$values":[{"$type":"Sitecore.Commerce.Plugin.Catalog.ItemVariationComponent, Sitecore.Commerce.Plugin.Catalog","DisplayName":"HabitatPro Television Protection (3 Year Warranty)","Description":"","Tags":{"$type":"System.Collections.Generic.List`1[[Sitecore.Commerce.Core.Tag, Sitecore.Commerce.Core]], mscorlib","$values":[{"$type":"Sitecore.Commerce.Core.Tag, Sitecore.Commerce.Core","Excluded":false,"Name":"protectionplans","Policies":{"$type":"System.Collections.Generic.List`1[[Sitecore.Commerce.Core.Policy, Sitecore.Commerce.Core]], mscorlib","$values":[]}},{"$type":"Sitecore.Commerce.Core.Tag, Sitecore.Commerce.Core","Excluded":false,"Name":"warranty","Policies":{"$type":"System.Collections.Generic.List`1[[Sitecore.Commerce.Core.Policy, Sitecore.Commerce.Core]], mscorlib","$values":[]}},{"$type":"Sitecore.Commerce.Core.Tag, Sitecore.Commerce.Core","Excluded":false,"Name":"habitatpro","Policies":{"$type":"System.Collections.Generic.List`1[[Sitecore.Commerce.Core.Policy, Sitecore.Commerce.Core]], mscorlib","$values":[]}},{"$type":"Sitecore.Commerce.Core.Tag, Sitecore.Commerce.Core","Excluded":false,"Name":"services","Policies":{"$type":"System.Collections.Generic.List`1[[Sitecore.Commerce.Core.Policy, Sitecore.Commerce.Core]], mscorlib","$values":[]}},{"$type":"Sitecore.Commerce.Core.Tag, Sitecore.Commerce.Core","Excluded":false,"Name":"3years","Policies":{"$type":"System.Collections.Generic.List`1[[Sitecore.Commerce.Core.Policy, Sitecore.Commerce.Core]], mscorlib","$values":[]}},{"$type":"Sitecore.Commerce.Core.Tag, Sitecore.Commerce.Core","Excluded":false,"Name":"entitlement","Policies":{"$type":"System.Collections.Generic.List`1[[Sitecore.Commerce.Core.Policy, Sitecore.Commerce.Core]], mscorlib","$values":[]}}]},"Disabled":false,"Id":"56042299","Name":"HabitatPro Television Protection (3 Year Warranty)","Comments":"","Policies":{"$type":"System.Collections.Generic.List`1[[Sitecore.Commerce.Core.Policy, Sitecore.Commerce.Core]], mscorlib","$values":[{"$type":"Sitecore.Commerce.Plugin.Pricing.ListPricingPolicy, Sitecore.Commerce.Plugin.Pricing","Prices":{"$type":"System.Collections.Generic.List`1[[Sitecore.Commerce.Core.Money, Sitecore.Commerce.Core]], mscorlib","$values":[{"$type":"Sitecore.Commerce.Core.Money, Sitecore.Commerce.Core","CurrencyCode":"USD","Amount":149.9900}]},"PolicyId":"a29e36ab462c4ed783c0c9be3b5c9f46","Models":{"$type":"System.Collections.Generic.List`1[[Sitecore.Commerce.Core.Model, Sitecore.Commerce.Core]], mscorlib","$values":[]}}]},"ChildComponents":{"$type":"System.Collections.Generic.List`1[[Sitecore.Commerce.Core.Component, Sitecore.Commerce.Core]], mscorlib","$values":[{"$type":"Sitecore.Commerce.Plugin.Catalog.ImagesComponent, Sitecore.Commerce.Plugin.Catalog","Images":{"$type":"System.Collections.Generic.List`1[[System.String, mscorlib]], mscorlib","$values":["2f23a3c1-ac96-45ec-9a3b-feb6554fbdbf"]},"Id":"c0b7ffa18ea44d67837f9cb6afebd8e9","Name":"","Comments":"","Policies":{"$type":"System.Collections.Generic.List`1[[Sitecore.Commerce.Core.Policy, Sitecore.Commerce.Core]], mscorlib","$values":[]},"ChildComponents":{"$type":"System.Collections.Generic.List`1[[Sitecore.Commerce.Core.Component, Sitecore.Commerce.Core]], mscorlib","$values":[]}},{"$type":"Sitecore.Commerce.Plugin.Catalog.DisplayPropertiesComponent, Sitecore.Commerce.Plugin.Catalog","DisambiguatingDescription":"","DisplayOnSite":false,"DisplayInProductList":false,"Color":"","Size":"3 Year Warranty","Style":"","Id":"190ee43e77384d30b5514784f4837f48","Name":"","Comments":"","Policies":{"$type":"System.Collections.Generic.List`1[[Sitecore.Commerce.Core.Policy, Sitecore.Commerce.Core]], mscorlib","$values":[]},"ChildComponents":{"$type":"System.Collections.Generic.List`1[[Sitecore.Commerce.Core.Component, Sitecore.Commerce.Core]], mscorlib","$values":[]}},{"$type":"Sitecore.Commerce.Plugin.Inventory.InventoryComponent, Sitecore.Commerce.Plugin.Inventory","InventoryAssociations":{"$type":"System.Collections.Generic.List`1[[Sitecore.Commerce.Plugin.Inventory.InventoryAssociation, Sitecore.Commerce.Plugin.Inventory]], mscorlib","$values":[{"$type":"Sitecore.Commerce.Plugin.Inventory.InventoryAssociation, Sitecore.Commerce.Plugin.Inventory","InventoryInformation":{"$type":"Sitecore.Commerce.Core.EntityReference, Sitecore.Commerce.Core","Name":"","EntityTarget":"Entity-InventoryInformation-Habitat_Inventory-6042299-56042299","Policies":{"$type":"System.Collections.Generic.List`1[[Sitecore.Commerce.Core.Policy, Sitecore.Commerce.Core]], mscorlib","$values":[]}},"InventorySet":{"$type":"Sitecore.Commerce.Core.EntityReference, Sitecore.Commerce.Core","Name":"","EntityTarget":"Entity-InventorySet-Habitat_Inventory","Policies":{"$type":"System.Collections.Generic.List`1[[Sitecore.Commerce.Core.Policy, Sitecore.Commerce.Core]], mscorlib","$values":[]}},"Name":"","Policies":{"$type":"System.Collections.Generic.List`1[[Sitecore.Commerce.Core.Policy, Sitecore.Commerce.Core]], mscorlib","$values":[]}}]},"Id":"2f924df58f8745dcae15ce718b9a858d","Name":"","Comments":"","Policies":{"$type":"System.Collections.Generic.List`1[[Sitecore.Commerce.Core.Policy, Sitecore.Commerce.Core]], mscorlib","$values":[]},"ChildComponents":{"$type":"System.Collections.Generic.List`1[[Sitecore.Commerce.Core.Component, Sitecore.Commerce.Core]], mscorlib","$values":[]}}]}},{"$type":"Sitecore.Commerce.Plugin.Catalog.ItemVariationComponent, Sitecore.Commerce.Plugin.Catalog","DisplayName":"HabitatPro Television Protection (5 Year Warranty)","Description":"","Tags":{"$type":"System.Collections.Generic.List`1[[Sitecore.Commerce.Core.Tag, Sitecore.Commerce.Core]], mscorlib","$values":[{"$type":"Sitecore.Commerce.Core.Tag, Sitecore.Commerce.Core","Excluded":false,"Name":"protectionplans","Policies":{"$type":"System.Collections.Generic.List`1[[Sitecore.Commerce.Core.Policy, Sitecore.Commerce.Core]], mscorlib","$values":[]}},{"$type":"Sitecore.Commerce.Core.Tag, Sitecore.Commerce.Core","Excluded":false,"Name":"warranty","Policies":{"$type":"System.Collections.Generic.List`1[[Sitecore.Commerce.Core.Policy, Sitecore.Commerce.Core]], mscorlib","$values":[]}},{"$type":"Sitecore.Commerce.Core.Tag, Sitecore.Commerce.Core","Excluded":false,"Name":"habitatpro","Policies":{"$type":"System.Collections.Generic.List`1[[Sitecore.Commerce.Core.Policy, Sitecore.Commerce.Core]], mscorlib","$values":[]}},{"$type":"Sitecore.Commerce.Core.Tag, Sitecore.Commerce.Core","Excluded":false,"Name":"services","Policies":{"$type":"System.Collections.Generic.List`1[[Sitecore.Commerce.Core.Policy, Sitecore.Commerce.Core]], mscorlib","$values":[]}},{"$type":"Sitecore.Commerce.Core.Tag, Sitecore.Commerce.Core","Excluded":false,"Name":"5years","Policies":{"$type":"System.Collections.Generic.List`1[[Sitecore.Commerce.Core.Policy, Sitecore.Commerce.Core]], mscorlib","$values":[]}},{"$type":"Sitecore.Commerce.Core.Tag, Sitecore.Commerce.Core","Excluded":false,"Name":"entitlement","Policies":{"$type":"System.Collections.Generic.List`1[[Sitecore.Commerce.Core.Policy, Sitecore.Commerce.Core]], mscorlib","$values":[]}}]},"Disabled":false,"Id":"56042300","Name":"HabitatPro Television Protection (5 Year Warranty)","Comments":"","Policies":{"$type":"System.Collections.Generic.List`1[[Sitecore.Commerce.Core.Policy, Sitecore.Commerce.Core]], mscorlib","$values":[{"$type":"Sitecore.Commerce.Plugin.Pricing.ListPricingPolicy, Sitecore.Commerce.Plugin.Pricing","Prices":{"$type":"System.Collections.Generic.List`1[[Sitecore.Commerce.Core.Money, Sitecore.Commerce.Core]], mscorlib","$values":[{"$type":"Sitecore.Commerce.Core.Money, Sitecore.Commerce.Core","CurrencyCode":"USD","Amount":189.9900}]},"PolicyId":"e9756bdca8e64cc4b8b8cf56c89c904a","Models":{"$type":"System.Collections.Generic.List`1[[Sitecore.Commerce.Core.Model, Sitecore.Commerce.Core]], mscorlib","$values":[]}}]},"ChildComponents":{"$type":"System.Collections.Generic.List`1[[Sitecore.Commerce.Core.Component, Sitecore.Commerce.Core]], mscorlib","$values":[{"$type":"Sitecore.Commerce.Plugin.Catalog.ImagesComponent, Sitecore.Commerce.Plugin.Catalog","Images":{"$type":"System.Collections.Generic.List`1[[System.String, mscorlib]], mscorlib","$values":["78239860-e741-4aeb-96d1-c2f82df1cd91"]},"Id":"65741aa530664acfa5e64d2c99c69d62","Name":"","Comments":"","Policies":{"$type":"System.Collections.Generic.List`1[[Sitecore.Commerce.Core.Policy, Sitecore.Commerce.Core]], mscorlib","$values":[]},"ChildComponents":{"$type":"System.Collections.Generic.List`1[[Sitecore.Commerce.Core.Component, Sitecore.Commerce.Core]], mscorlib","$values":[]}},{"$type":"Sitecore.Commerce.Plugin.Catalog.DisplayPropertiesComponent, Sitecore.Commerce.Plugin.Catalog","DisambiguatingDescription":"","DisplayOnSite":false,"DisplayInProductList":false,"Color":"","Size":"5 Year Warranty","Style":"","Id":"a513b8d2cb3f4bf79cd72695e2a83424","Name":"","Comments":"","Policies":{"$type":"System.Collections.Generic.List`1[[Sitecore.Commerce.Core.Policy, Sitecore.Commerce.Core]], mscorlib","$values":[]},"ChildComponents":{"$type":"System.Collections.Generic.List`1[[Sitecore.Commerce.Core.Component, Sitecore.Commerce.Core]], mscorlib","$values":[]}},{"$type":"Sitecore.Commerce.Plugin.Inventory.InventoryComponent, Sitecore.Commerce.Plugin.Inventory","InventoryAssociations":{"$type":"System.Collections.Generic.List`1[[Sitecore.Commerce.Plugin.Inventory.InventoryAssociation, Sitecore.Commerce.Plugin.Inventory]], mscorlib","$values":[{"$type":"Sitecore.Commerce.Plugin.Inventory.InventoryAssociation, Sitecore.Commerce.Plugin.Inventory","InventoryInformation":{"$type":"Sitecore.Commerce.Core.EntityReference, Sitecore.Commerce.Core","Name":"","EntityTarget":"Entity-InventoryInformation-Habitat_Inventory-6042299-56042300","Policies":{"$type":"System.Collections.Generic.List`1[[Sitecore.Commerce.Core.Policy, Sitecore.Commerce.Core]], mscorlib","$values":[]}},"InventorySet":{"$type":"Sitecore.Commerce.Core.EntityReference, Sitecore.Commerce.Core","Name":"","EntityTarget":"Entity-InventorySet-Habitat_Inventory","Policies":{"$type":"System.Collections.Generic.List`1[[Sitecore.Commerce.Core.Policy, Sitecore.Commerce.Core]], mscorlib","$values":[]}},"Name":"","Policies":{"$type":"System.Collections.Generic.List`1[[Sitecore.Commerce.Core.Policy, Sitecore.Commerce.Core]], mscorlib","$values":[]}}]},"Id":"4088c1d4c8aa41dd8186352171413b23","Name":"","Comments":"","Policies":{"$type":"System.Collections.Generic.List`1[[Sitecore.Commerce.Core.Policy, Sitecore.Commerce.Core]], mscorlib","$values":[]},"ChildComponents":{"$type":"System.Collections.Generic.List`1[[Sitecore.Commerce.Core.Component, Sitecore.Commerce.Core]], mscorlib","$values":[]}}]}},{"$type":"Sitecore.Commerce.Plugin.Catalog.ItemVariationComponent, Sitecore.Commerce.Plugin.Catalog","DisplayName":"HabitatPro Television Protection (7 Year Warranty)","Description":"","Tags":{"$type":"System.Collections.Generic.List`1[[Sitecore.Commerce.Core.Tag, Sitecore.Commerce.Core]], mscorlib","$values":[{"$type":"Sitecore.Commerce.Core.Tag, Sitecore.Commerce.Core","Excluded":false,"Name":"protectionplans","Policies":{"$type":"System.Collections.Generic.List`1[[Sitecore.Commerce.Core.Policy, Sitecore.Commerce.Core]], mscorlib","$values":[]}},{"$type":"Sitecore.Commerce.Core.Tag, Sitecore.Commerce.Core","Excluded":false,"Name":"warranty","Policies":{"$type":"System.Collections.Generic.List`1[[Sitecore.Commerce.Core.Policy, Sitecore.Commerce.Core]], mscorlib","$values":[]}},{"$type":"Sitecore.Commerce.Core.Tag, Sitecore.Commerce.Core","Excluded":false,"Name":"habitatpro","Policies":{"$type":"System.Collections.Generic.List`1[[Sitecore.Commerce.Core.Policy, Sitecore.Commerce.Core]], mscorlib","$values":[]}},{"$type":"Sitecore.Commerce.Core.Tag, Sitecore.Commerce.Core","Excluded":false,"Name":"services","Policies":{"$type":"System.Collections.Generic.List`1[[Sitecore.Commerce.Core.Policy, Sitecore.Commerce.Core]], mscorlib","$values":[]}},{"$type":"Sitecore.Commerce.Core.Tag, Sitecore.Commerce.Core","Excluded":false,"Name":"7years","Policies":{"$type":"System.Collections.Generic.List`1[[Sitecore.Commerce.Core.Policy, Sitecore.Commerce.Core]], mscorlib","$values":[]}},{"$type":"Sitecore.Commerce.Core.Tag, Sitecore.Commerce.Core","Excluded":false,"Name":"entitlement","Policies":{"$type":"System.Collections.Generic.List`1[[Sitecore.Commerce.Core.Policy, Sitecore.Commerce.Core]], mscorlib","$values":[]}}]},"Disabled":false,"Id":"56042301","Name":"HabitatPro Television Protection (7 Year Warranty)","Comments":"","Policies":{"$type":"System.Collections.Generic.List`1[[Sitecore.Commerce.Core.Policy, Sitecore.Commerce.Core]], mscorlib","$values":[{"$type":"Sitecore.Commerce.Plugin.Pricing.ListPricingPolicy, Sitecore.Commerce.Plugin.Pricing","Prices":{"$type":"System.Collections.Generic.List`1[[Sitecore.Commerce.Core.Money, Sitecore.Commerce.Core]], mscorlib","$values":[{"$type":"Sitecore.Commerce.Core.Money, Sitecore.Commerce.Core","CurrencyCode":"USD","Amount":229.9900}]},"PolicyId":"1fec79f4188d469898ce2ac6d4a04ae2","Models":{"$type":"System.Collections.Generic.List`1[[Sitecore.Commerce.Core.Model, Sitecore.Commerce.Core]], mscorlib","$values":[]}}]},"ChildComponents":{"$type":"System.Collections.Generic.List`1[[Sitecore.Commerce.Core.Component, Sitecore.Commerce.Core]], mscorlib","$values":[{"$type":"Sitecore.Commerce.Plugin.Catalog.ImagesComponent, Sitecore.Commerce.Plugin.Catalog","Images":{"$type":"System.Collections.Generic.List`1[[System.String, mscorlib]], mscorlib","$values":["ac17cb98-c0a6-48f7-bba3-f9485433f760"]},"Id":"c933feccbdbf4d14bfeac748d83760b9","Name":"","Comments":"","Policies":{"$type":"System.Collections.Generic.List`1[[Sitecore.Commerce.Core.Policy, Sitecore.Commerce.Core]], mscorlib","$values":[]},"ChildComponents":{"$type":"System.Collections.Generic.List`1[[Sitecore.Commerce.Core.Component, Sitecore.Commerce.Core]], mscorlib","$values":[]}},{"$type":"Sitecore.Commerce.Plugin.Catalog.DisplayPropertiesComponent, Sitecore.Commerce.Plugin.Catalog","DisambiguatingDescription":"","DisplayOnSite":false,"DisplayInProductList":false,"Color":"","Size":"7 Year Warranty","Style":"","Id":"ac77648ff52748c0b49db518a82b1f7b","Name":"","Comments":"","Policies":{"$type":"System.Collections.Generic.List`1[[Sitecore.Commerce.Core.Policy, Sitecore.Commerce.Core]], mscorlib","$values":[]},"ChildComponents":{"$type":"System.Collections.Generic.List`1[[Sitecore.Commerce.Core.Component, Sitecore.Commerce.Core]], mscorlib","$values":[]}},{"$type":"Sitecore.Commerce.Plugin.Inventory.InventoryComponent, Sitecore.Commerce.Plugin.Inventory","InventoryAssociations":{"$type":"System.Collections.Generic.List`1[[Sitecore.Commerce.Plugin.Inventory.InventoryAssociation, Sitecore.Commerce.Plugin.Inventory]], mscorlib","$values":[{"$type":"Sitecore.Commerce.Plugin.Inventory.InventoryAssociation, Sitecore.Commerce.Plugin.Inventory","InventoryInformation":{"$type":"Sitecore.Commerce.Core.EntityReference, Sitecore.Commerce.Core","Name":"","EntityTarget":"Entity-InventoryInformation-Habitat_Inventory-6042299-56042301","Policies":{"$type":"System.Collections.Generic.List`1[[Sitecore.Commerce.Core.Policy, Sitecore.Commerce.Core]], mscorlib","$values":[]}},"InventorySet":{"$type":"Sitecore.Commerce.Core.EntityReference, Sitecore.Commerce.Core","Name":"","EntityTarget":"Entity-InventorySet-Habitat_Inventory","Policies":{"$type":"System.Collections.Generic.List`1[[Sitecore.Commerce.Core.Policy, Sitecore.Commerce.Core]], mscorlib","$values":[]}},"Name":"","Policies":{"$type":"System.Collections.Generic.List`1[[Sitecore.Commerce.Core.Policy, Sitecore.Commerce.Core]], mscorlib","$values":[]}}]},"Id":"ce76133307fc44bda4181f06f6e65635","Name":"","Comments":"","Policies":{"$type":"System.Collections.Generic.List`1[[Sitecore.Commerce.Core.Policy, Sitecore.Commerce.Core]], mscorlib","$values":[]},"ChildComponents":{"$type":"System.Collections.Generic.List`1[[Sitecore.Commerce.Core.Component, Sitecore.Commerce.Core]], mscorlib","$values":[]}}]}},{"$type":"Sitecore.Commerce.Plugin.Catalog.ItemVariationComponent, Sitecore.Commerce.Plugin.Catalog","DisplayName":"HabitatPro Television Protection (1 Year Extended Warranty)","Description":"","Tags":{"$type":"System.Collections.Generic.List`1[[Sitecore.Commerce.Core.Tag, Sitecore.Commerce.Core]], mscorlib","$values":[{"$type":"Sitecore.Commerce.Core.Tag, Sitecore.Commerce.Core","Excluded":false,"Name":"protectionplans","Policies":{"$type":"System.Collections.Generic.List`1[[Sitecore.Commerce.Core.Policy, Sitecore.Commerce.Core]], mscorlib","$values":[]}},{"$type":"Sitecore.Commerce.Core.Tag, Sitecore.Commerce.Core","Excluded":false,"Name":"warranty","Policies":{"$type":"System.Collections.Generic.List`1[[Sitecore.Commerce.Core.Policy, Sitecore.Commerce.Core]], mscorlib","$values":[]}},{"$type":"Sitecore.Commerce.Core.Tag, Sitecore.Commerce.Core","Excluded":false,"Name":"habitatpro","Policies":{"$type":"System.Collections.Generic.List`1[[Sitecore.Commerce.Core.Policy, Sitecore.Commerce.Core]], mscorlib","$values":[]}},{"$type":"Sitecore.Commerce.Core.Tag, Sitecore.Commerce.Core","Excluded":false,"Name":"services","Policies":{"$type":"System.Collections.Generic.List`1[[Sitecore.Commerce.Core.Policy, Sitecore.Commerce.Core]], mscorlib","$values":[]}},{"$type":"Sitecore.Commerce.Core.Tag, Sitecore.Commerce.Core","Excluded":false,"Name":"1yearextension","Policies":{"$type":"System.Collections.Generic.List`1[[Sitecore.Commerce.Core.Policy, Sitecore.Commerce.Core]], mscorlib","$values":[]}},{"$type":"Sitecore.Commerce.Core.Tag, Sitecore.Commerce.Core","Excluded":false,"Name":"entitlement","Policies":{"$type":"System.Collections.Generic.List`1[[Sitecore.Commerce.Core.Policy, Sitecore.Commerce.Core]], mscorlib","$values":[]}}]},"Disabled":false,"Id":"56042302","Name":"HabitatPro Television Protection (1 Year Extended Warranty)","Comments":"","Policies":{"$type":"System.Collections.Generic.List`1[[Sitecore.Commerce.Core.Policy, Sitecore.Commerce.Core]], mscorlib","$values":[{"$type":"Sitecore.Commerce.Plugin.Pricing.ListPricingPolicy, Sitecore.Commerce.Plugin.Pricing","Prices":{"$type":"System.Collections.Generic.List`1[[Sitecore.Commerce.Core.Money, Sitecore.Commerce.Core]], mscorlib","$values":[{"$type":"Sitecore.Commerce.Core.Money, Sitecore.Commerce.Core","CurrencyCode":"USD","Amount":129.9900}]},"PolicyId":"1a2986c235cf4c109f44768f23e44d11","Models":{"$type":"System.Collections.Generic.List`1[[Sitecore.Commerce.Core.Model, Sitecore.Commerce.Core]], mscorlib","$values":[]}}]},"ChildComponents":{"$type":"System.Collections.Generic.List`1[[Sitecore.Commerce.Core.Component, Sitecore.Commerce.Core]], mscorlib","$values":[{"$type":"Sitecore.Commerce.Plugin.Catalog.ImagesComponent, Sitecore.Commerce.Plugin.Catalog","Images":{"$type":"System.Collections.Generic.List`1[[System.String, mscorlib]], mscorlib","$values":["7dcf194d-7ae2-42b9-88c9-a18ca9dc62b4"]},"Id":"278c7221f0a14b3dab88fe5d013f7ddf","Name":"","Comments":"","Policies":{"$type":"System.Collections.Generic.List`1[[Sitecore.Commerce.Core.Policy, Sitecore.Commerce.Core]], mscorlib","$values":[]},"ChildComponents":{"$type":"System.Collections.Generic.List`1[[Sitecore.Commerce.Core.Component, Sitecore.Commerce.Core]], mscorlib","$values":[]}},{"$type":"Sitecore.Commerce.Plugin.Catalog.DisplayPropertiesComponent, Sitecore.Commerce.Plugin.Catalog","DisambiguatingDescription":"","DisplayOnSite":false,"DisplayInProductList":false,"Color":"","Size":"1 Year Extended Warranty","Style":"","Id":"32bc7939be404f49ad8813f94f5f10cf","Name":"","Comments":"","Policies":{"$type":"System.Collections.Generic.List`1[[Sitecore.Commerce.Core.Policy, Sitecore.Commerce.Core]], mscorlib","$values":[]},"ChildComponents":{"$type":"System.Collections.Generic.List`1[[Sitecore.Commerce.Core.Component, Sitecore.Commerce.Core]], mscorlib","$values":[]}},{"$type":"Sitecore.Commerce.Plugin.Inventory.InventoryComponent, Sitecore.Commerce.Plugin.Inventory","InventoryAssociations":{"$type":"System.Collections.Generic.List`1[[Sitecore.Commerce.Plugin.Inventory.InventoryAssociation, Sitecore.Commerce.Plugin.Inventory]], mscorlib","$values":[{"$type":"Sitecore.Commerce.Plugin.Inventory.InventoryAssociation, Sitecore.Commerce.Plugin.Inventory","InventoryInformation":{"$type":"Sitecore.Commerce.Core.EntityReference, Sitecore.Commerce.Core","Name":"","EntityTarget":"Entity-InventoryInformation-Habitat_Inventory-6042299-56042302","Policies":{"$type":"System.Collections.Generic.List`1[[Sitecore.Commerce.Core.Policy, Sitecore.Commerce.Core]], mscorlib","$values":[]}},"InventorySet":{"$type":"Sitecore.Commerce.Core.EntityReference, Sitecore.Commerce.Core","Name":"","EntityTarget":"Entity-InventorySet-Habitat_Inventory","Policies":{"$type":"System.Collections.Generic.List`1[[Sitecore.Commerce.Core.Policy, Sitecore.Commerce.Core]], mscorlib","$values":[]}},"Name":"","Policies":{"$type":"System.Collections.Generic.List`1[[Sitecore.Commerce.Core.Policy, Sitecore.Commerce.Core]], mscorlib","$values":[]}}]},"Id":"36e475973b56416c90a65057d0cf19fd","Name":"","Comments":"","Policies":{"$type":"System.Collections.Generic.List`1[[Sitecore.Commerce.Core.Policy, Sitecore.Commerce.Core]], mscorlib","$values":[]},"ChildComponents":{"$type":"System.Collections.Generic.List`1[[Sitecore.Commerce.Core.Component, Sitecore.Commerce.Core]], mscorlib","$values":[]}}]}},{"$type":"Sitecore.Commerce.Plugin.Catalog.ItemVariationComponent, Sitecore.Commerce.Plugin.Catalog","DisplayName":"HabitatPro Television Protection (2 Year Extended Warranty)","Description":"","Tags":{"$type":"System.Collections.Generic.List`1[[Sitecore.Commerce.Core.Tag, Sitecore.Commerce.Core]], mscorlib","$values":[{"$type":"Sitecore.Commerce.Core.Tag, Sitecore.Commerce.Core","Excluded":false,"Name":"protectionplans","Policies":{"$type":"System.Collections.Generic.List`1[[Sitecore.Commerce.Core.Policy, Sitecore.Commerce.Core]], mscorlib","$values":[]}},{"$type":"Sitecore.Commerce.Core.Tag, Sitecore.Commerce.Core","Excluded":false,"Name":"warranty","Policies":{"$type":"System.Collections.Generic.List`1[[Sitecore.Commerce.Core.Policy, Sitecore.Commerce.Core]], mscorlib","$values":[]}},{"$type":"Sitecore.Commerce.Core.Tag, Sitecore.Commerce.Core","Excluded":false,"Name":"habitatpro","Policies":{"$type":"System.Collections.Generic.List`1[[Sitecore.Commerce.Core.Policy, Sitecore.Commerce.Core]], mscorlib","$values":[]}},{"$type":"Sitecore.Commerce.Core.Tag, Sitecore.Commerce.Core","Excluded":false,"Name":"services","Policies":{"$type":"System.Collections.Generic.List`1[[Sitecore.Commerce.Core.Policy, Sitecore.Commerce.Core]], mscorlib","$values":[]}},{"$type":"Sitecore.Commerce.Core.Tag, Sitecore.Commerce.Core","Excluded":false,"Name":"2yearextension","Policies":{"$type":"System.Collections.Generic.List`1[[Sitecore.Commerce.Core.Policy, Sitecore.Commerce.Core]], mscorlib","$values":[]}},{"$type":"Sitecore.Commerce.Core.Tag, Sitecore.Commerce.Core","Excluded":false,"Name":"entitlement","Policies":{"$type":"System.Collections.Generic.List`1[[Sitecore.Commerce.Core.Policy, Sitecore.Commerce.Core]], mscorlib","$values":[]}}]},"Disabled":false,"Id":"56042303","Name":"HabitatPro Television Protection (2 Year Extended Warranty)","Comments":"","Policies":{"$type":"System.Collections.Generic.List`1[[Sitecore.Commerce.Core.Policy, Sitecore.Commerce.Core]], mscorlib","$values":[{"$type":"Sitecore.Commerce.Plugin.Pricing.ListPricingPolicy, Sitecore.Commerce.Plugin.Pricing","Prices":{"$type":"System.Collections.Generic.List`1[[Sitecore.Commerce.Core.Money, Sitecore.Commerce.Core]], mscorlib","$values":[{"$type":"Sitecore.Commerce.Core.Money, Sitecore.Commerce.Core","CurrencyCode":"USD","Amount":149.9900}]},"PolicyId":"aca4df40a27c4346ac12c0efc280901b","Models":{"$type":"System.Collections.Generic.List`1[[Sitecore.Commerce.Core.Model, Sitecore.Commerce.Core]], mscorlib","$values":[]}}]},"ChildComponents":{"$type":"System.Collections.Generic.List`1[[Sitecore.Commerce.Core.Component, Sitecore.Commerce.Core]], mscorlib","$values":[{"$type":"Sitecore.Commerce.Plugin.Catalog.ImagesComponent, Sitecore.Commerce.Plugin.Catalog","Images":{"$type":"System.Collections.Generic.List`1[[System.String, mscorlib]], mscorlib","$values":["2029643c-1599-45ce-96ac-fe64558fe7f6"]},"Id":"7ac53eb6affd4e5eb3fafd0ef3d8807f","Name":"","Comments":"","Policies":{"$type":"System.Collections.Generic.List`1[[Sitecore.Commerce.Core.Policy, Sitecore.Commerce.Core]], mscorlib","$values":[]},"ChildComponents":{"$type":"System.Collections.Generic.List`1[[Sitecore.Commerce.Core.Component, Sitecore.Commerce.Core]], mscorlib","$values":[]}},{"$type":"Sitecore.Commerce.Plugin.Catalog.DisplayPropertiesComponent, Sitecore.Commerce.Plugin.Catalog","DisambiguatingDescription":"","DisplayOnSite":false,"DisplayInProductList":false,"Color":"","Size":"2 Year Extended Warranty","Style":"","Id":"ecc2f3daee9b489fb35e649d96938c8c","Name":"","Comments":"","Policies":{"$type":"System.Collections.Generic.List`1[[Sitecore.Commerce.Core.Policy, Sitecore.Commerce.Core]], mscorlib","$values":[]},"ChildComponents":{"$type":"System.Collections.Generic.List`1[[Sitecore.Commerce.Core.Component, Sitecore.Commerce.Core]], mscorlib","$values":[]}},{"$type":"Sitecore.Commerce.Plugin.Inventory.InventoryComponent, Sitecore.Commerce.Plugin.Inventory","InventoryAssociations":{"$type":"System.Collections.Generic.List`1[[Sitecore.Commerce.Plugin.Inventory.InventoryAssociation, Sitecore.Commerce.Plugin.Inventory]], mscorlib","$values":[{"$type":"Sitecore.Commerce.Plugin.Inventory.InventoryAssociation, Sitecore.Commerce.Plugin.Inventory","InventoryInformation":{"$type":"Sitecore.Commerce.Core.EntityReference, Sitecore.Commerce.Core","Name":"","EntityTarget":"Entity-InventoryInformation-Habitat_Inventory-6042299-56042303","Policies":{"$type":"System.Collections.Generic.List`1[[Sitecore.Commerce.Core.Policy, Sitecore.Commerce.Core]], mscorlib","$values":[]}},"InventorySet":{"$type":"Sitecore.Commerce.Core.EntityReference, Sitecore.Commerce.Core","Name":"","EntityTarget":"Entity-InventorySet-Habitat_Inventory","Policies":{"$type":"System.Collections.Generic.List`1[[Sitecore.Commerce.Core.Policy, Sitecore.Commerce.Core]], mscorlib","$values":[]}},"Name":"","Policies":{"$type":"System.Collections.Generic.List`1[[Sitecore.Commerce.Core.Policy, Sitecore.Commerce.Core]], mscorlib","$values":[]}}]},"Id":"0c5cff6fae7a4746b7fccd3e5c6c97f9","Name":"","Comments":"","Policies":{"$type":"System.Collections.Generic.List`1[[Sitecore.Commerce.Core.Policy, Sitecore.Commerce.Core]], mscorlib","$values":[]},"ChildComponents":{"$type":"System.Collections.Generic.List`1[[Sitecore.Commerce.Core.Component, Sitecore.Commerce.Core]], mscorlib","$values":[]}}]}},{"$type":"Sitecore.Commerce.Plugin.Catalog.ItemVariationComponent, Sitecore.Commerce.Plugin.Catalog","DisplayName":"HabitatPro Television Protection (3 Year Extended Warranty)","Description":"","Tags":{"$type":"System.Collections.Generic.List`1[[Sitecore.Commerce.Core.Tag, Sitecore.Commerce.Core]], mscorlib","$values":[{"$type":"Sitecore.Commerce.Core.Tag, Sitecore.Commerce.Core","Excluded":false,"Name":"protectionplans","Policies":{"$type":"System.Collections.Generic.List`1[[Sitecore.Commerce.Core.Policy, Sitecore.Commerce.Core]], mscorlib","$values":[]}},{"$type":"Sitecore.Commerce.Core.Tag, Sitecore.Commerce.Core","Excluded":false,"Name":"warranty","Policies":{"$type":"System.Collections.Generic.List`1[[Sitecore.Commerce.Core.Policy, Sitecore.Commerce.Core]], mscorlib","$values":[]}},{"$type":"Sitecore.Commerce.Core.Tag, Sitecore.Commerce.Core","Excluded":false,"Name":"habitatpro","Policies":{"$type":"System.Collections.Generic.List`1[[Sitecore.Commerce.Core.Policy, Sitecore.Commerce.Core]], mscorlib","$values":[]}},{"$type":"Sitecore.Commerce.Core.Tag, Sitecore.Commerce.Core","Excluded":false,"Name":"services","Policies":{"$type":"System.Collections.Generic.List`1[[Sitecore.Commerce.Core.Policy, Sitecore.Commerce.Core]], mscorlib","$values":[]}},{"$type":"Sitecore.Commerce.Core.Tag, Sitecore.Commerce.Core","Excluded":false,"Name":"3yearextension","Policies":{"$type":"System.Collections.Generic.List`1[[Sitecore.Commerce.Core.Policy, Sitecore.Commerce.Core]], mscorlib","$values":[]}},{"$type":"Sitecore.Commerce.Core.Tag, Sitecore.Commerce.Core","Excluded":false,"Name":"entitlement","Policies":{"$type":"System.Collections.Generic.List`1[[Sitecore.Commerce.Core.Policy, Sitecore.Commerce.Core]], mscorlib","$values":[]}}]},"Disabled":false,"Id":"56042304","Name":"HabitatPro Television Protection (3 Year Extended Warranty)","Comments":"","Policies":{"$type":"System.Collections.Generic.List`1[[Sitecore.Commerce.Core.Policy, Sitecore.Commerce.Core]], mscorlib","$values":[{"$type":"Sitecore.Commerce.Plugin.Pricing.ListPricingPolicy, Sitecore.Commerce.Plugin.Pricing","Prices":{"$type":"System.Collections.Generic.List`1[[Sitecore.Commerce.Core.Money, Sitecore.Commerce.Core]], mscorlib","$values":[{"$type":"Sitecore.Commerce.Core.Money, Sitecore.Commerce.Core","CurrencyCode":"USD","Amount":209.9900}]},"PolicyId":"e5b30b846a8b4bb3906453bfa73d973a","Models":{"$type":"System.Collections.Generic.List`1[[Sitecore.Commerce.Core.Model, Sitecore.Commerce.Core]], mscorlib","$values":[]}}]},"ChildComponents":{"$type":"System.Collections.Generic.List`1[[Sitecore.Commerce.Core.Component, Sitecore.Commerce.Core]], mscorlib","$values":[{"$type":"Sitecore.Commerce.Plugin.Catalog.ImagesComponent, Sitecore.Commerce.Plugin.Catalog","Images":{"$type":"System.Collections.Generic.List`1[[System.String, mscorlib]], mscorlib","$values":["06371362-f63a-4bf4-8ccc-0b0067ff5a32"]},"Id":"de6ecb72602d49f1b70a230f900f66e4","Name":"","Comments":"","Policies":{"$type":"System.Collections.Generic.List`1[[Sitecore.Commerce.Core.Policy, Sitecore.Commerce.Core]], mscorlib","$values":[]},"ChildComponents":{"$type":"System.Collections.Generic.List`1[[Sitecore.Commerce.Core.Component, Sitecore.Commerce.Core]], mscorlib","$values":[]}},{"$type":"Sitecore.Commerce.Plugin.Catalog.DisplayPropertiesComponent, Sitecore.Commerce.Plugin.Catalog","DisambiguatingDescription":"","DisplayOnSite":false,"DisplayInProductList":false,"Color":"","Size":"3 Year Extended Warranty","Style":"","Id":"a87432c093fb42d19faa7817d4c18655","Name":"","Comments":"","Policies":{"$type":"System.Collections.Generic.List`1[[Sitecore.Commerce.Core.Policy, Sitecore.Commerce.Core]], mscorlib","$values":[]},"ChildComponents":{"$type":"System.Collections.Generic.List`1[[Sitecore.Commerce.Core.Component, Sitecore.Commerce.Core]], mscorlib","$values":[]}},{"$type":"Sitecore.Commerce.Plugin.Inventory.InventoryComponent, Sitecore.Commerce.Plugin.Inventory","InventoryAssociations":{"$type":"System.Collections.Generic.List`1[[Sitecore.Commerce.Plugin.Inventory.InventoryAssociation, Sitecore.Commerce.Plugin.Inventory]], mscorlib","$values":[{"$type":"Sitecore.Commerce.Plugin.Inventory.InventoryAssociation, Sitecore.Commerce.Plugin.Inventory","InventoryInformation":{"$type":"Sitecore.Commerce.Core.EntityReference, Sitecore.Commerce.Core","Name":"","EntityTarget":"Entity-InventoryInformation-Habitat_Inventory-6042299-56042304","Policies":{"$type":"System.Collections.Generic.List`1[[Sitecore.Commerce.Core.Policy, Sitecore.Commerce.Core]], mscorlib","$values":[]}},"InventorySet":{"$type":"Sitecore.Commerce.Core.EntityReference, Sitecore.Commerce.Core","Name":"","EntityTarget":"Entity-InventorySet-Habitat_Inventory","Policies":{"$type":"System.Collections.Generic.List`1[[Sitecore.Commerce.Core.Policy, Sitecore.Commerce.Core]], mscorlib","$values":[]}},"Name":"","Policies":{"$type":"System.Collections.Generic.List`1[[Sitecore.Commerce.Core.Policy, Sitecore.Commerce.Core]], mscorlib","$values":[]}}]},"Id":"af69e3c872434586bc58a1a014488a6e","Name":"","Comments":"","Policies":{"$type":"System.Collections.Generic.List`1[[Sitecore.Commerce.Core.Policy, Sitecore.Commerce.Core]], mscorlib","$values":[]},"ChildComponents":{"$type":"System.Collections.Generic.List`1[[Sitecore.Commerce.Core.Component, Sitecore.Commerce.Core]], mscorlib","$values":[]}}]}}]}}]},"DateCreated":"2018-06-12T13:36:21.7323008+00:00","DateUpdated":"2017-02-14T22:24:31+00:00","DisplayName":"HabitatPro Television Protection","FriendlyId":"6042299","Id":"Entity-SellableItem-6042299","Version":0,"IsPersisted":false,"Name":"HabitatPro Television Protection","Policies":{"$type":"System.Collections.Generic.List`1[[Sitecore.Commerce.Core.Policy, Sitecore.Commerce.Core]], mscorlib","$values":[{"$type":"Sitecore.Commerce.Plugin.Pricing.ListPricingPolicy, Sitecore.Commerce.Plugin.Pricing","Prices":{"$type":"System.Collections.Generic.List`1[[Sitecore.Commerce.Core.Money, Sitecore.Commerce.Core]], mscorlib","$values":[{"$type":"Sitecore.Commerce.Core.Money, Sitecore.Commerce.Core","CurrencyCode":"USD","Amount":119.9900}]},"PolicyId":"affb960ca87f4b25954b9ee8525ce370","Models":{"$type":"System.Collections.Generic.List`1[[Sitecore.Commerce.Core.Model, Sitecore.Commerce.Core]], mscorlib","$values":[]}}]}}]}