{"$type":"System.Collections.Generic.List`1[[Sitecore.Commerce.Plugin.Catalog.RelationshipArgument, Sitecore.Commerce.Plugin.Catalog]], mscorlib","$values":[{"$type":"Sitecore.Commerce.Plugin.Catalog.RelationshipArgument, Sitecore.Commerce.Plugin.Catalog","SourceName":"Entity-InventorySet-Habitat_Inventory","TargetName":"Entity-InventoryInformation-Habitat_Inventory-6042606-56042607","RelationshipType":"InventorySetToInventoryInformation"},{"$type":"Sitecore.Commerce.Plugin.Catalog.RelationshipArgument, Sitecore.Commerce.Plugin.Catalog","SourceName":"Entity-InventorySet-Habitat_Inventory","TargetName":"Entity-InventoryInformation-Habitat_Inventory-6042606-56042608","RelationshipType":"InventorySetToInventoryInformation"},{"$type":"Sitecore.Commerce.Plugin.Catalog.RelationshipArgument, Sitecore.Commerce.Plugin.Catalog","SourceName":"Entity-InventorySet-Habitat_Inventory","TargetName":"Entity-InventoryInformation-Habitat_Inventory-6042609-56042609","RelationshipType":"InventorySetToInventoryInformation"},{"$type":"Sitecore.Commerce.Plugin.Catalog.RelationshipArgument, Sitecore.Commerce.Plugin.Catalog","SourceName":"Entity-InventorySet-Habitat_Inventory","TargetName":"Entity-InventoryInformation-Habitat_Inventory-6042609-56042610","RelationshipType":"InventorySetToInventoryInformation"},{"$type":"Sitecore.Commerce.Plugin.Catalog.RelationshipArgument, Sitecore.Commerce.Plugin.Catalog","SourceName":"Entity-InventorySet-Habitat_Inventory","TargetName":"Entity-InventoryInformation-Habitat_Inventory-6042609-56042611","RelationshipType":"InventorySetToInventoryInformation"},{"$type":"Sitecore.Commerce.Plugin.Catalog.RelationshipArgument, Sitecore.Commerce.Plugin.Catalog","SourceName":"Entity-InventorySet-Habitat_Inventory","TargetName":"Entity-InventoryInformation-Habitat_Inventory-6042612-56042612","RelationshipType":"InventorySetToInventoryInformation"},{"$type":"Sitecore.Commerce.Plugin.Catalog.RelationshipArgument, Sitecore.Commerce.Plugin.Catalog","SourceName":"Entity-InventorySet-Habitat_Inventory","TargetName":"Entity-InventoryInformation-Habitat_Inventory-6042612-56042613","RelationshipType":"InventorySetToInventoryInformation"},{"$type":"Sitecore.Commerce.Plugin.Catalog.RelationshipArgument, Sitecore.Commerce.Plugin.Catalog","SourceName":"Entity-InventorySet-Habitat_Inventory","TargetName":"Entity-InventoryInformation-Habitat_Inventory-6042612-56042614","RelationshipType":"InventorySetToInventoryInformation"},{"$type":"Sitecore.Commerce.Plugin.Catalog.RelationshipArgument, Sitecore.Commerce.Plugin.Catalog","SourceName":"Entity-InventorySet-Habitat_Inventory","TargetName":"Entity-InventoryInformation-Habitat_Inventory-6042615-56042615","RelationshipType":"InventorySetToInventoryInformation"},{"$type":"Sitecore.Commerce.Plugin.Catalog.RelationshipArgument, Sitecore.Commerce.Plugin.Catalog","SourceName":"Entity-InventorySet-Habitat_Inventory","TargetName":"Entity-InventoryInformation-Habitat_Inventory-6042615-56042616","RelationshipType":"InventorySetToInventoryInformation"}]}