{"$type":"System.Collections.Generic.List`1[[Sitecore.Commerce.Plugin.Catalog.RelationshipArgument, Sitecore.Commerce.Plugin.Catalog]], mscorlib","$values":[{"$type":"Sitecore.Commerce.Plugin.Catalog.RelationshipArgument, Sitecore.Commerce.Plugin.Catalog","SourceName":"Entity-InventorySet-Habitat_Inventory","TargetName":"Entity-InventoryInformation-Habitat_Inventory-6042804-56042807","RelationshipType":"InventorySetToInventoryInformation"},{"$type":"Sitecore.Commerce.Plugin.Catalog.RelationshipArgument, Sitecore.Commerce.Plugin.Catalog","SourceName":"Entity-InventorySet-Habitat_Inventory","TargetName":"Entity-InventoryInformation-Habitat_Inventory-6042804-56042808","RelationshipType":"InventorySetToInventoryInformation"},{"$type":"Sitecore.Commerce.Plugin.Catalog.RelationshipArgument, Sitecore.Commerce.Plugin.Catalog","SourceName":"Entity-InventorySet-Habitat_Inventory","TargetName":"Entity-InventoryInformation-Habitat_Inventory-6042809-56042809","RelationshipType":"InventorySetToInventoryInformation"},{"$type":"Sitecore.Commerce.Plugin.Catalog.RelationshipArgument, Sitecore.Commerce.Plugin.Catalog","SourceName":"Entity-InventorySet-Habitat_Inventory","TargetName":"Entity-InventoryInformation-Habitat_Inventory-6042810-56042810","RelationshipType":"InventorySetToInventoryInformation"},{"$type":"Sitecore.Commerce.Plugin.Catalog.RelationshipArgument, Sitecore.Commerce.Plugin.Catalog","SourceName":"Entity-InventorySet-Habitat_Inventory","TargetName":"Entity-InventoryInformation-Habitat_Inventory-6042811-56042811","RelationshipType":"InventorySetToInventoryInformation"},{"$type":"Sitecore.Commerce.Plugin.Catalog.RelationshipArgument, Sitecore.Commerce.Plugin.Catalog","SourceName":"Entity-InventorySet-Habitat_Inventory","TargetName":"Entity-InventoryInformation-Habitat_Inventory-6042812-56042812","RelationshipType":"InventorySetToInventoryInformation"},{"$type":"Sitecore.Commerce.Plugin.Catalog.RelationshipArgument, Sitecore.Commerce.Plugin.Catalog","SourceName":"Entity-InventorySet-Habitat_Inventory","TargetName":"Entity-InventoryInformation-Habitat_Inventory-6042812-56042813","RelationshipType":"InventorySetToInventoryInformation"},{"$type":"Sitecore.Commerce.Plugin.Catalog.RelationshipArgument, Sitecore.Commerce.Plugin.Catalog","SourceName":"Entity-InventorySet-Habitat_Inventory","TargetName":"Entity-InventoryInformation-Habitat_Inventory-6042812-56042814","RelationshipType":"InventorySetToInventoryInformation"},{"$type":"Sitecore.Commerce.Plugin.Catalog.RelationshipArgument, Sitecore.Commerce.Plugin.Catalog","SourceName":"Entity-InventorySet-Habitat_Inventory","TargetName":"Entity-InventoryInformation-Habitat_Inventory-6042812-56042815","RelationshipType":"InventorySetToInventoryInformation"},{"$type":"Sitecore.Commerce.Plugin.Catalog.RelationshipArgument, Sitecore.Commerce.Plugin.Catalog","SourceName":"Entity-InventorySet-Habitat_Inventory","TargetName":"Entity-InventoryInformation-Habitat_Inventory-6042812-56042816","RelationshipType":"InventorySetToInventoryInformation"}]}