{"$type":"System.Collections.Generic.List`1[[Sitecore.Commerce.Plugin.Catalog.RelationshipArgument, Sitecore.Commerce.Plugin.Catalog]], mscorlib","$values":[{"$type":"Sitecore.Commerce.Plugin.Catalog.RelationshipArgument, Sitecore.Commerce.Plugin.Catalog","SourceName":"Entity-InventorySet-Habitat_Inventory","TargetName":"Entity-InventoryInformation-Habitat_Inventory-6042299-56042303","RelationshipType":"InventorySetToInventoryInformation"},{"$type":"Sitecore.Commerce.Plugin.Catalog.RelationshipArgument, Sitecore.Commerce.Plugin.Catalog","SourceName":"Entity-InventorySet-Habitat_Inventory","TargetName":"Entity-InventoryInformation-Habitat_Inventory-6042299-56042304","RelationshipType":"InventorySetToInventoryInformation"}]}