{"$type":"System.Collections.Generic.List`1[[Sitecore.Commerce.Plugin.Catalog.Catalog, Sitecore.Commerce.Plugin.Catalog]], mscorlib","$values":[{"$type":"Sitecore.Commerce.Plugin.Catalog.Catalog, Sitecore.Commerce.Plugin.Catalog","PriceBookName":"","PromotionBookName":"","DefaultInventorySetName":"Habitat_Inventory","SitecoreId":"59ddadc1-9b88-727e-9e14-3f6cf321ae0f","ChildrenCategoryList":"b893c063-6238-ed57-700d-72862c56038d|c1114488-2d5f-39c7-5e16-42f64d5f2d4a|871c3b62-ce96-ad61-dabe-10db020f02c5","IsBundle":false,"Components":{"$type":"System.Collections.Generic.List`1[[Sitecore.Commerce.Core.Component, Sitecore.Commerce.Core]], mscorlib","$values":[{"$type":"Sitecore.Commerce.Plugin.Catalog.ItemDefinitionsComponent, Sitecore.Commerce.Plugin.Catalog","Definitions":{"$type":"System.Collections.Generic.List`1[[System.String, mscorlib]], mscorlib","$values":["Amplifier","Camera","Desktop","DigitalScale","Dryer","ElectricShaver","ElectricToothBrush","eReader","FitnessTracker","GameConsole","GameConsoleAccessory","GiftCard","GiftCardV2","GiftWrap","Headphones","HomeTheater","Installation","ItemBundle","Laptop","Microwave","Phone","PhoneAccessory","Product","Range","Refrigerator","SecurityCamera","SmallAppliance","Speakers","Subscription","Tablet","Television","Thermostat","Warranty","Washer"]},"Id":"8fc312b0e77e4c78ab363be084869015","Name":"","Comments":"","Policies":{"$type":"System.Collections.Generic.List`1[[Sitecore.Commerce.Core.Policy, Sitecore.Commerce.Core]], mscorlib","$values":[]},"ChildComponents":{"$type":"System.Collections.Generic.List`1[[Sitecore.Commerce.Core.Component, Sitecore.Commerce.Core]], mscorlib","$values":[]}}]},"DateCreated":"2019-05-16T14:09:35.5908708+00:00","DateUpdated":"2017-02-14T21:46:24+00:00","DisplayName":"Habitat_Master","FriendlyId":"Habitat_Master","Id":"Entity-Catalog-Habitat_Master","Version":0,"EntityVersion":1,"Published":true,"IsPersisted":false,"Name":"Habitat_Master","UniqueId":"00000000-0000-0000-0000-000000000000","Policies":{"$type":"System.Collections.Generic.List`1[[Sitecore.Commerce.Core.Policy, Sitecore.Commerce.Core]], mscorlib","$values":[]}}]}