{"$type":"System.Collections.Generic.List`1[[Sitecore.Commerce.Plugin.Catalog.Category, Sitecore.Commerce.Plugin.Catalog]], mscorlib","$values":[{"$type":"Sitecore.Commerce.Plugin.Catalog.Category, Sitecore.Commerce.Plugin.Catalog","Description":"","SitecoreId":"91a2e033-4012-84a6-9ddd-2a152dec3a93","ParentCatalogList":"59ddadc1-9b88-727e-9e14-3f6cf321ae0f","ParentCategoryList":"0bde885c-c3aa-7bf3-9cab-d93a2af168ac","ChildrenSellableItemList":"ba43e783-0a8b-9993-426c-2c015afcf757|931257e3-c8c8-fe74-5e2c-aeb2da8605c3|549ae913-4e27-9136-1448-f375584f8341|c30e55d5-cb68-a6e5-ce53-33625862df45|32502e5d-b5f6-2de0-8d79-fe17bbd1a832","IsBundle":false,"Components":{"$type":"System.Collections.Generic.List`1[[Sitecore.Commerce.Core.Component, Sitecore.Commerce.Core]], mscorlib","$values":[{"$type":"Sitecore.Commerce.Plugin.Catalog.CatalogsComponent, Sitecore.Commerce.Plugin.Catalog","Id":"297babe4bea546f480d5db9b6f3b8b8a","Name":"","Comments":"","Policies":{"$type":"System.Collections.Generic.List`1[[Sitecore.Commerce.Core.Policy, Sitecore.Commerce.Core]], mscorlib","$values":[]},"ChildComponents":{"$type":"System.Collections.Generic.List`1[[Sitecore.Commerce.Core.Component, Sitecore.Commerce.Core]], mscorlib","$values":[{"$type":"Sitecore.Commerce.Plugin.Catalog.CatalogComponent, Sitecore.Commerce.Plugin.Catalog","ItemDefinition":"","Id":"77c4f6763fb949c4bd872c8772938ce5","Name":"Habitat_Master","Comments":"","Policies":{"$type":"System.Collections.Generic.List`1[[Sitecore.Commerce.Core.Policy, Sitecore.Commerce.Core]], mscorlib","$values":[]},"ChildComponents":{"$type":"System.Collections.Generic.List`1[[Sitecore.Commerce.Core.Component, Sitecore.Commerce.Core]], mscorlib","$values":[]}}]}},{"$type":"Sitecore.Commerce.Core.MessagesComponent, Sitecore.Commerce.Core","Messages":{"$type":"System.Collections.Generic.List`1[[Sitecore.Commerce.Core.MessageModel, Sitecore.Commerce.Core]], mscorlib","$values":[{"$type":"Sitecore.Commerce.Core.MessageModel, Sitecore.Commerce.Core","Code":"MigrationMessage","Text":"Migrated from category with name='Electric Tooth Brushes' in catalog 'Habitat_Master'","Id":"ac62d4c50f4b494cb0d799427126599d"}]},"Id":"1fc1b6ce198e403fa161d239d967fff5","Name":"","Comments":"","Policies":{"$type":"System.Collections.Generic.List`1[[Sitecore.Commerce.Core.Policy, Sitecore.Commerce.Core]], mscorlib","$values":[]},"ChildComponents":{"$type":"System.Collections.Generic.List`1[[Sitecore.Commerce.Core.Component, Sitecore.Commerce.Core]], mscorlib","$values":[]}}]},"DateCreated":"2019-05-16T14:09:36.0279262+00:00","DateUpdated":"2017-02-14T22:24:25+00:00","DisplayName":"Electric Tooth Brushes","FriendlyId":"Habitat_Master-Electric Tooth Brushes","Id":"Entity-Category-Habitat_Master-Electric Tooth Brushes","Version":0,"EntityVersion":1,"Published":true,"IsPersisted":false,"Name":"Electric Tooth Brushes","UniqueId":"00000000-0000-0000-0000-000000000000","Policies":{"$type":"System.Collections.Generic.List`1[[Sitecore.Commerce.Core.Policy, Sitecore.Commerce.Core]], mscorlib","$values":[]}},{"$type":"Sitecore.Commerce.Plugin.Catalog.Category, Sitecore.Commerce.Plugin.Catalog","Description":"","SitecoreId":"9008b511-7815-fda8-5a83-927bbf70cabf","ParentCatalogList":"59ddadc1-9b88-727e-9e14-3f6cf321ae0f","ParentCategoryList":"0bde885c-c3aa-7bf3-9cab-d93a2af168ac","ChildrenSellableItemList":"4390359d-ce17-a05d-0c41-e6dc213db146|0a4138cd-50f9-72ae-529a-af6ca4cab4cf","IsBundle":false,"Components":{"$type":"System.Collections.Generic.List`1[[Sitecore.Commerce.Core.Component, Sitecore.Commerce.Core]], mscorlib","$values":[{"$type":"Sitecore.Commerce.Plugin.Catalog.CatalogsComponent, Sitecore.Commerce.Plugin.Catalog","Id":"5fde832f8b7a4d55906d99e0287abe96","Name":"","Comments":"","Policies":{"$type":"System.Collections.Generic.List`1[[Sitecore.Commerce.Core.Policy, Sitecore.Commerce.Core]], mscorlib","$values":[]},"ChildComponents":{"$type":"System.Collections.Generic.List`1[[Sitecore.Commerce.Core.Component, Sitecore.Commerce.Core]], mscorlib","$values":[{"$type":"Sitecore.Commerce.Plugin.Catalog.CatalogComponent, Sitecore.Commerce.Plugin.Catalog","ItemDefinition":"","Id":"8c3c85f4a1c54099a96e8f9ba02dcd78","Name":"Habitat_Master","Comments":"","Policies":{"$type":"System.Collections.Generic.List`1[[Sitecore.Commerce.Core.Policy, Sitecore.Commerce.Core]], mscorlib","$values":[]},"ChildComponents":{"$type":"System.Collections.Generic.List`1[[Sitecore.Commerce.Core.Component, Sitecore.Commerce.Core]], mscorlib","$values":[]}}]}},{"$type":"Sitecore.Commerce.Core.MessagesComponent, Sitecore.Commerce.Core","Messages":{"$type":"System.Collections.Generic.List`1[[Sitecore.Commerce.Core.MessageModel, Sitecore.Commerce.Core]], mscorlib","$values":[{"$type":"Sitecore.Commerce.Core.MessageModel, Sitecore.Commerce.Core","Code":"MigrationMessage","Text":"Migrated from category with name='Digital Scales' in catalog 'Habitat_Master'","Id":"8e7769740fef4faabce4ef3fc6b47822"}]},"Id":"7dbc9bc278c54d24a2c7c0e63499a70d","Name":"","Comments":"","Policies":{"$type":"System.Collections.Generic.List`1[[Sitecore.Commerce.Core.Policy, Sitecore.Commerce.Core]], mscorlib","$values":[]},"ChildComponents":{"$type":"System.Collections.Generic.List`1[[Sitecore.Commerce.Core.Component, Sitecore.Commerce.Core]], mscorlib","$values":[]}}]},"DateCreated":"2019-05-16T14:09:36.0309275+00:00","DateUpdated":"2017-02-14T22:24:25+00:00","DisplayName":"Digital Scales","FriendlyId":"Habitat_Master-Digital Scales","Id":"Entity-Category-Habitat_Master-Digital Scales","Version":0,"EntityVersion":1,"Published":true,"IsPersisted":false,"Name":"Digital Scales","UniqueId":"00000000-0000-0000-0000-000000000000","Policies":{"$type":"System.Collections.Generic.List`1[[Sitecore.Commerce.Core.Policy, Sitecore.Commerce.Core]], mscorlib","$values":[]}},{"$type":"Sitecore.Commerce.Plugin.Catalog.Category, Sitecore.Commerce.Plugin.Catalog","Description":"","SitecoreId":"a63cb0d6-7a96-0b2f-9661-a2e553426fe3","ParentCatalogList":"59ddadc1-9b88-727e-9e14-3f6cf321ae0f","ParentCategoryList":"0bde885c-c3aa-7bf3-9cab-d93a2af168ac","ChildrenSellableItemList":"cd4336a2-5576-1b29-021f-32a027daa48e|2522b5c6-b311-4c6e-da52-2b55ed26cbae","IsBundle":false,"Components":{"$type":"System.Collections.Generic.List`1[[Sitecore.Commerce.Core.Component, Sitecore.Commerce.Core]], mscorlib","$values":[{"$type":"Sitecore.Commerce.Plugin.Catalog.CatalogsComponent, Sitecore.Commerce.Plugin.Catalog","Id":"655baaa17a4142ed9f12eae74d7fff96","Name":"","Comments":"","Policies":{"$type":"System.Collections.Generic.List`1[[Sitecore.Commerce.Core.Policy, Sitecore.Commerce.Core]], mscorlib","$values":[]},"ChildComponents":{"$type":"System.Collections.Generic.List`1[[Sitecore.Commerce.Core.Component, Sitecore.Commerce.Core]], mscorlib","$values":[{"$type":"Sitecore.Commerce.Plugin.Catalog.CatalogComponent, Sitecore.Commerce.Plugin.Catalog","ItemDefinition":"","Id":"eb95545184ff4da39e1346312885c78c","Name":"Habitat_Master","Comments":"","Policies":{"$type":"System.Collections.Generic.List`1[[Sitecore.Commerce.Core.Policy, Sitecore.Commerce.Core]], mscorlib","$values":[]},"ChildComponents":{"$type":"System.Collections.Generic.List`1[[Sitecore.Commerce.Core.Component, Sitecore.Commerce.Core]], mscorlib","$values":[]}}]}},{"$type":"Sitecore.Commerce.Core.MessagesComponent, Sitecore.Commerce.Core","Messages":{"$type":"System.Collections.Generic.List`1[[Sitecore.Commerce.Core.MessageModel, Sitecore.Commerce.Core]], mscorlib","$values":[{"$type":"Sitecore.Commerce.Core.MessageModel, Sitecore.Commerce.Core","Code":"MigrationMessage","Text":"Migrated from category with name='Electric Shaver' in catalog 'Habitat_Master'","Id":"d22fde3a50444d3cb944b831e787fc04"}]},"Id":"d78ae28c39eb461496bacb6ee121d124","Name":"","Comments":"","Policies":{"$type":"System.Collections.Generic.List`1[[Sitecore.Commerce.Core.Policy, Sitecore.Commerce.Core]], mscorlib","$values":[]},"ChildComponents":{"$type":"System.Collections.Generic.List`1[[Sitecore.Commerce.Core.Component, Sitecore.Commerce.Core]], mscorlib","$values":[]}}]},"DateCreated":"2019-05-16T14:09:36.0319296+00:00","DateUpdated":"2017-02-14T22:24:26+00:00","DisplayName":"Electric Shaver","FriendlyId":"Habitat_Master-Electric Shaver","Id":"Entity-Category-Habitat_Master-Electric Shaver","Version":0,"EntityVersion":1,"Published":true,"IsPersisted":false,"Name":"Electric Shaver","UniqueId":"00000000-0000-0000-0000-000000000000","Policies":{"$type":"System.Collections.Generic.List`1[[Sitecore.Commerce.Core.Policy, Sitecore.Commerce.Core]], mscorlib","$values":[]}},{"$type":"Sitecore.Commerce.Plugin.Catalog.Category, Sitecore.Commerce.Plugin.Catalog","Description":"","SitecoreId":"b52c9c73-fd59-42ae-ccee-9cbeb8de56fe","ParentCatalogList":"59ddadc1-9b88-727e-9e14-3f6cf321ae0f","ParentCategoryList":"0bde885c-c3aa-7bf3-9cab-d93a2af168ac","ChildrenSellableItemList":"bdb58646-a31c-9723-be78-d748a1f4567d|21562aa1-4559-11db-4961-6256ed391030","IsBundle":false,"Components":{"$type":"System.Collections.Generic.List`1[[Sitecore.Commerce.Core.Component, Sitecore.Commerce.Core]], mscorlib","$values":[{"$type":"Sitecore.Commerce.Plugin.Catalog.CatalogsComponent, Sitecore.Commerce.Plugin.Catalog","Id":"096b53f3a412429fa9689c1599f5cb7a","Name":"","Comments":"","Policies":{"$type":"System.Collections.Generic.List`1[[Sitecore.Commerce.Core.Policy, Sitecore.Commerce.Core]], mscorlib","$values":[]},"ChildComponents":{"$type":"System.Collections.Generic.List`1[[Sitecore.Commerce.Core.Component, Sitecore.Commerce.Core]], mscorlib","$values":[{"$type":"Sitecore.Commerce.Plugin.Catalog.CatalogComponent, Sitecore.Commerce.Plugin.Catalog","ItemDefinition":"","Id":"5c873cbe9d0240ed8bb9b656181d4a8a","Name":"Habitat_Master","Comments":"","Policies":{"$type":"System.Collections.Generic.List`1[[Sitecore.Commerce.Core.Policy, Sitecore.Commerce.Core]], mscorlib","$values":[]},"ChildComponents":{"$type":"System.Collections.Generic.List`1[[Sitecore.Commerce.Core.Component, Sitecore.Commerce.Core]], mscorlib","$values":[]}}]}},{"$type":"Sitecore.Commerce.Core.MessagesComponent, Sitecore.Commerce.Core","Messages":{"$type":"System.Collections.Generic.List`1[[Sitecore.Commerce.Core.MessageModel, Sitecore.Commerce.Core]], mscorlib","$values":[{"$type":"Sitecore.Commerce.Core.MessageModel, Sitecore.Commerce.Core","Code":"MigrationMessage","Text":"Migrated from category with name='Women's Shavers' in catalog 'Habitat_Master'","Id":"3c2ee66c32e64347b58303d1cc10a066"}]},"Id":"8cd02fa4f7cb4035b92753b4ac3ecf1d","Name":"","Comments":"","Policies":{"$type":"System.Collections.Generic.List`1[[Sitecore.Commerce.Core.Policy, Sitecore.Commerce.Core]], mscorlib","$values":[]},"ChildComponents":{"$type":"System.Collections.Generic.List`1[[Sitecore.Commerce.Core.Component, Sitecore.Commerce.Core]], mscorlib","$values":[]}}]},"DateCreated":"2019-05-16T14:09:36.0339273+00:00","DateUpdated":"2017-02-14T22:24:26+00:00","DisplayName":"Women's Shavers","FriendlyId":"Habitat_Master-Women s Shavers","Id":"Entity-Category-Habitat_Master-Women s Shavers","Version":0,"EntityVersion":1,"Published":true,"IsPersisted":false,"Name":"Women s Shavers","UniqueId":"00000000-0000-0000-0000-000000000000","Policies":{"$type":"System.Collections.Generic.List`1[[Sitecore.Commerce.Core.Policy, Sitecore.Commerce.Core]], mscorlib","$values":[]}},{"$type":"Sitecore.Commerce.Plugin.Catalog.Category, Sitecore.Commerce.Plugin.Catalog","Description":"","SitecoreId":"57585cf7-7af6-f5e3-eb7e-a57736343091","ParentCatalogList":"59ddadc1-9b88-727e-9e14-3f6cf321ae0f","ParentCategoryList":"b893c063-6238-ed57-700d-72862c56038d","ChildrenCategoryList":"1499f924-0b9b-cf85-5e08-d27818403af3|55f51d90-4470-e795-16bc-e834bc763f22|aba4b3ff-cd06-a818-5e6f-ad87c177b668","ChildrenSellableItemList":"dc71bef6-9f75-78ce-d4dd-cc1a6a451682|d1a69155-cd4b-8efd-98a7-5d7d10ce5850|83d2a5ea-1683-9b63-bfb8-76fc3f3373e1|61dd5111-af1d-6a54-e336-10d9b9eb40e7|4bdf8a6b-8246-17d8-3878-2388b6e68bc4|a26b1e11-a4a6-2920-b16a-ff37419fa926|c53bccd4-2202-8cf6-b4b0-07066c95aff1|350b58c2-ecb7-0e3a-c85d-77e3549719b4|2253e12e-cb4a-d74f-6d22-19c523d3c484|42d7a53e-4888-aec9-6047-62bc5f897656|7be14296-1a9c-90c2-169a-5fca19867507|d75fc27d-3097-ffee-9141-e7689548e8e2|1298810a-459d-88a3-c786-64e7d36e58cc|8a453e3a-18bb-c899-848c-34ff87d6fdf7|750b803a-6db0-6c25-82a9-119cc3d23a26|94444b0c-e34e-77e0-c1c2-325e10726bcb|d7eabf3c-7eb8-6723-5e25-ae362164cbe8|7a922213-7b93-e0d1-5110-3005a203f2fe|cd5d49a9-7662-aad7-0c14-4e2d6b229dd6|29d71f9a-abf2-df9e-6f0f-9334294872d5|d305118f-41ff-da86-7109-532d48a939a7|c2da116b-7937-0a50-5cdf-281cfb087c6e|5fd13cb3-a5fb-d640-c17a-1b2c91392bea|fbe8ab6e-0fb6-35ac-d8e9-7dffee60d577","IsBundle":false,"Components":{"$type":"System.Collections.Generic.List`1[[Sitecore.Commerce.Core.Component, Sitecore.Commerce.Core]], mscorlib","$values":[{"$type":"Sitecore.Commerce.Plugin.Catalog.CatalogsComponent, Sitecore.Commerce.Plugin.Catalog","Id":"4a5768436bc84d2d88d3c58d0648de59","Name":"","Comments":"","Policies":{"$type":"System.Collections.Generic.List`1[[Sitecore.Commerce.Core.Policy, Sitecore.Commerce.Core]], mscorlib","$values":[]},"ChildComponents":{"$type":"System.Collections.Generic.List`1[[Sitecore.Commerce.Core.Component, Sitecore.Commerce.Core]], mscorlib","$values":[{"$type":"Sitecore.Commerce.Plugin.Catalog.CatalogComponent, Sitecore.Commerce.Plugin.Catalog","ItemDefinition":"","Id":"a31984685c0e4255a12fae516f74189b","Name":"Habitat_Master","Comments":"","Policies":{"$type":"System.Collections.Generic.List`1[[Sitecore.Commerce.Core.Policy, Sitecore.Commerce.Core]], mscorlib","$values":[]},"ChildComponents":{"$type":"System.Collections.Generic.List`1[[Sitecore.Commerce.Core.Component, Sitecore.Commerce.Core]], mscorlib","$values":[]}}]}},{"$type":"Sitecore.Commerce.Core.MessagesComponent, Sitecore.Commerce.Core","Messages":{"$type":"System.Collections.Generic.List`1[[Sitecore.Commerce.Core.MessageModel, Sitecore.Commerce.Core]], mscorlib","$values":[{"$type":"Sitecore.Commerce.Core.MessageModel, Sitecore.Commerce.Core","Code":"MigrationMessage","Text":"Migrated from category with name='Home Theater' in catalog 'Habitat_Master'","Id":"4a2d9e4518d64b27b9869ad0c30e2df6"}]},"Id":"f7bdae86208643529dbb44b46dd99164","Name":"","Comments":"","Policies":{"$type":"System.Collections.Generic.List`1[[Sitecore.Commerce.Core.Policy, Sitecore.Commerce.Core]], mscorlib","$values":[]},"ChildComponents":{"$type":"System.Collections.Generic.List`1[[Sitecore.Commerce.Core.Component, Sitecore.Commerce.Core]], mscorlib","$values":[]}}]},"DateCreated":"2019-05-16T14:09:36.0349298+00:00","DateUpdated":"2017-02-14T22:24:26+00:00","DisplayName":"Home Theater","FriendlyId":"Habitat_Master-Home Theater","Id":"Entity-Category-Habitat_Master-Home Theater","Version":0,"EntityVersion":1,"Published":true,"IsPersisted":false,"Name":"Home Theater","UniqueId":"00000000-0000-0000-0000-000000000000","Policies":{"$type":"System.Collections.Generic.List`1[[Sitecore.Commerce.Core.Policy, Sitecore.Commerce.Core]], mscorlib","$values":[]}},{"$type":"Sitecore.Commerce.Plugin.Catalog.Category, Sitecore.Commerce.Plugin.Catalog","Description":"","SitecoreId":"1499f924-0b9b-cf85-5e08-d27818403af3","ParentCatalogList":"59ddadc1-9b88-727e-9e14-3f6cf321ae0f","ParentCategoryList":"57585cf7-7af6-f5e3-eb7e-a57736343091","ChildrenSellableItemList":"dc71bef6-9f75-78ce-d4dd-cc1a6a451682|d1a69155-cd4b-8efd-98a7-5d7d10ce5850|83d2a5ea-1683-9b63-bfb8-76fc3f3373e1|61dd5111-af1d-6a54-e336-10d9b9eb40e7|4bdf8a6b-8246-17d8-3878-2388b6e68bc4|a26b1e11-a4a6-2920-b16a-ff37419fa926|c53bccd4-2202-8cf6-b4b0-07066c95aff1|350b58c2-ecb7-0e3a-c85d-77e3549719b4|2253e12e-cb4a-d74f-6d22-19c523d3c484","IsBundle":false,"Components":{"$type":"System.Collections.Generic.List`1[[Sitecore.Commerce.Core.Component, Sitecore.Commerce.Core]], mscorlib","$values":[{"$type":"Sitecore.Commerce.Plugin.Catalog.CatalogsComponent, Sitecore.Commerce.Plugin.Catalog","Id":"8242025df5564a79906126d6eaedc2d1","Name":"","Comments":"","Policies":{"$type":"System.Collections.Generic.List`1[[Sitecore.Commerce.Core.Policy, Sitecore.Commerce.Core]], mscorlib","$values":[]},"ChildComponents":{"$type":"System.Collections.Generic.List`1[[Sitecore.Commerce.Core.Component, Sitecore.Commerce.Core]], mscorlib","$values":[{"$type":"Sitecore.Commerce.Plugin.Catalog.CatalogComponent, Sitecore.Commerce.Plugin.Catalog","ItemDefinition":"","Id":"d5c5656251c64a7587f28db73835d83d","Name":"Habitat_Master","Comments":"","Policies":{"$type":"System.Collections.Generic.List`1[[Sitecore.Commerce.Core.Policy, Sitecore.Commerce.Core]], mscorlib","$values":[]},"ChildComponents":{"$type":"System.Collections.Generic.List`1[[Sitecore.Commerce.Core.Component, Sitecore.Commerce.Core]], mscorlib","$values":[]}}]}},{"$type":"Sitecore.Commerce.Core.MessagesComponent, Sitecore.Commerce.Core","Messages":{"$type":"System.Collections.Generic.List`1[[Sitecore.Commerce.Core.MessageModel, Sitecore.Commerce.Core]], mscorlib","$values":[{"$type":"Sitecore.Commerce.Core.MessageModel, Sitecore.Commerce.Core","Code":"MigrationMessage","Text":"Migrated from category with name='Home Theater In a Box' in catalog 'Habitat_Master'","Id":"b11ec6bc88bb44c69519aa046e55a66c"}]},"Id":"9fa1d53bf04b4e7ebcac3298a9ef66ff","Name":"","Comments":"","Policies":{"$type":"System.Collections.Generic.List`1[[Sitecore.Commerce.Core.Policy, Sitecore.Commerce.Core]], mscorlib","$values":[]},"ChildComponents":{"$type":"System.Collections.Generic.List`1[[Sitecore.Commerce.Core.Component, Sitecore.Commerce.Core]], mscorlib","$values":[]}}]},"DateCreated":"2019-05-16T14:09:36.0349298+00:00","DateUpdated":"2017-02-14T22:24:26+00:00","DisplayName":"Home Theater In a Box","FriendlyId":"Habitat_Master-Home Theater In a Box","Id":"Entity-Category-Habitat_Master-Home Theater In a Box","Version":0,"EntityVersion":1,"Published":true,"IsPersisted":false,"Name":"Home Theater In a Box","UniqueId":"00000000-0000-0000-0000-000000000000","Policies":{"$type":"System.Collections.Generic.List`1[[Sitecore.Commerce.Core.Policy, Sitecore.Commerce.Core]], mscorlib","$values":[]}},{"$type":"Sitecore.Commerce.Plugin.Catalog.Category, Sitecore.Commerce.Plugin.Catalog","Description":"","SitecoreId":"55f51d90-4470-e795-16bc-e834bc763f22","ParentCatalogList":"59ddadc1-9b88-727e-9e14-3f6cf321ae0f","ParentCategoryList":"57585cf7-7af6-f5e3-eb7e-a57736343091","ChildrenSellableItemList":"42d7a53e-4888-aec9-6047-62bc5f897656|7be14296-1a9c-90c2-169a-5fca19867507|d75fc27d-3097-ffee-9141-e7689548e8e2|1298810a-459d-88a3-c786-64e7d36e58cc|8a453e3a-18bb-c899-848c-34ff87d6fdf7|750b803a-6db0-6c25-82a9-119cc3d23a26|94444b0c-e34e-77e0-c1c2-325e10726bcb|d7eabf3c-7eb8-6723-5e25-ae362164cbe8","IsBundle":false,"Components":{"$type":"System.Collections.Generic.List`1[[Sitecore.Commerce.Core.Component, Sitecore.Commerce.Core]], mscorlib","$values":[{"$type":"Sitecore.Commerce.Plugin.Catalog.CatalogsComponent, Sitecore.Commerce.Plugin.Catalog","Id":"29cfa244ea7d415b848cc9002503e92a","Name":"","Comments":"","Policies":{"$type":"System.Collections.Generic.List`1[[Sitecore.Commerce.Core.Policy, Sitecore.Commerce.Core]], mscorlib","$values":[]},"ChildComponents":{"$type":"System.Collections.Generic.List`1[[Sitecore.Commerce.Core.Component, Sitecore.Commerce.Core]], mscorlib","$values":[{"$type":"Sitecore.Commerce.Plugin.Catalog.CatalogComponent, Sitecore.Commerce.Plugin.Catalog","ItemDefinition":"","Id":"5ffedcdf0a324554947fa5f6eb767989","Name":"Habitat_Master","Comments":"","Policies":{"$type":"System.Collections.Generic.List`1[[Sitecore.Commerce.Core.Policy, Sitecore.Commerce.Core]], mscorlib","$values":[]},"ChildComponents":{"$type":"System.Collections.Generic.List`1[[Sitecore.Commerce.Core.Component, Sitecore.Commerce.Core]], mscorlib","$values":[]}}]}},{"$type":"Sitecore.Commerce.Core.MessagesComponent, Sitecore.Commerce.Core","Messages":{"$type":"System.Collections.Generic.List`1[[Sitecore.Commerce.Core.MessageModel, Sitecore.Commerce.Core]], mscorlib","$values":[{"$type":"Sitecore.Commerce.Core.MessageModel, Sitecore.Commerce.Core","Code":"MigrationMessage","Text":"Migrated from category with name='Home Theater Speaker Packages' in catalog 'Habitat_Master'","Id":"b4b8a6f5f849494494b8b63011cb6f7f"}]},"Id":"0ba171338ed64ce2b8237c08bd7188da","Name":"","Comments":"","Policies":{"$type":"System.Collections.Generic.List`1[[Sitecore.Commerce.Core.Policy, Sitecore.Commerce.Core]], mscorlib","$values":[]},"ChildComponents":{"$type":"System.Collections.Generic.List`1[[Sitecore.Commerce.Core.Component, Sitecore.Commerce.Core]], mscorlib","$values":[]}}]},"DateCreated":"2019-05-16T14:09:36.0439288+00:00","DateUpdated":"2017-02-14T22:24:26+00:00","DisplayName":"Home Theater Speaker Packages","FriendlyId":"Habitat_Master-Home Theater Speaker Packages","Id":"Entity-Category-Habitat_Master-Home Theater Speaker Packages","Version":0,"EntityVersion":1,"Published":true,"IsPersisted":false,"Name":"Home Theater Speaker Packages","UniqueId":"00000000-0000-0000-0000-000000000000","Policies":{"$type":"System.Collections.Generic.List`1[[Sitecore.Commerce.Core.Policy, Sitecore.Commerce.Core]], mscorlib","$values":[]}},{"$type":"Sitecore.Commerce.Plugin.Catalog.Category, Sitecore.Commerce.Plugin.Catalog","Description":"","SitecoreId":"aba4b3ff-cd06-a818-5e6f-ad87c177b668","ParentCatalogList":"59ddadc1-9b88-727e-9e14-3f6cf321ae0f","ParentCategoryList":"57585cf7-7af6-f5e3-eb7e-a57736343091","ChildrenSellableItemList":"7a922213-7b93-e0d1-5110-3005a203f2fe|cd5d49a9-7662-aad7-0c14-4e2d6b229dd6|29d71f9a-abf2-df9e-6f0f-9334294872d5|d305118f-41ff-da86-7109-532d48a939a7|c2da116b-7937-0a50-5cdf-281cfb087c6e|5fd13cb3-a5fb-d640-c17a-1b2c91392bea|fbe8ab6e-0fb6-35ac-d8e9-7dffee60d577","IsBundle":false,"Components":{"$type":"System.Collections.Generic.List`1[[Sitecore.Commerce.Core.Component, Sitecore.Commerce.Core]], mscorlib","$values":[{"$type":"Sitecore.Commerce.Plugin.Catalog.CatalogsComponent, Sitecore.Commerce.Plugin.Catalog","Id":"728d02492c87454287de65aa625f657a","Name":"","Comments":"","Policies":{"$type":"System.Collections.Generic.List`1[[Sitecore.Commerce.Core.Policy, Sitecore.Commerce.Core]], mscorlib","$values":[]},"ChildComponents":{"$type":"System.Collections.Generic.List`1[[Sitecore.Commerce.Core.Component, Sitecore.Commerce.Core]], mscorlib","$values":[{"$type":"Sitecore.Commerce.Plugin.Catalog.CatalogComponent, Sitecore.Commerce.Plugin.Catalog","ItemDefinition":"","Id":"6fc144d8b9a0459facfe724348773cf5","Name":"Habitat_Master","Comments":"","Policies":{"$type":"System.Collections.Generic.List`1[[Sitecore.Commerce.Core.Policy, Sitecore.Commerce.Core]], mscorlib","$values":[]},"ChildComponents":{"$type":"System.Collections.Generic.List`1[[Sitecore.Commerce.Core.Component, Sitecore.Commerce.Core]], mscorlib","$values":[]}}]}},{"$type":"Sitecore.Commerce.Core.MessagesComponent, Sitecore.Commerce.Core","Messages":{"$type":"System.Collections.Generic.List`1[[Sitecore.Commerce.Core.MessageModel, Sitecore.Commerce.Core]], mscorlib","$values":[{"$type":"Sitecore.Commerce.Core.MessageModel, Sitecore.Commerce.Core","Code":"MigrationMessage","Text":"Migrated from category with name='Home Theater Receivers and Amplifiers' in catalog 'Habitat_Master'","Id":"3927cacc4d384c41a557315fb3f37b70"}]},"Id":"ed2f5ac4fa714d30bad37e411c6a354b","Name":"","Comments":"","Policies":{"$type":"System.Collections.Generic.List`1[[Sitecore.Commerce.Core.Policy, Sitecore.Commerce.Core]], mscorlib","$values":[]},"ChildComponents":{"$type":"System.Collections.Generic.List`1[[Sitecore.Commerce.Core.Component, Sitecore.Commerce.Core]], mscorlib","$values":[]}}]},"DateCreated":"2019-05-16T14:09:36.0479289+00:00","DateUpdated":"2017-02-14T22:24:27+00:00","DisplayName":"Home Theater Receivers and Amplifiers","FriendlyId":"Habitat_Master-Home Theater Receivers and Amplifiers","Id":"Entity-Category-Habitat_Master-Home Theater Receivers and Amplifiers","Version":0,"EntityVersion":1,"Published":true,"IsPersisted":false,"Name":"Home Theater Receivers and Amplifiers","UniqueId":"00000000-0000-0000-0000-000000000000","Policies":{"$type":"System.Collections.Generic.List`1[[Sitecore.Commerce.Core.Policy, Sitecore.Commerce.Core]], mscorlib","$values":[]}},{"$type":"Sitecore.Commerce.Plugin.Catalog.Category, Sitecore.Commerce.Plugin.Catalog","Description":"","SitecoreId":"8e456d84-4251-dba1-4b86-ce103dedcd02","ParentCatalogList":"59ddadc1-9b88-727e-9e14-3f6cf321ae0f","ParentCategoryList":"b893c063-6238-ed57-700d-72862c56038d","ChildrenCategoryList":"c2bfaf91-7825-4846-0ad3-0479cdf7b607|2cfd42ad-7e53-d5e5-66e6-43b47ec243ac|3198ffe4-83d3-a856-6964-62a6a2e9b488|2bb3dc73-126b-2819-a630-c91dd564ed68","ChildrenSellableItemList":"f8ed989e-bbb7-e321-a855-5cf5b7a3ab94|6f1315cf-d2aa-10a7-7e27-988b84656c27|a1c493ab-1fb5-8617-1050-d5977468e021|3883aecd-dd98-7840-4e32-539d8a130b53|306754c9-a39a-eb2b-e8c4-9b391145ceed|b8608a92-c842-110a-efdf-d2d8376ce7cd|b8e0a717-0e21-e245-e56d-80a872eaeff5|18056f53-d667-87e5-3b91-43f7c2f04446|e20f063f-5cd7-f018-b1b6-8f1d08e73ffd|ee848309-5353-220a-38a3-014beee11738|ba349a7d-2b04-b718-6d44-38cb801f261d|4d8ab438-8922-aa3e-3bca-81ffabd68ca0|ac8d258a-2696-c71e-75b4-baa62165073f|7e5e9368-32b0-0763-35ef-71c71e8ff616|bdd26d6c-3c54-33e7-e623-fc654444a5aa|6d8fb7a7-516b-5fd8-2e22-d0ff51191132|528fe976-ce08-4573-e8c5-d377d528fe3b|1bdc1612-167b-a4ea-e186-f6e5c5ffd0ec|4611566c-587e-64df-43f8-4c4033c6441a|af88fbec-fd51-6c74-7dc1-ed5476b8f941|7b679716-0a1a-2beb-af45-f900735b2470|4682a728-f866-5b74-f885-bccbb9ab476c|c6553043-9ec4-2769-629f-a1fcec3d527f|a48b10e7-1c42-55b5-44d2-0801c18b4d09|51e9a9bc-8385-86a6-bdb7-07b107a6a631|c1936d7b-12cb-2245-34f8-e7370d807007|d9b7fc37-4125-79cb-6e9b-2314b3e46554|30feb837-f83f-10d0-514a-dcec9bf8a21a|4a6404a3-139a-2aac-739e-d79779251607|cddca9d9-68f3-7da8-8166-bf7a26a476d2|817becb1-2193-76a6-e7ea-7e0d290bd711|fe67af6f-00e1-2fcc-2c31-a5637fb4032b|8cd98330-4d76-e0d4-ae90-741e151310fe|dabaf6b2-6f8b-5d8d-a9d1-fa1c33bb5ad8|5df5eb62-4226-249b-fe92-4e4bec2eb284|fc1fc8d4-f5f0-78b2-7564-68fe71a81a4d|25aecd4a-390d-9a7c-32fb-9d89b7759d26|bb06dc3f-6d74-abab-a4b3-729c5deb18a9|458cc8a9-7736-b414-a7f0-69347d6f37ff|e0f9dfc9-808c-4ba2-e975-af246f30655f|bf5c0bce-7ae3-f1d4-67fe-b039aff6ad13|7fcf80a8-67a2-c8a8-e0df-8267f1ddebaa|ebdde3ca-86c7-557c-34c1-4cd03e8d55ec|b0ee8c88-f1b7-50e0-4efd-30fbfed75901","IsBundle":false,"Components":{"$type":"System.Collections.Generic.List`1[[Sitecore.Commerce.Core.Component, Sitecore.Commerce.Core]], mscorlib","$values":[{"$type":"Sitecore.Commerce.Plugin.Catalog.CatalogsComponent, Sitecore.Commerce.Plugin.Catalog","Id":"1858189d7f67409c9cf986f3f13025b6","Name":"","Comments":"","Policies":{"$type":"System.Collections.Generic.List`1[[Sitecore.Commerce.Core.Policy, Sitecore.Commerce.Core]], mscorlib","$values":[]},"ChildComponents":{"$type":"System.Collections.Generic.List`1[[Sitecore.Commerce.Core.Component, Sitecore.Commerce.Core]], mscorlib","$values":[{"$type":"Sitecore.Commerce.Plugin.Catalog.CatalogComponent, Sitecore.Commerce.Plugin.Catalog","ItemDefinition":"","Id":"5e35d6bd88904e018b825b3f0f014665","Name":"Habitat_Master","Comments":"","Policies":{"$type":"System.Collections.Generic.List`1[[Sitecore.Commerce.Core.Policy, Sitecore.Commerce.Core]], mscorlib","$values":[]},"ChildComponents":{"$type":"System.Collections.Generic.List`1[[Sitecore.Commerce.Core.Component, Sitecore.Commerce.Core]], mscorlib","$values":[]}}]}},{"$type":"Sitecore.Commerce.Core.MessagesComponent, Sitecore.Commerce.Core","Messages":{"$type":"System.Collections.Generic.List`1[[Sitecore.Commerce.Core.MessageModel, Sitecore.Commerce.Core]], mscorlib","$values":[{"$type":"Sitecore.Commerce.Core.MessageModel, Sitecore.Commerce.Core","Code":"MigrationMessage","Text":"Migrated from category with name='Phones' in catalog 'Habitat_Master'","Id":"ea5d56cd38bb44b28f96e654fc5bd91a"}]},"Id":"dead75ac8a3c43979bd3f68ec66dc914","Name":"","Comments":"","Policies":{"$type":"System.Collections.Generic.List`1[[Sitecore.Commerce.Core.Policy, Sitecore.Commerce.Core]], mscorlib","$values":[]},"ChildComponents":{"$type":"System.Collections.Generic.List`1[[Sitecore.Commerce.Core.Component, Sitecore.Commerce.Core]], mscorlib","$values":[]}}]},"DateCreated":"2019-05-16T14:09:36.0549299+00:00","DateUpdated":"2017-02-14T22:24:27+00:00","DisplayName":"Phones","FriendlyId":"Habitat_Master-Phones","Id":"Entity-Category-Habitat_Master-Phones","Version":0,"EntityVersion":1,"Published":true,"IsPersisted":false,"Name":"Phones","UniqueId":"00000000-0000-0000-0000-000000000000","Policies":{"$type":"System.Collections.Generic.List`1[[Sitecore.Commerce.Core.Policy, Sitecore.Commerce.Core]], mscorlib","$values":[]}},{"$type":"Sitecore.Commerce.Plugin.Catalog.Category, Sitecore.Commerce.Plugin.Catalog","Description":"","SitecoreId":"c2bfaf91-7825-4846-0ad3-0479cdf7b607","ParentCatalogList":"59ddadc1-9b88-727e-9e14-3f6cf321ae0f","ParentCategoryList":"8e456d84-4251-dba1-4b86-ce103dedcd02","ChildrenSellableItemList":"f8ed989e-bbb7-e321-a855-5cf5b7a3ab94|6f1315cf-d2aa-10a7-7e27-988b84656c27|a1c493ab-1fb5-8617-1050-d5977468e021|3883aecd-dd98-7840-4e32-539d8a130b53|306754c9-a39a-eb2b-e8c4-9b391145ceed|b8608a92-c842-110a-efdf-d2d8376ce7cd|b8e0a717-0e21-e245-e56d-80a872eaeff5|18056f53-d667-87e5-3b91-43f7c2f04446|e20f063f-5cd7-f018-b1b6-8f1d08e73ffd|ee848309-5353-220a-38a3-014beee11738","IsBundle":false,"Components":{"$type":"System.Collections.Generic.List`1[[Sitecore.Commerce.Core.Component, Sitecore.Commerce.Core]], mscorlib","$values":[{"$type":"Sitecore.Commerce.Plugin.Catalog.CatalogsComponent, Sitecore.Commerce.Plugin.Catalog","Id":"3883c127a2664254bffa721758790bde","Name":"","Comments":"","Policies":{"$type":"System.Collections.Generic.List`1[[Sitecore.Commerce.Core.Policy, Sitecore.Commerce.Core]], mscorlib","$values":[]},"ChildComponents":{"$type":"System.Collections.Generic.List`1[[Sitecore.Commerce.Core.Component, Sitecore.Commerce.Core]], mscorlib","$values":[{"$type":"Sitecore.Commerce.Plugin.Catalog.CatalogComponent, Sitecore.Commerce.Plugin.Catalog","ItemDefinition":"","Id":"5cf205f53d0e45e9b02f299db412e654","Name":"Habitat_Master","Comments":"","Policies":{"$type":"System.Collections.Generic.List`1[[Sitecore.Commerce.Core.Policy, Sitecore.Commerce.Core]], mscorlib","$values":[]},"ChildComponents":{"$type":"System.Collections.Generic.List`1[[Sitecore.Commerce.Core.Component, Sitecore.Commerce.Core]], mscorlib","$values":[]}}]}},{"$type":"Sitecore.Commerce.Core.MessagesComponent, Sitecore.Commerce.Core","Messages":{"$type":"System.Collections.Generic.List`1[[Sitecore.Commerce.Core.MessageModel, Sitecore.Commerce.Core]], mscorlib","$values":[{"$type":"Sitecore.Commerce.Core.MessageModel, Sitecore.Commerce.Core","Code":"MigrationMessage","Text":"Migrated from category with name='Smartphones' in catalog 'Habitat_Master'","Id":"aa8df26f736f46dc90eb34c66fa72fd9"}]},"Id":"a1ab3fb4706942f0a0c9737b11c4550e","Name":"","Comments":"","Policies":{"$type":"System.Collections.Generic.List`1[[Sitecore.Commerce.Core.Policy, Sitecore.Commerce.Core]], mscorlib","$values":[]},"ChildComponents":{"$type":"System.Collections.Generic.List`1[[Sitecore.Commerce.Core.Component, Sitecore.Commerce.Core]], mscorlib","$values":[]}}]},"DateCreated":"2019-05-16T14:09:36.0559302+00:00","DateUpdated":"2017-02-14T22:24:27+00:00","DisplayName":"Smartphones","FriendlyId":"Habitat_Master-Smartphones","Id":"Entity-Category-Habitat_Master-Smartphones","Version":0,"EntityVersion":1,"Published":true,"IsPersisted":false,"Name":"Smartphones","UniqueId":"00000000-0000-0000-0000-000000000000","Policies":{"$type":"System.Collections.Generic.List`1[[Sitecore.Commerce.Core.Policy, Sitecore.Commerce.Core]], mscorlib","$values":[]}}]}