{"$type":"System.Collections.Generic.List`1[[Sitecore.Commerce.Plugin.Catalog.RelationshipArgument, Sitecore.Commerce.Plugin.Catalog]], mscorlib","$values":[{"$type":"Sitecore.Commerce.Plugin.Catalog.RelationshipArgument, Sitecore.Commerce.Plugin.Catalog","SourceName":"Entity-Catalog-Adventure Works Catalog","TargetName":"Entity-SellableItem-AW099 15","RelationshipType":"CatalogToSellableItem"},{"$type":"Sitecore.Commerce.Plugin.Catalog.RelationshipArgument, Sitecore.Commerce.Plugin.Catalog","SourceName":"Entity-Catalog-Adventure Works Catalog","TargetName":"Entity-SellableItem-AW013 08","RelationshipType":"CatalogToSellableItem"}]}