{"$type":"System.Collections.Generic.List`1[[Sitecore.Commerce.Plugin.Catalog.RelationshipArgument, Sitecore.Commerce.Plugin.Catalog]], mscorlib","$values":[{"$type":"Sitecore.Commerce.Plugin.Catalog.RelationshipArgument, Sitecore.Commerce.Plugin.Catalog","SourceName":"Entity-Category-Adventure Works Catalog-Departments","TargetName":"Entity-Category-Adventure Works Catalog-SleepingBags","RelationshipType":"CategoryToCategory"},{"$type":"Sitecore.Commerce.Plugin.Catalog.RelationshipArgument, Sitecore.Commerce.Plugin.Catalog","SourceName":"Entity-Category-Adventure Works Catalog-Departments","TargetName":"Entity-Category-Adventure Works Catalog-Boots","RelationshipType":"CategoryToCategory"},{"$type":"Sitecore.Commerce.Plugin.Catalog.RelationshipArgument, Sitecore.Commerce.Plugin.Catalog","SourceName":"Entity-Category-Adventure Works Catalog-Departments","TargetName":"Entity-Category-Adventure Works Catalog-Tents","RelationshipType":"CategoryToCategory"},{"$type":"Sitecore.Commerce.Plugin.Catalog.RelationshipArgument, Sitecore.Commerce.Plugin.Catalog","SourceName":"Entity-Category-Adventure Works Catalog-Departments","TargetName":"Entity-Category-Adventure Works Catalog-Parkas","RelationshipType":"CategoryToCategory"},{"$type":"Sitecore.Commerce.Plugin.Catalog.RelationshipArgument, Sitecore.Commerce.Plugin.Catalog","SourceName":"Entity-Category-Adventure Works Catalog-Departments","TargetName":"Entity-Category-Adventure Works Catalog-Pants","RelationshipType":"CategoryToCategory"},{"$type":"Sitecore.Commerce.Plugin.Catalog.RelationshipArgument, Sitecore.Commerce.Plugin.Catalog","SourceName":"Entity-Category-Adventure Works Catalog-Departments","TargetName":"Entity-Category-Adventure Works Catalog-Harnesses","RelationshipType":"CategoryToCategory"},{"$type":"Sitecore.Commerce.Plugin.Catalog.RelationshipArgument, Sitecore.Commerce.Plugin.Catalog","SourceName":"Entity-Category-Adventure Works Catalog-Departments","TargetName":"Entity-Category-Adventure Works Catalog-Crampons","RelationshipType":"CategoryToCategory"},{"$type":"Sitecore.Commerce.Plugin.Catalog.RelationshipArgument, Sitecore.Commerce.Plugin.Catalog","SourceName":"Entity-Category-Adventure Works Catalog-Departments","TargetName":"Entity-Category-Adventure Works Catalog-Carabiners","RelationshipType":"CategoryToCategory"},{"$type":"Sitecore.Commerce.Plugin.Catalog.RelationshipArgument, Sitecore.Commerce.Plugin.Catalog","SourceName":"Entity-Category-Adventure Works Catalog-Departments","TargetName":"Entity-Category-Adventure Works Catalog-Rockshoes","RelationshipType":"CategoryToCategory"},{"$type":"Sitecore.Commerce.Plugin.Catalog.RelationshipArgument, Sitecore.Commerce.Plugin.Catalog","SourceName":"Entity-Category-Adventure Works Catalog-Departments","TargetName":"Entity-Category-Adventure Works Catalog-Backpacks","RelationshipType":"CategoryToCategory"}]}