{"$type":"System.Collections.Generic.List`1[[Sitecore.Commerce.Plugin.Catalog.RelationshipArgument, Sitecore.Commerce.Plugin.Catalog]], mscorlib","$values":[{"$type":"Sitecore.Commerce.Plugin.Catalog.RelationshipArgument, Sitecore.Commerce.Plugin.Catalog","SourceName":"Entity-Category-Adventure Works Catalog-SleepingBags","TargetName":"Entity-Category-Adventure Works Catalog-Tents","RelationshipType":"CrossSellCategoryToCategory"},{"$type":"Sitecore.Commerce.Plugin.Catalog.RelationshipArgument, Sitecore.Commerce.Plugin.Catalog","SourceName":"Entity-Category-Adventure Works Catalog-SleepingBags","TargetName":"Entity-Category-Adventure Works Catalog-Supplies","RelationshipType":"CrossSellCategoryToCategory"}]}