{"$type":"System.Collections.Generic.List`1[[Sitecore.Commerce.Plugin.Catalog.RelationshipArgument, Sitecore.Commerce.Plugin.Catalog]], mscorlib","$values":[{"$type":"Sitecore.Commerce.Plugin.Catalog.RelationshipArgument, Sitecore.Commerce.Plugin.Catalog","SourceName":"Entity-SellableItem-AW390 12","TargetName":"Entity-SellableItem-AW535 11","RelationshipType":"CrossSellSellableItemToSellableItem"},{"$type":"Sitecore.Commerce.Plugin.Catalog.RelationshipArgument, Sitecore.Commerce.Plugin.Catalog","SourceName":"Entity-SellableItem-AW390 12","TargetName":"Entity-SellableItem-AW475 14","RelationshipType":"CrossSellSellableItemToSellableItem"}]}